Trade_Date,Asset_ID,Asset_Name,Price,Holding_Weight_Pct,Daily_Contribution_Pct
2025-08-01,CN_ETF:510300.SH,沪深300ETF (510300),4.133,27.14088505828943,-0.11824277042405665
2025-08-01,CN_ETF:518880.SH,黄金ETF (518880),7.352,12.069912106735051,0.004311883256349519
2025-08-01,CN_INDEX:CBA21801.CS,中债30年国债指数 (CBA21801),255.8739,60.75497855310898,0.023156726105207633
2025-08-04,CN_ETF:510300.SH,沪深300ETF (510300),4.152,27.15362481486473,0.12477058216973343
2025-08-04,CN_ETF:518880.SH,黄金ETF (518880),7.446,12.174005923138411,0.1543215095257193
2025-08-04,CN_INDEX:CBA21801.CS,中债30年国债指数 (CBA21801),256.4361,60.63828560299312,0.13348938263167734
2025-08-05,CN_ETF:510300.SH,沪深300ETF (510300),4.183,27.309459446793362,0.2027366014597269
2025-08-05,CN_ETF:518880.SH,黄金ETF (518880),7.455,12.16782334304593,0.014714753331754784
2025-08-05,CN_INDEX:CBA21801.CS,中债30年国债指数 (CBA21801),256.2428,60.48869198695229,-0.04570877737986422
2025-08-06,CN_ETF:510300.SH,沪深300ETF (510300),4.194,27.351154606036822,0.07181545635064324
2025-08-06,CN_ETF:518880.SH,黄金ETF (518880),7.468,12.17563320206741,0.02121820301268931
2025-08-06,CN_INDEX:CBA21801.CS,中债30年国债指数 (CBA21801),256.3152,60.43922439754469,0.017090748695594776
2025-08-07,CN_ETF:510300.SH,沪深300ETF (510300),4.193,27.324268453049648,-0.00652149609109411
2025-08-07,CN_ETF:518880.SH,黄金ETF (518880),7.484,12.19263207146575,0.02608598436436569
2025-08-07,CN_INDEX:CBA21801.CS,中债30年国债指数 (CBA21801),256.5483,60.44913699322193,0.05496507115873636
2025-08-08,CN_ETF:510300.SH,沪深300ETF (510300),4.183,27.28548900176129,-0.0651663926855445
2025-08-08,CN_ETF:518880.SH,黄金ETF (518880),7.508,12.24357228216733,0.039099835611327224
2025-08-08,CN_INDEX:CBA21801.CS,中债30年国债指数 (CBA21801),256.2485,60.43694335796316,-0.07064030933188026
2025-08-11,CN_ETF:510300.SH,沪深300ETF (510300),4.202,27.528190458261392,0.12393600072518945
2025-08-11,CN_ETF:518880.SH,黄金ETF (518880),7.429,12.167237441362671,-0.12882821128013056
2025-08-11,CN_INDEX:CBA21801.CS,中债30年国债指数 (CBA21801),254.44,60.270429439863534,-0.426539909747278
2025-08-12,CN_ETF:510300.SH,沪深300ETF (510300),4.228,27.73774368408294,0.17033149736192202
2025-08-12,CN_ETF:518880.SH,黄金ETF (518880),7.399,12.13526286178628,-0.04913408577747739
2025-08-12,CN_INDEX:CBA21801.CS,中债30年国债指数 (CBA21801),253.3314,60.09280244684515,-0.2625994264936033
2025-08-13,CN_ETF:510300.SH,沪深300ETF (510300),4.263,27.89495015308875,0.2296170834775074
2025-08-13,CN_ETF:518880.SH,黄金ETF (518880),7.415,12.13001732261043,0.02624195239742832
2025-08-13,CN_INDEX:CBA21801.CS,中债30年国债指数 (CBA21801),253.3471,59.940930041344245,0.0037242007837010966
2025-08-14,CN_ETF:510300.SH,沪深300ETF (510300),4.256,27.90263686510009,-0.04580451585071729
2025-08-14,CN_ETF:518880.SH,黄金ETF (518880),7.424,12.16806720432936,0.014722880094875001
2025-08-14,CN_INDEX:CBA21801.CS,中债30年国债指数 (CBA21801),252.6682,59.89512794529265,-0.16062507684148986
2025-08-15,CN_ETF:510300.SH,沪深300ETF (510300),4.295,28.16004651291326,0.25568675698752097
2025-08-15,CN_ETF:518880.SH,黄金ETF (518880),7.401,12.131112004777119,-0.03769740647893032
2025-08-15,CN_INDEX:CBA21801.CS,中债30年国债指数 (CBA21801),251.7228,59.674671406434655,-0.22410756066445894
2025-08-18,CN_ETF:510300.SH,沪深300ETF (510300),4.327,28.524253397197867,0.20980709858282612
2025-08-18,CN_ETF:518880.SH,黄金ETF (518880),7.413,12.21691070218557,0.019669415492140872
2025-08-18,CN_INDEX:CBA21801.CS,中债30年国债指数 (CBA21801),248.4715,59.224479857888724,-0.770769509729519
2025-08-19,CN_ETF:510300.SH,沪深300ETF (510300),4.305,28.377153780940827,-0.14502740345236095
2025-08-19,CN_ETF:518880.SH,黄金ETF (518880),7.391,12.17976443640729,-0.0362568508630895
2025-08-19,CN_INDEX:CBA21801.CS,中债30年国债指数 (CBA21801),249.2627,59.40872824855593,0.1885866526485428
2025-08-20,CN_ETF:510300.SH,沪深300ETF (510300),4.364,28.69233611839153,0.3889087277759621
2025-08-20,CN_ETF:518880.SH,黄金ETF (518880),7.374,12.12060532407305,-0.02801461174657388
2025-08-20,CN_INDEX:CBA21801.CS,中债30年国债指数 (CBA21801),248.8266,59.15279307031983,-0.10393912281778946
2025-08-21,CN_ETF:510300.SH,沪深300ETF (510300),4.378,28.66373995938978,0.09204690780418773
2025-08-21,CN_ETF:518880.SH,黄金ETF (518880),7.394,12.10254072976976,0.03287389564435463
2025-08-21,CN_INDEX:CBA21801.CS,中债30年国债指数 (CBA21801),250.0716,59.199597439468896,0.2959700746324841
2025-08-22,CN_ETF:510300.SH,沪深300ETF (510300),4.479,29.16745405028421,0.6612694691407879
2025-08-22,CN_ETF:518880.SH,黄金ETF (518880),7.378,12.011468853706,-0.026188889866961777
2025-08-22,CN_INDEX:CBA21801.CS,中债30年国债指数 (CBA21801),249.6707,58.78713855226386,-0.09490529357784366
2025-08-25,CN_ETF:510300.SH,沪深300ETF (510300),4.565,29.44054644363867,0.5600359563126689
2025-08-25,CN_ETF:518880.SH,黄金ETF (518880),7.427,11.97453113017001,0.07977256354453646
2025-08-25,CN_INDEX:CBA21801.CS,中债30年国债指数 (CBA21801),251.0928,58.55131147305808,0.3348458178519701
2025-08-26,CN_ETF:510300.SH,沪深300ETF (510300),4.541,29.259671682735988,-0.1547805289479376
2025-08-26,CN_ETF:518880.SH,黄金ETF (518880),7.449,11.99930050455298,0.0354705378839016
2025-08-26,CN_INDEX:CBA21801.CS,中债30年国债指数 (CBA21801),251.9869,58.70744680764231,0.2084915520797917
2025-08-27,CN_ETF:510300.SH,沪深300ETF (510300),4.475,28.97409842567059,-0.4252671946841227
2025-08-27,CN_ETF:518880.SH,黄金ETF (518880),7.45,12.05905213805843,0.0016108605859248748
2025-08-27,CN_INDEX:CBA21801.CS,中债30年国债指数 (CBA21801),251.7359,58.933105741425564,-0.0584775206517441
2025-08-28,CN_ETF:510300.SH,沪深300ETF (510300),4.559,29.456070298841407,0.5438713447500211
2025-08-28,CN_ETF:518880.SH,黄金ETF (518880),7.468,12.0628390541647,0.02913596489732293
2025-08-28,CN_INDEX:CBA21801.CS,中债30年国债指数 (CBA21801),250.1859,58.4474177130069,-0.36286566158902467
2025-08-29,CN_ETF:510300.SH,沪深300ETF (510300),4.601,29.63730628299309,0.2713654206078802
2025-08-29,CN_ETF:518880.SH,黄金ETF (518880),7.486,12.05525292515139,0.029074866493702396
2025-08-29,CN_INDEX:CBA21801.CS,中债30年国债指数 (CBA21801),250.2016,58.273869949505105,0.00366777047824805
2025-09-01,CN_ETF:510300.SH,沪深300ETF (510300),4.616,29.59194670648795,0.09662238518688855
2025-09-01,CN_ETF:518880.SH,黄金ETF (518880),7.647,12.255720129143919,0.259270066918164
2025-09-01,CN_INDEX:CBA21801.CS,中债30年国债指数 (CBA21801),250.7336,58.118922625558675,0.12390687674713964
2025-09-02,CN_ETF:510300.SH,沪深300ETF (510300),4.59,29.46582110599309,-0.1666790759030936
2025-09-02,CN_ETF:518880.SH,黄金ETF (518880),7.67,12.30952330517249,0.03686171870933818
2025-09-02,CN_INDEX:CBA21801.CS,中债30年国债指数 (CBA21801),250.6999,58.19119900410685,-0.007811508678856236
2025-09-03,CN_ETF:510300.SH,沪深300ETF (510300),4.549,29.13784218655054,-0.2632023236047293
2025-09-03,CN_ETF:518880.SH,黄金ETF (518880),7.768,12.439149159437491,0.15727943727599794
2025-09-03,CN_INDEX:CBA21801.CS,中债30年国债指数 (CBA21801),252.114,58.38962628193236,0.32823377477097404
2025-09-04,CN_ETF:510300.SH,沪深300ETF (510300),4.456,28.73887196614523,-0.5956956085621464
2025-09-04,CN_ETF:518880.SH,黄金ETF (518880),7.75,12.49586275457953,-0.028823981059457777
2025-09-04,CN_INDEX:CBA21801.CS,中债30年国债指数 (CBA21801),251.8549,58.73165282078334,-0.0600075845436946
2025-09-05,CN_ETF:510300.SH,沪深300ETF (510300),4.554,29.262697839708178,0.6320487999735703
2025-09-05,CN_ETF:518880.SH,黄金ETF (518880),7.775,12.48998000130276,0.04030923469219144
2025-09-05,CN_INDEX:CBA21801.CS,中债30年国债指数 (CBA21801),250.5576,58.213833552202445,-0.3025256733317532
2025-09-08,CN_ETF:510300.SH,沪深300ETF (510300),4.555,29.328325449367632,0.006425713183947048
2025-09-08,CN_ETF:518880.SH,黄金ETF (518880),7.847,12.63113994518045,0.11566283731110091
2025-09-08,CN_INDEX:CBA21801.CS,中债30年国债指数 (CBA21801),249.1633,58.00697826212961,-0.32394765962731303
2025-09-09,CN_ETF:510300.SH,沪深300ETF (510300),4.528,29.217176956148773,-0.17384517829482635
2025-09-09,CN_ETF:518880.SH,黄金ETF (518880),7.966,12.85026676417188,0.1915516316396663
2025-09-09,CN_INDEX:CBA21801.CS,中债30年国债指数 (CBA21801),248.1655,57.89892777346919,-0.2322948961984017
2025-09-10,CN_ETF:510300.SH,沪深300ETF (510300),4.538,29.3894157494614,0.06452556748266766
2025-09-10,CN_ETF:518880.SH,黄金ETF (518880),7.947,12.86677429269335,-0.030649644554264534
2025-09-10,CN_INDEX:CBA21801.CS,中债30年国债指数 (CBA21801),246.4494,57.710057748620194,-0.400379383725985
2025-09-11,CN_ETF:510300.SH,沪深300ETF (510300),4.66,29.97118761701662,0.7901076953358968
2025-09-11,CN_ETF:518880.SH,黄金ETF (518880),7.923,12.73936263356344,-0.038857755508322434
2025-09-11,CN_INDEX:CBA21801.CS,中债30年国债指数 (CBA21801),246.2097,57.255930539051256,-0.0561295780892336
2025-09-12,CN_ETF:510300.SH,沪深300ETF (510300),4.621,29.72725339982959,-0.25083182769605994
2025-09-12,CN_ETF:518880.SH,黄金ETF (518880),7.954,12.792175586574581,0.04984478627293353
2025-09-12,CN_INDEX:CBA21801.CS,中债30年国债指数 (CBA21801),246.9742,57.44704402396437,0.17778405520621324
2025-09-15,CN_ETF:510300.SH,沪深300ETF (510300),4.629,29.77485845677148,0.051464623933909444
2025-09-15,CN_ETF:518880.SH,黄金ETF (518880),7.931,12.753532211096049,-0.03699019845250285
2025-09-15,CN_INDEX:CBA21801.CS,中债30年国债指数 (CBA21801),246.9677,57.438086687874836,-0.00151192224189637
2025-09-16,CN_ETF:510300.SH,沪深300ETF (510300),4.62,29.6405304332998,-0.05789019790687519
2025-09-16,CN_ETF:518880.SH,黄金ETF (518880),8.032,12.882724049797831,0.16241416634985584
2025-09-16,CN_INDEX:CBA21801.CS,中债30年国债指数 (CBA21801),247.6271,57.44330909940961,0.15335881721368344
2025-09-17,CN_ETF:510300.SH,沪深300ETF (510300),4.653,29.7485820920617,0.21171807452356922
2025-09-17,CN_ETF:518880.SH,黄金ETF (518880),7.964,12.72929872024389,-0.10906688687577835
2025-09-17,CN_INDEX:CBA21801.CS,中债30年国债指数 (CBA21801),248.6868,57.488798883182426,0.24582396132186082
2025-09-18,CN_ETF:510300.SH,沪深300ETF (510300),4.594,29.581691940774117,-0.3772117651905472
2025-09-18,CN_ETF:518880.SH,黄金ETF (518880),7.862,12.65625065511352,-0.1630322035993074
2025-09-18,CN_INDEX:CBA21801.CS,中债30年国债指数 (CBA21801),247.9482,57.728498500578866,-0.17074177984162223
2025-09-19,CN_ETF:510300.SH,沪深300ETF (510300),4.604,29.73092949415625,0.06439201554369278
2025-09-19,CN_ETF:518880.SH,黄金ETF (518880),7.898,12.75059085278269,0.05795281398932739
2025-09-19,CN_INDEX:CBA21801.CS,中债30年国债指数 (CBA21801),246.197,57.484824705705236,-0.4077228492653451
2025-09-22,CN_ETF:510300.SH,沪深300ETF (510300),4.619,29.69884949130956,0.0968644531738326
2025-09-22,CN_ETF:518880.SH,黄金ETF (518880),8.048,12.9365847968207,0.2421611329345932
2025-09-22,CN_INDEX:CBA21801.CS,中债30年国债指数 (CBA21801),246.6045,57.331056253613355,0.09514765032707274
2025-09-23,CN_ETF:510300.SH,沪深300ETF (510300),4.622,29.75170408721553,0.019289142341185308
2025-09-23,CN_ETF:518880.SH,黄金ETF (518880),8.143,13.104074339149498,0.15270571020104198
2025-09-23,CN_INDEX:CBA21801.CS,中债30年国债指数 (CBA21801),245.3794,57.110674267780546,-0.28481344426521665
2025-09-24,CN_ETF:510300.SH,沪深300ETF (510300),4.663,30.00245742034619,0.2639160250055937
2025-09-24,CN_ETF:518880.SH,黄金ETF (518880),8.19,13.17392913749921,0.07563447058086896
2025-09-24,CN_INDEX:CBA21801.CS,中债30年国债指数 (CBA21801),244.109,56.7900808477354,-0.29567844973860036
2025-09-25,CN_ETF:510300.SH,沪深300ETF (510300),4.695,30.14181841749336,0.20589290959705883
2025-09-25,CN_ETF:518880.SH,黄金ETF (518880),8.146,13.074294612827519,-0.07077568767398672
2025-09-25,CN_INDEX:CBA21801.CS,中债30年国债指数 (CBA21801),244.477,56.75042822860217,0.08561236886786376
2025-09-26,CN_ETF:510300.SH,沪深300ETF (510300),4.651,29.926738092750632,-0.2824792354355096
2025-09-26,CN_ETF:518880.SH,黄金ETF (518880),8.16,13.12632674891664,0.022469939182369583
2025-09-26,CN_INDEX:CBA21801.CS,中债30年国债指数 (CBA21801),244.6269,56.91340089372569,0.03479627609741333
2025-09-28,CN_ETF:510300.SH,沪深300ETF (510300),4.651,29.92808192951794,0.0
2025-09-28,CN_ETF:518880.SH,黄金ETF (518880),8.16,13.12691617635274,0.0
2025-09-28,CN_INDEX:CBA21801.CS,中债30年国债指数 (CBA21801),244.6076,56.911466123692335,-0.004490220156697255
2025-09-29,CN_ETF:510300.SH,沪深300ETF (510300),4.728,30.29130952675809,0.49547673802899866
2025-09-29,CN_ETF:518880.SH,黄金ETF (518880),8.259,13.22842245037516,0.15926038008075105
2025-09-29,CN_INDEX:CBA21801.CS,中债30年国债指数 (CBA21801),243.67,56.4468780301435,-0.21814608637496896
2025-09-30,CN_ETF:510300.SH,沪深300ETF (510300),4.741,30.273444943780483,0.0832882876158722
2025-09-30,CN_ETF:518880.SH,黄金ETF (518880),8.339,13.3120785375546,0.1281358271013459
2025-09-30,CN_INDEX:CBA21801.CS,中债30年国债指数 (CBA21801),244.1997,56.38119772061931,0.12270657566613422
2025-10-09,CN_ETF:510300.SH,沪深300ETF (510300),4.816,29.82145248669247,0.4789091691169642
2025-10-09,CN_ETF:518880.SH,黄金ETF (518880),8.729,9.43349602541893,0.6225819198520542
2025-10-09,CN_INDEX:CBA21801.CS,中债30年国债指数 (CBA21801),244.756,60.69424179311037,0.12843938912284245
2025-10-10,CN_ETF:510300.SH,沪深300ETF (510300),4.719,29.49130051027597,-0.6006397199354546
2025-10-10,CN_ETF:518880.SH,黄金ETF (518880),8.602,9.38229855482611,-0.13724985625251346
2025-10-10,CN_INDEX:CBA21801.CS,中债30年国债指数 (CBA21801),244.033,61.075120910981354,-0.17928850290256226
2025-10-11,CN_ETF:510300.SH,沪深300ETF (510300),4.719,29.326035974771518,0.0
2025-10-11,CN_ETF:518880.SH,黄金ETF (518880),8.602,9.32972165296696,0.0
2025-10-11,CN_INDEX:CBA21801.CS,中债30年国债指数 (CBA21801),246.2847,61.293249713404705,0.5635420199532675
2025-10-13,CN_ETF:510300.SH,沪深300ETF (510300),4.692,29.24224181864494,-0.16779041562170605
2025-10-13,CN_ETF:518880.SH,黄金ETF (518880),8.859,9.63614276210902,0.27874197451900806
2025-10-13,CN_INDEX:CBA21801.CS,中债30年国债指数 (CBA21801),244.6847,61.070475865659326,-0.3981944454586361
2025-10-14,CN_ETF:510300.SH,沪深300ETF (510300),4.645,28.973764932390488,-0.2929210071347692
2025-10-14,CN_ETF:518880.SH,黄金ETF (518880),8.976,9.77165040439717,0.12726365313994456
2025-10-14,CN_INDEX:CBA21801.CS,中债30年国债指数 (CBA21801),245.0104,61.20340192859772,0.0812909593016825
2025-10-15,CN_ETF:510300.SH,沪深300ETF (510300),4.706,29.18349464070901,0.38049508307337687
2025-10-15,CN_ETF:518880.SH,黄金ETF (518880),9.187,9.94317201923594,0.22970345758999522
2025-10-15,CN_INDEX:CBA21801.CS,中债30年国债指数 (CBA21801),244.9101,60.822448355710854,-0.025054859766926355
2025-10-16,CN_ETF:510300.SH,沪深300ETF (510300),4.721,29.16734878838979,0.09302006366566871
2025-10-16,CN_ETF:518880.SH,黄金ETF (518880),9.244,9.96755761230969,0.061691608261287695
2025-10-16,CN_INDEX:CBA21801.CS,中债30年国债指数 (CBA21801),245.7942,60.814398354274054,0.21956271542612033
2025-10-17,CN_ETF:510300.SH,沪深300ETF (510300),4.624,28.51374865112743,-0.5992867681579804
2025-10-17,CN_ETF:518880.SH,黄金ETF (518880),9.568,10.29730369287141,0.34936052211037777
2025-10-17,CN_INDEX:CBA21801.CS,中债30年国债指数 (CBA21801),247.5742,61.13834879236568,0.440407581100811
2025-10-20,CN_ETF:510300.SH,沪深300ETF (510300),4.64,28.727943102177388,0.09866349014231096
2025-10-20,CN_ETF:518880.SH,黄金ETF (518880),9.268,10.014711427320119,-0.3228669636142775
2025-10-20,CN_INDEX:CBA21801.CS,中债30年国债指数 (CBA21801),246.8536,61.20654229919425,-0.1779518792336914
2025-10-21,CN_ETF:510300.SH,沪深300ETF (510300),4.71,28.916368860392488,0.4333956933518169
2025-10-21,CN_ETF:518880.SH,黄金ETF (518880),9.49,10.16845390973602,0.23988626854392217
2025-10-21,CN_INDEX:CBA21801.CS,中债30年国债指数 (CBA21801),247.5549,60.864800830793,0.17388504001734476
2025-10-22,CN_ETF:510300.SH,沪深300ETF (510300),4.695,28.968522926903116,-0.09209034668914481
2025-10-22,CN_ETF:518880.SH,黄金ETF (518880),9.101,9.800443571881539,-0.4168101760682091
2025-10-22,CN_INDEX:CBA21801.CS,中债30年国债指数 (CBA21801),247.5995,61.18040500513741,0.010965527715483014
2025-10-23,CN_ETF:510300.SH,沪深300ETF (510300),4.713,29.12579823396333,0.11106142975170154
2025-10-23,CN_ETF:518880.SH,黄金ETF (518880),8.994,9.70061220139982,-0.11522332295256939
2025-10-23,CN_INDEX:CBA21801.CS,中债30年国债指数 (CBA21801),246.9742,61.1228806087051,-0.15450801495848077
2025-10-24,CN_ETF:510300.SH,沪深300ETF (510300),4.77,29.43099357986459,0.35225344776912443
2025-10-24,CN_ETF:518880.SH,黄金ETF (518880),8.95,9.63774526716918,-0.047456853108917174
2025-10-24,CN_INDEX:CBA21801.CS,中债30年国债指数 (CBA21801),246.3887,60.88063314767667,-0.14490358343663795
2025-10-27,CN_ETF:510300.SH,沪深300ETF (510300),4.826,29.65324686257019,0.34552109863153607
2025-10-27,CN_ETF:518880.SH,黄金ETF (518880),8.914,9.559241386787729,-0.03876634967799825
2025-10-27,CN_INDEX:CBA21801.CS,中债30年国债指数 (CBA21801),246.8296,60.737093333469325,0.10894278493620536
2025-10-28,CN_ETF:510300.SH,沪深300ETF (510300),4.802,29.54905709335094,-0.14746745227967034
2025-10-28,CN_ETF:518880.SH,黄金ETF (518880),8.597,9.23281771526693,-0.33994609822882077
2025-10-28,CN_INDEX:CBA21801.CS,中债30年国债指数 (CBA21801),248.2152,61.1676328228574,0.34095309688488373
2025-10-29,CN_ETF:510300.SH,沪深300ETF (510300),4.862,29.806007810957208,0.3692093764267148
2025-10-29,CN_ETF:518880.SH,黄金ETF (518880),8.692,9.29981773945333,0.1020260187216892
2025-10-29,CN_INDEX:CBA21801.CS,中债30年国债指数 (CBA21801),247.8313,60.843871537414984,-0.0946044168153091
2025-10-30,CN_ETF:510300.SH,沪深300ETF (510300),4.823,29.59852857760467,-0.2390856241520608
2025-10-30,CN_ETF:518880.SH,黄金ETF (518880),8.704,9.32261190615763,0.012839140919631386
2025-10-30,CN_INDEX:CBA21801.CS,中债30年国债指数 (CBA21801),248.3179,61.028502831354295,0.11946282769814934
2025-10-31,CN_ETF:510300.SH,沪深300ETF (510300),4.756,29.17947856920362,-0.41117591015955074
2025-10-31,CN_ETF:518880.SH,黄金ETF (518880),8.794,9.41646735988933,0.09639649259583873
2025-10-31,CN_INDEX:CBA21801.CS,中债30年国债指数 (CBA21801),249.7085,61.353710971136636,0.3417644722240356
2025-11-03,CN_ETF:510300.SH,沪深300ETF (510300),4.763,29.20463241719384,0.042947087885703616
2025-11-03,CN_ETF:518880.SH,黄金ETF (518880),8.797,9.41394416159944,0.003212349565576089
2025-11-03,CN_INDEX:CBA21801.CS,中债30年国债指数 (CBA21801),249.7686,61.331110974841394,0.014766650031398942
2025-11-04,CN_ETF:510300.SH,沪深300ETF (510300),4.729,29.07939482833652,-0.2084731266396354
2025-11-04,CN_ETF:518880.SH,黄金ETF (518880),8.737,9.37657537271185,-0.06420787196725873
2025-11-04,CN_INDEX:CBA21801.CS,中债30年国债指数 (CBA21801),249.7134,61.49357292713022,-0.013554455307075261
2025-11-05,CN_ETF:510300.SH,沪深300ETF (510300),4.735,29.10871134645373,0.03689498180800102
2025-11-05,CN_ETF:518880.SH,黄金ETF (518880),8.706,9.34087417698628,-0.03326929570265192
2025-11-05,CN_INDEX:CBA21801.CS,中债30年国债指数 (CBA21801),249.8044,61.499970737784494,0.022409350625029384
2025-11-06,CN_ETF:510300.SH,沪深300ETF (510300),4.805,29.478819479034314,0.4303294180045901
2025-11-06,CN_ETF:518880.SH,黄金ETF (518880),8.755,9.374297005812519,0.052573263803392736
2025-11-06,CN_INDEX:CBA21801.CS,中债30年国债指数 (CBA21801),248.6727,61.09654261610138,-0.2786160567385942
2025-11-07,CN_ETF:510300.SH,沪深300ETF (510300),4.795,29.417107726403792,-0.06135030068477426
2025-11-07,CN_ETF:518880.SH,黄金ETF (518880),8.793,9.41486930648664,0.04068798243527895
2025-11-07,CN_INDEX:CBA21801.CS,中债30年国债指数 (CBA21801),248.7618,61.11768268659555,0.02189103165363778
2025-11-10,CN_ETF:510300.SH,沪深300ETF (510300),4.807,29.40780791480867,0.07361945624960403
2025-11-10,CN_ETF:518880.SH,黄金ETF (518880),8.936,9.54108036873213,0.1531134209971102
2025-11-10,CN_INDEX:CBA21801.CS,中债30年国债指数 (CBA21801),248.9866,61.0009129780366,0.05523056622016635
2025-11-11,CN_ETF:510300.SH,沪深300ETF (510300),4.763,29.16801265498632,-0.2691790198151847
2025-11-11,CN_ETF:518880.SH,黄金ETF (518880),9.062,9.68536917348446,0.13453179570951773
2025-11-11,CN_INDEX:CBA21801.CS,中债30年国债指数 (CBA21801),249.125,61.09636881206721,0.03390755308181659
2025-11-12,CN_ETF:510300.SH,沪深300ETF (510300),4.765,29.1659316378831,0.012247748332973964
2025-11-12,CN_ETF:518880.SH,黄金ETF (518880),9.029,9.64536051007001,-0.035270048855107636
2025-11-12,CN_INDEX:CBA21801.CS,中债30年国债指数 (CBA21801),249.4192,61.13848316718599,0.07215073438840157
2025-11-13,CN_ETF:510300.SH,沪深300ETF (510300),4.812,29.35044396937123,0.2876807527766058
2025-11-13,CN_ETF:518880.SH,黄金ETF (518880),9.175,9.766995606994989,0.15596662249088922
2025-11-13,CN_INDEX:CBA21801.CS,中债30年国债指数 (CBA21801),249.0433,60.83251166291345,-0.09214188732280952
2025-11-14,CN_ETF:510300.SH,沪深300ETF (510300),4.741,29.071179282237868,-0.43305933537518243
2025-11-14,CN_ETF:518880.SH,黄金ETF (518880),9.096,9.73439598543786,-0.08409729187494339
2025-11-14,CN_INDEX:CBA21801.CS,中债30年国债指数 (CBA21801),248.9947,61.14410979153103,-0.011871269240398132
2025-11-17,CN_ETF:510300.SH,沪深300ETF (510300),4.71,28.97450645363424,-0.1900878628452558
2025-11-17,CN_ETF:518880.SH,黄金ETF (518880),8.882,9.536121413575719,-0.22901943061606306
2025-11-17,CN_INDEX:CBA21801.CS,中债30年国债指数 (CBA21801),249.3885,61.43889444981199,0.09670306410500054
2025-11-18,CN_ETF:510300.SH,沪深300ETF (510300),4.683,28.879129926996477,-0.16609589686796697
2025-11-18,CN_ETF:518880.SH,黄金ETF (518880),8.777,9.44652130413718,-0.1127328021195065
2025-11-18,CN_INDEX:CBA21801.CS,中债30年国债指数 (CBA21801),249.5263,61.62374717242407,0.03394815580984187
2025-11-19,CN_ETF:510300.SH,沪深300ETF (510300),4.697,28.92507867388986,0.0863352165231629
2025-11-19,CN_ETF:518880.SH,黄金ETF (518880),8.954,9.62358622575466,0.19050179683630927
2025-11-19,CN_INDEX:CBA21801.CS,中债30年国债指数 (CBA21801),248.9707,61.400804057582135,-0.1372126061621541
2025-11-20,CN_ETF:510300.SH,沪深300ETF (510300),4.676,28.86984141603382,-0.12932225934675123
2025-11-20,CN_ETF:518880.SH,黄金ETF (518880),8.903,9.593390709178461,-0.0548138147770255
2025-11-20,CN_INDEX:CBA21801.CS,中债30年国债指数 (CBA21801),248.6768,61.486106827012065,-0.07248120486677326
2025-11-21,CN_ETF:510300.SH,沪深300ETF (510300),4.564,28.441605432252608,-0.6914932075696714
2025-11-21,CN_ETF:518880.SH,黄金ETF (518880),8.828,9.60144633965702,-0.0808159388058406
2025-11-21,CN_INDEX:CBA21801.CS,中债30年国债指数 (CBA21801),248.0568,61.905813877667846,-0.1532969148418563
2025-11-24,CN_ETF:510300.SH,沪深300ETF (510300),4.557,28.39901879177028,-0.04362209422124293
2025-11-24,CN_ETF:518880.SH,黄金ETF (518880),8.857,9.63333835280601,0.03154077297803114
2025-11-24,CN_INDEX:CBA21801.CS,中债30年国债指数 (CBA21801),248.0906,61.916506640528844,0.008435231402912118
2025-11-25,CN_ETF:510300.SH,沪深300ETF (510300),4.597,28.594737459837283,0.24927819874277496
2025-11-25,CN_ETF:518880.SH,黄金ETF (518880),9.01,9.78142803036635,0.16641083526920206
2025-11-25,CN_INDEX:CBA21801.CS,中债30年国债指数 (CBA21801),247.1755,61.572793896803134,-0.22838348259364905
2025-11-26,CN_ETF:510300.SH,沪深300ETF (510300),4.626,28.79749331460285,0.18038881582233754
2025-11-26,CN_ETF:518880.SH,黄金ETF (518880),9.011,9.79011764263289,0.001085619093270852
2025-11-26,CN_INDEX:CBA21801.CS,中债30年国债指数 (CBA21801),246.1352,61.36130875566611,-0.2591445248046229
2025-11-27,CN_ETF:510300.SH,沪深300ETF (510300),4.622,28.817424816884028,-0.024900556259927757
2025-11-27,CN_ETF:518880.SH,黄金ETF (518880),9.01,9.80428397329081,-0.0010864629500195013
2025-11-27,CN_INDEX:CBA21801.CS,中债30年国债指数 (CBA21801),245.6154,61.3271313319011,-0.12958572480163713
2025-11-28,CN_ETF:510300.SH,沪深300ETF (510300),4.635,28.82389356940286,0.08105290407172044
2025-11-28,CN_ETF:518880.SH,黄金ETF (518880),9.067,9.84084487469185,0.06202488196199455
2025-11-28,CN_INDEX:CBA21801.CS,中债30年国债指数 (CBA21801),246.0787,61.28423371663479,0.1156802869285486
2025-12-01,CN_ETF:510300.SH,沪深300ETF (510300),4.687,21.65365692502664,0.3233748577365632
2025-12-01,CN_ETF:518880.SH,黄金ETF (518880),9.161,9.107538406885931,0.10202265558851036
2025-12-01,CN_INDEX:CBA21801.CS,中债30年国债指数 (CBA21801),245.9546,69.18456786595209,-0.03090626455778168
2025-12-02,CN_ETF:510300.SH,沪深300ETF (510300),4.666,21.519750289838,-0.09701873168883174
2025-12-02,CN_ETF:518880.SH,黄金ETF (518880),9.112,9.10092360481997,-0.04871404671295732
2025-12-02,CN_INDEX:CBA21801.CS,中债30年国债指数 (CBA21801),244.8367,69.3340216737916,-0.3144540838729858
2025-12-03,CN_ETF:510300.SH,沪深300ETF (510300),4.645,21.53593259934559,-0.09685271240604695
2025-12-03,CN_ETF:518880.SH,黄金ETF (518880),9.096,9.13287852756407,-0.015980550666935725
2025-12-03,CN_INDEX:CBA21801.CS,中债30年国债指数 (CBA21801),243.3817,69.28564539883362,-0.4120338230966466
2025-12-04,CN_ETF:510300.SH,沪深300ETF (510300),4.657,21.7199714331647,0.055636424368602236
2025-12-04,CN_ETF:518880.SH,黄金ETF (518880),9.064,9.15486982323297,-0.03212973976275884
2025-12-04,CN_INDEX:CBA21801.CS,中债30年国债指数 (CBA21801),241.2225,69.07934442789714,-0.6146787763630625
2025-12-05,CN_ETF:510300.SH,沪深300ETF (510300),4.698,21.832154972285988,0.1912215651191236
2025-12-05,CN_ETF:518880.SH,黄金ETF (518880),9.136,9.1943058926164,0.07272182560379249
2025-12-05,CN_INDEX:CBA21801.CS,中债30年国债指数 (CBA21801),241.565,68.92789008073059,0.09808237401799692
2025-12-08,CN_ETF:510300.SH,沪深300ETF (510300),4.732,21.99194328191013,0.15800197297950397
2025-12-08,CN_ETF:518880.SH,黄金ETF (518880),9.11,9.16888472056205,-0.026165931831000445
2025-12-08,CN_INDEX:CBA21801.CS,中债30年国债指数 (CBA21801),241.0745,68.79351923492995,-0.13995872781486332
2025-12-09,CN_ETF:510300.SH,沪深300ETF (510300),4.708,21.8594752244421,-0.11153986448982409
2025-12-09,CN_ETF:518880.SH,黄金ETF (518880),9.046,9.09576278611052,-0.06441367970537581
2025-12-09,CN_INDEX:CBA21801.CS,中债30年国债指数 (CBA21801),242.0266,68.99915289285545,0.2716932303647911
2025-12-10,CN_ETF:510300.SH,沪深300ETF (510300),4.702,21.78399550146239,-0.027858294678559322
2025-12-10,CN_ETF:518880.SH,黄金ETF (518880),9.095,9.12508422885128,0.049269553009000946
2025-12-10,CN_INDEX:CBA21801.CS,中债30年国债指数 (CBA21801),242.7183,69.04541066047226,0.19719615139819208
2025-12-11,CN_ETF:510300.SH,沪深300ETF (510300),4.668,21.59913611633211,-0.15751932093783835
2025-12-11,CN_ETF:518880.SH,黄金ETF (518880),9.11,9.128578941966591,0.015049616650111288
2025-12-11,CN_INDEX:CBA21801.CS,中债30年国债指数 (CBA21801),243.6641,69.22683286546798,0.26904913804469394
2025-12-12,CN_ETF:510300.SH,沪深300ETF (510300),4.694,21.76862000165922,0.12030367159910692
2025-12-12,CN_ETF:518880.SH,黄金ETF (518880),9.227,9.26675323380779,0.11723860990231649
2025-12-12,CN_INDEX:CBA21801.CS,中债30年国债指数 (CBA21801),242.0328,68.91907176930887,-0.4634647962233129
2025-12-15,CN_ETF:510300.SH,沪深300ETF (510300),4.667,21.75134339280948,-0.1252136216541983
2025-12-15,CN_ETF:518880.SH,黄金ETF (518880),9.351,9.43812240470015,0.12453423658742498
2025-12-15,CN_INDEX:CBA21801.CS,中债30年国债指数 (CBA21801),240.2925,68.7647520216737,-0.495552092940006
2025-12-16,CN_ETF:510300.SH,沪深300ETF (510300),4.62,21.60596550384733,-0.21905145478081026
2025-12-16,CN_ETF:518880.SH,黄金ETF (518880),9.24,9.3579977978447,-0.11203417676416702
2025-12-16,CN_INDEX:CBA21801.CS,中债30年国债指数 (CBA21801),240.2579,68.99009787199711,-0.009901517608536322
2025-12-17,CN_ETF:510300.SH,沪深300ETF (510300),4.699,21.77762741697536,0.3694526568839686
2025-12-17,CN_ETF:518880.SH,黄金ETF (518880),9.31,9.34402655473434,0.07089392271094463
2025-12-17,CN_INDEX:CBA21801.CS,中债30年国债指数 (CBA21801),241.8873,68.83282067646066,0.46788249407253973
2025-12-18,CN_ETF:510300.SH,沪深300ETF (510300),4.668,21.67281509981934,-0.143670238332885
2025-12-18,CN_ETF:518880.SH,黄金ETF (518880),9.318,9.3688535269322,0.008029238715130007
2025-12-18,CN_INDEX:CBA21801.CS,中债30年国债指数 (CBA21801),241.7339,68.91272425087087,-0.043652373199293305
2025-12-19,CN_ETF:510300.SH,沪深300ETF (510300),4.688,21.68961915516156,0.09285696272416182
2025-12-19,CN_ETF:518880.SH,黄金ETF (518880),9.313,9.33110746033872,-0.005027287790797262
2025-12-19,CN_INDEX:CBA21801.CS,中债30年国债指数 (CBA21801),242.6558,68.93382562105413,0.26281229271888124
2025-12-22,CN_ETF:510300.SH,沪深300ETF (510300),4.73,21.84818928315307,0.19431826034914473
2025-12-22,CN_ETF:518880.SH,黄金ETF (518880),9.511,9.51392569619361,0.19838497553388212
2025-12-22,CN_INDEX:CBA21801.CS,中债30年国债指数 (CBA21801),241.8494,68.5925114976258,-0.22908266351275183
2025-12-23,CN_ETF:510300.SH,沪深300ETF (510300),4.74,21.78450765777966,0.046190675017237455
2025-12-23,CN_ETF:518880.SH,黄金ETF (518880),9.639,9.593578914581819,0.12803937431529702
2025-12-23,CN_INDEX:CBA21801.CS,中债30年国债指数 (CBA21801),243.0134,68.57676760200923,0.3301297558862488
2025-12-24,CN_ETF:510300.SH,沪深300ETF (510300),4.757,21.81581014445139,0.07813009075574864
2025-12-24,CN_ETF:518880.SH,黄金ETF (518880),9.642,9.57600988691852,0.00298586334098335
2025-12-24,CN_INDEX:CBA21801.CS,中债30年国债指数 (CBA21801),243.4866,68.5631308408866,0.13353389742818228
2025-12-25,CN_ETF:510300.SH,沪深300ETF (510300),4.766,21.88523381356147,0.04127439379862753
2025-12-25,CN_ETF:518880.SH,黄金ETF (518880),9.566,9.51276556401098,-0.07547985391057817
2025-12-25,CN_INDEX:CBA21801.CS,中债30年国债指数 (CBA21801),243.1513,68.5568934768685,-0.0944167677849648
2025-12-26,CN_ETF:510300.SH,沪深300ETF (510300),4.784,21.92209910473242,0.08265510042889064
2025-12-26,CN_ETF:518880.SH,黄金ETF (518880),9.65,9.5762956088537,0.08353254310860583
2025-12-26,CN_INDEX:CBA21801.CS,中债30年国债指数 (CBA21801),243.3027,68.45659216206913,0.04268746937563702
2025-12-29,CN_ETF:510300.SH,沪深300ETF (510300),4.763,22.00212547260025,-0.09622995008348163
2025-12-29,CN_ETF:518880.SH,黄金ETF (518880),9.563,9.56659692402314,-0.08633551481557217
2025-12-29,CN_INDEX:CBA21801.CS,中债30年国债指数 (CBA21801),241.1044,68.38590097242874,-0.6185222217010977
2025-12-30,CN_ETF:510300.SH,沪深300ETF (510300),4.773,22.09751606486639,0.04619383890951202
2025-12-30,CN_ETF:518880.SH,黄金ETF (518880),9.363,9.3874213618292,-0.2000752258501143
2025-12-30,CN_INDEX:CBA21801.CS,中债30年国债指数 (CBA21801),240.862,68.4695846927833,-0.06875337984589447
2025-12-31,CN_ETF:510300.SH,沪深300ETF (510300),4.753,22.03841395298706,-0.09259382386283554
2025-12-31,CN_ETF:518880.SH,黄金ETF (518880),9.301,9.3394527867869,-0.062161713599637444
2025-12-31,CN_INDEX:CBA21801.CS,中债30年国债指数 (CBA21801),240.8718,68.57658616191542,0.00278583558215821
2026-01-04,CN_ETF:510300.SH,沪深300ETF (510300),4.753,22.00285807659574,0.0
2026-01-04,CN_ETF:518880.SH,黄金ETF (518880),9.301,9.32438489535161,0.0
2026-01-04,CN_INDEX:CBA21801.CS,中债30年国债指数 (CBA21801),241.4394,68.62728341356899,0.1615966265270669
2026-01-05,CN_ETF:510300.SH,沪深300ETF (510300),4.844,22.36916686039836,0.42126237849152226
2026-01-05,CN_ETF:518880.SH,黄金ETF (518880),9.495,9.495545263879409,0.19448776149857072
2026-01-05,CN_INDEX:CBA21801.CS,中债30年国债指数 (CBA21801),240.1374,68.08992570099758,-0.3700834371045751
2026-01-06,CN_ETF:510300.SH,沪深300ETF (510300),4.919,22.704676426641722,0.3463434175330007
2026-01-06,CN_ETF:518880.SH,黄金ETF (518880),9.577,9.57298209165581,0.08200470896662614
2026-01-06,CN_INDEX:CBA21801.CS,中债30年国债指数 (CBA21801),238.795,67.67700094184532,-0.38063173941677053
2026-01-07,CN_ETF:510300.SH,沪深300ETF (510300),4.901,22.73084913610274,-0.08308277610887424
2026-01-07,CN_ETF:518880.SH,黄金ETF (518880),9.518,9.55995663257658,-0.05897524730162733
2026-01-07,CN_INDEX:CBA21801.CS,中债30年国债指数 (CBA21801),237.6003,67.66363471030886,-0.33859047729316616
2026-01-08,CN_ETF:510300.SH,沪深300ETF (510300),4.863,22.54571698060553,-0.17624408634398805
2026-01-08,CN_ETF:518880.SH,黄金ETF (518880),9.511,9.54916126435849,-0.0070308569476834224
2026-01-08,CN_INDEX:CBA21801.CS,中债30年国债指数 (CBA21801),238.3823,67.859580187616,0.22269737177714566
2026-01-09,CN_ETF:510300.SH,沪深300ETF (510300),4.885,22.56963292552674,0.10199584075124496
2026-01-09,CN_ETF:518880.SH,黄金ETF (518880),9.592,9.59728435120665,0.08132499867659089
2026-01-09,CN_INDEX:CBA21801.CS,中债30年国债指数 (CBA21801),238.9536,67.78769816423281,0.16263027146388656
2026-01-12,CN_ETF:510300.SH,沪深300ETF (510300),4.913,22.57180917628032,0.129365347372519
2026-01-12,CN_ETF:518880.SH,黄金ETF (518880),9.777,9.72757271136987,0.18510191878369658
2026-01-12,CN_INDEX:CBA21801.CS,中债30年国债指数 (CBA21801),239.8314,67.65548785621496,0.2490192298779456
2026-01-13,CN_ETF:510300.SH,沪深300ETF (510300),4.896,22.49871591929573,-0.07810314593868742
2026-01-13,CN_ETF:518880.SH,黄金ETF (518880),9.793,9.74566193372536,0.015919112548011753
2026-01-13,CN_INDEX:CBA21801.CS,中债30年国债指数 (CBA21801),239.9729,67.71048183925132,0.03991658945265677
2026-01-14,CN_ETF:510300.SH,沪深300ETF (510300),4.866,22.38200032631737,-0.13785977891725526
2026-01-14,CN_ETF:518880.SH,黄金ETF (518880),9.922,9.88337514965733,0.1283764310681704
2026-01-14,CN_INDEX:CBA21801.CS,中债30年国债指数 (CBA21801),239.6717,67.68944153210647,-0.08498625107245136
2026-01-15,CN_ETF:510300.SH,沪深300ETF (510300),4.875,22.4258932454249,0.041397041294051785
2026-01-15,CN_ETF:518880.SH,黄金ETF (518880),9.867,9.82968324571439,-0.05478589329078297
2026-01-15,CN_INDEX:CBA21801.CS,中债30年国债指数 (CBA21801),239.6797,67.69923548776521,0.0022594053960389862
2026-01-16,CN_ETF:510300.SH,沪深300ETF (510300),4.859,22.37629818176887,-0.07360293167729191
2026-01-16,CN_ETF:518880.SH,黄金ETF (518880),9.857,9.83026810848298,-0.009962180242947411
2026-01-16,CN_INDEX:CBA21801.CS,中债30年国债指数 (CBA21801),239.5957,67.74819715366891,-0.023726397275082807
2026-01-19,CN_ETF:510300.SH,沪深300ETF (510300),4.738,21.79228017844993,-0.5572200205791368
2026-01-19,CN_ETF:518880.SH,黄金ETF (518880),10.006,9.96660807972051,0.14859591642122089
2026-01-19,CN_INDEX:CBA21801.CS,中债30年国债指数 (CBA21801),239.4725,67.63019616023091,-0.03483609217248981
2026-01-20,CN_ETF:510300.SH,沪深300ETF (510300),4.724,21.649654559299062,-0.06439255434746757
2026-01-20,CN_ETF:518880.SH,黄金ETF (518880),10.082,10.00615071308591,0.07570080092532099
2026-01-20,CN_INDEX:CBA21801.CS,中债30年国债指数 (CBA21801),240.712,67.73547879833008,0.3500511672137983
2026-01-21,CN_ETF:510300.SH,沪深300ETF (510300),4.73,21.52738232313044,0.02749744440216003
2026-01-21,CN_ETF:518880.SH,黄金ETF (518880),10.377,10.2277749780938,0.29278064474909254
2026-01-21,CN_INDEX:CBA21801.CS,中债30年国债指数 (CBA21801),242.0462,67.64033245067402,0.3754390134797281
2026-01-22,CN_ETF:510300.SH,沪深300ETF (510300),4.727,21.52995714092418,-0.01365373086033802
2026-01-22,CN_ETF:518880.SH,黄金ETF (518880),10.341,10.199981069592209,-0.03548230694915538
2026-01-22,CN_INDEX:CBA21801.CS,中债30年国债指数 (CBA21801),241.9523,67.66509553841935,-0.026240557451916977
2026-01-23,CN_ETF:510300.SH,沪深300ETF (510300),4.704,21.35557621372919,-0.10475756594907193
2026-01-23,CN_ETF:518880.SH,黄金ETF (518880),10.617,10.43818675863276,0.2722362223389867
2026-01-23,CN_INDEX:CBA21801.CS,中债30年国债指数 (CBA21801),242.5192,67.60323667582676,0.1585409300127774
2026-01-26,CN_ETF:510300.SH,沪深300ETF (510300),4.712,21.29328305566846,0.03631900716620733
2026-01-26,CN_ETF:518880.SH,黄金ETF (518880),10.924,10.69050698501746,0.3018294560516384
2026-01-26,CN_INDEX:CBA21801.CS,中债30年国债指数 (CBA21801),242.9675,67.41598931307402,0.12496549139932778
2026-01-27,CN_ETF:510300.SH,沪深300ETF (510300),4.71,21.33897820944076,-0.00903789603381463
2026-01-27,CN_ETF:518880.SH,黄金ETF (518880),10.934,10.72780935430627,0.00978625685190055
2026-01-27,CN_INDEX:CBA21801.CS,中债30年国债指数 (CBA21801),242.0404,67.33144830532369,-0.2572416627415242
2026-01-28,CN_ETF:510300.SH,沪深300ETF (510300),4.725,21.298468658259658,0.0679585293294268
2026-01-28,CN_ETF:518880.SH,黄金ETF (518880),11.28,11.01120709037272,0.3394752182723592
2026-01-28,CN_INDEX:CBA21801.CS,中债30年国债指数 (CBA21801),242.4065,67.09160923489122,0.101842680910198
2026-01-29,CN_ETF:510300.SH,沪深300ETF (510300),4.768,21.335337379512282,0.193827333821198
2026-01-29,CN_ETF:518880.SH,黄金ETF (518880),11.904,11.5354741664631,0.6091306049993416
2026-01-29,CN_INDEX:CBA21801.CS,中债30年国债指数 (CBA21801),242.1634,66.53484586375828,-0.06728355141054902
2026-01-30,CN_ETF:510300.SH,沪深300ETF (510300),4.711,21.334718576379718,-0.25505751481379885
2026-01-30,CN_ETF:518880.SH,黄金ETF (518880),11.009,10.79694653041382,-0.8672924545517873
2026-01-30,CN_INDEX:CBA21801.CS,中债30年国债指数 (CBA21801),241.9077,67.26681859538333,-0.07025405196392921
2026-02-02,CN_ETF:510300.SH,沪深300ETF (510300),4.6,21.69583507255261,-0.5026860033916711
2026-02-02,CN_ETF:518880.SH,黄金ETF (518880),9.908,9.86864616872933,-1.0797927268585357
2026-02-02,CN_INDEX:CBA21801.CS,中债30年国债指数 (CBA21801),242.1169,68.37460046952897,0.0581718500492237
2026-02-03,CN_ETF:510300.SH,沪深300ETF (510300),4.664,23.60781761619008,0.30185509666160076
2026-02-03,CN_ETF:518880.SH,黄金ETF (518880),10.422,6.06358005549804,0.511958430634526
2026-02-03,CN_INDEX:CBA21801.CS,中债30年国债指数 (CBA21801),241.8119,67.8114068661146,-0.08613299254700836
2026-02-04,CN_ETF:510300.SH,沪深300ETF (510300),4.707,23.72469957283134,0.21765355006350284
2026-02-04,CN_ETF:518880.SH,黄金ETF (518880),10.867,5.980955113198,0.2589035813372322
2026-02-04,CN_INDEX:CBA21801.CS,中债30年国债指数 (CBA21801),241.6405,67.47673103047939,-0.04806576986844879
2026-02-05,CN_ETF:510300.SH,沪深300ETF (510300),4.679,23.61272211954068,-0.1411284444527859
2026-02-05,CN_ETF:518880.SH,黄金ETF (518880),10.523,5.79878402941807,-0.18932994929052355
2026-02-05,CN_INDEX:CBA21801.CS,中债30年国债指数 (CBA21801),242.3818,67.76739679351932,0.2070037957746952
2026-02-06,CN_ETF:510300.SH,沪深300ETF (510300),4.649,23.45799912836955,-0.1513959528929739
2026-02-06,CN_ETF:518880.SH,黄金ETF (518880),10.357,5.70649904005798,-0.09147563897019864
2026-02-06,CN_INDEX:CBA21801.CS,中债30年国债指数 (CBA21801),243.3012,68.01480483233497,0.25705455034974667
2026-02-09,CN_ETF:510300.SH,沪深300ETF (510300),4.727,23.69841405242999,0.3935736571333251
2026-02-09,CN_ETF:518880.SH,黄金ETF (518880),10.719,5.86802971476154,0.1994547313412181
2026-02-09,CN_INDEX:CBA21801.CS,中债30年国债指数 (CBA21801),243.4917,67.63097184956786,0.0532542392744452
2026-02-10,CN_ETF:510300.SH,沪深300ETF (510300),4.733,23.72796393615551,0.0300804917102932
2026-02-10,CN_ETF:518880.SH,黄金ETF (518880),10.669,5.84052701314811,-0.0273720949471097
2026-02-10,CN_INDEX:CBA21801.CS,中债30年国债指数 (CBA21801),243.49,67.6289873378308,-0.0004721830442012975
2026-02-11,CN_ETF:510300.SH,沪深300ETF (510300),4.723,23.66335065545481,-0.05013303176876259
2026-02-11,CN_ETF:518880.SH,黄金ETF (518880),10.758,5.88564666510458,0.048721239494813884
2026-02-11,CN_INDEX:CBA21801.CS,中债30年国债指数 (CBA21801),243.7154,67.65019485718449,0.06260451659594725
2026-02-12,CN_ETF:510300.SH,沪深300ETF (510300),4.727,23.68223444541973,0.020040949104767943
2026-02-12,CN_ETF:518880.SH,黄金ETF (518880),10.72,5.86457050575574,-0.020789605249485782
2026-02-12,CN_INDEX:CBA21801.CS,中债30年国债指数 (CBA21801),243.7357,67.6525240726935,0.005634846856626364
2026-02-13,CN_ETF:510300.SH,沪深300ETF (510300),4.671,23.49138738792221,-0.28055957879067167
2026-02-13,CN_ETF:518880.SH,黄金ETF (518880),10.575,5.80742390799463,-0.07932488090807747
2026-02-13,CN_INDEX:CBA21801.CS,中债30年国债指数 (CBA21801),243.6564,67.88978109239024,-0.0220109124718543
2026-02-14,CN_ETF:510300.SH,沪深300ETF (510300),4.671,23.49405166208819,0.0
2026-02-14,CN_ETF:518880.SH,黄金ETF (518880),10.575,5.808082556597769,0.0
2026-02-14,CN_INDEX:CBA21801.CS,中债30年国债指数 (CBA21801),243.6157,67.8861393140105,-0.011340207318421487
2026-02-24,CN_ETF:510300.SH,沪深300ETF (510300),4.716,23.583785072969953,0.2263396113881349
2026-02-24,CN_ETF:518880.SH,黄金ETF (518880),10.95,5.97940793926203,0.2059603743474383
2026-02-24,CN_INDEX:CBA21801.CS,中债30年国债指数 (CBA21801),244.143,67.64127330856536,0.14693782568314298
2026-02-25,CN_ETF:510300.SH,沪深300ETF (510300),4.75,23.770248164209,0.1700272884819712
2026-02-25,CN_ETF:518880.SH,黄金ETF (518880),10.959,5.9884632099210595,0.004914581867886513
2026-02-25,CN_INDEX:CBA21801.CS,中债30年国债指数 (CBA21801),243.262,67.4438206533651,-0.24408630099919432
2026-02-26,CN_ETF:510300.SH,沪深300ETF (510300),4.735,23.80979514327952,-0.07506394157118444
2026-02-26,CN_ETF:518880.SH,黄金ETF (518880),10.913,5.99217079169983,-0.025136354380542278
2026-02-26,CN_INDEX:CBA21801.CS,中债30年国债指数 (CBA21801),241.8872,67.38703505697787,-0.3811600851519993
2026-02-27,CN_ETF:510300.SH,沪深300ETF (510300),4.725,23.75802647176016,-0.050284678232906374
2026-02-27,CN_ETF:518880.SH,黄金ETF (518880),10.933,6.00277755263555,0.010981711338219846
2026-02-27,CN_INDEX:CBA21801.CS,中债30年国债指数 (CBA21801),242.0507,67.42837253951454,0.04554924870689608
2026-02-28,CN_ETF:510300.SH,沪深300ETF (510300),4.725,23.70508576325396,0.0
2026-02-28,CN_ETF:518880.SH,黄金ETF (518880),10.933,5.98940138702603,0.0
2026-02-28,CN_INDEX:CBA21801.CS,中债30年国债指数 (CBA21801),242.8524,67.50095285408773,0.22333059257803886
2026-03-02,CN_ETF:510300.SH,沪深300ETF (510300),4.739,20.95109912610419,0.07023729115038431
2026-03-02,CN_ETF:518880.SH,黄金ETF (518880),11.417,3.27756552731454,0.2651486573969268
2026-03-02,CN_INDEX:CBA21801.CS,中债30年国债指数 (CBA21801),243.3857,75.73972469955939,0.14823101668785918
2026-03-03,CN_ETF:510300.SH,沪深300ETF (510300),4.678,20.751145002572972,-0.26968074418492305
2026-03-03,CN_ETF:518880.SH,黄金ETF (518880),11.259,3.24310452330012,-0.045358268662143965
2026-03-03,CN_INDEX:CBA21801.CS,中债30年国债指数 (CBA21801),243.3183,75.97403325300294,-0.020974352415743795
2026-03-04,CN_ETF:510300.SH,沪深300ETF (510300),4.61,20.519129772966473,-0.3016412698108065
2026-03-04,CN_ETF:518880.SH,黄金ETF (518880),10.98,3.17350825291111,-0.08036470041750907
2026-03-04,CN_INDEX:CBA21801.CS,中债30年国债指数 (CBA21801),243.455,76.27553676287107,0.04268339186031854
2026-03-05,CN_ETF:510300.SH,沪深300ETF (510300),4.654,20.66340051320201,0.19584418872245582
2026-03-05,CN_ETF:518880.SH,黄金ETF (518880),10.964,3.16099435797089,-0.004624420040672026
2026-03-05,CN_INDEX:CBA21801.CS,中债30年国债指数 (CBA21801),243.6413,76.1438591518483,0.05836862047985424
2026-03-06,CN_ETF:510300.SH,沪深300ETF (510300),4.667,20.72382430862752,0.057718995846933505
2026-03-06,CN_ETF:518880.SH,黄金ETF (518880),10.873,3.13516764165788,-0.02623590720315175
2026-03-06,CN_INDEX:CBA21801.CS,中债30年国债指数 (CBA21801),243.4988,76.10925792882337,-0.044534731710670836
2026-03-09,CN_ETF:510300.SH,沪深300ETF (510300),4.629,20.752093856035312,-0.16873908800682566
2026-03-09,CN_ETF:518880.SH,黄金ETF (518880),10.868,3.1637608754996203,-0.0014417215311584247
2026-03-09,CN_INDEX:CBA21801.CS,中债30年国债指数 (CBA21801),241.006,76.05209084097893,-0.779162600246779
2026-03-10,CN_ETF:510300.SH,沪深300ETF (510300),4.683,20.94396067487887,0.24208534634390078
2026-03-10,CN_ETF:518880.SH,黄金ETF (518880),10.956,3.1817493109086605,0.0256174969676078
2026-03-10,CN_INDEX:CBA21801.CS,中债30年国债指数 (CBA21801),240.9175,75.84231226160527,-0.02792714720557421
2026-03-11,CN_ETF:510300.SH,沪深300ETF (510300),4.711,21.079459178034853,0.12522547488717006
2026-03-11,CN_ETF:518880.SH,黄金ETF (518880),10.974,3.18853064284135,0.005227408506422191
2026-03-11,CN_INDEX:CBA21801.CS,中债30年国债指数 (CBA21801),240.3483,75.7000168346302,-0.17918766440505612
2026-03-12,CN_ETF:510300.SH,沪深300ETF (510300),4.694,20.99050212692445,-0.07606682360997712
2026-03-12,CN_ETF:518880.SH,黄金ETF (518880),10.938,3.1761202787794796,-0.010459914629331891
2026-03-12,CN_INDEX:CBA21801.CS,中债30年国债指数 (CBA21801),240.818,75.80140388479678,0.1479365483643034
2026-03-13,CN_ETF:510300.SH,沪深300ETF (510300),4.677,21.000984015577128,-0.07602013978647731
2026-03-13,CN_ETF:518880.SH,黄金ETF (518880),10.802,3.1496023554929504,-0.03949098170726014
2026-03-13,CN_INDEX:CBA21801.CS,中债30年国债指数 (CBA21801),239.8764,75.81730767657947,-0.2963839991110555
2026-03-16,CN_ETF:510300.SH,沪深300ETF (510300),4.68,21.0858447355838,0.013470804371764757
2026-03-16,CN_ETF:518880.SH,黄金ETF (518880),10.664,3.11992796453915,-0.04023746760396487
2026-03-16,CN_INDEX:CBA21801.CS,中债30年国债指数 (CBA21801),238.8899,75.76201227778154,-0.31180130276652435
2026-03-17,CN_ETF:510300.SH,沪深300ETF (510300),4.646,20.942768071164842,-0.1531877608995399
2026-03-17,CN_ETF:518880.SH,黄金ETF (518880),10.637,3.11353187454898,-0.007899292483360241
2026-03-17,CN_INDEX:CBA21801.CS,中债30年国债指数 (CBA21801),239.2456,75.91146947137598,0.11280739691048221
2026-03-18,CN_ETF:510300.SH,沪深300ETF (510300),4.662,20.93663505258499,0.07212317889337957
2026-03-18,CN_ETF:518880.SH,黄金ETF (518880),10.606,3.0928974155191797,-0.00907393890298203
2026-03-18,CN_INDEX:CBA21801.CS,中债30年国债指数 (CBA21801),240.2249,75.93835697068029,0.31072714421212816
2026-03-19,CN_ETF:510300.SH,沪深300ETF (510300),4.599,20.7894303145379,-0.2829275007106074
2026-03-19,CN_ETF:518880.SH,黄金ETF (518880),10.126,2.97232559541474,-0.13997650004235399
2026-03-19,CN_INDEX:CBA21801.CS,中债30年国债指数 (CBA21801),239.4975,76.20592251906187,-0.22994102967873994
2026-03-20,CN_ETF:510300.SH,沪深300ETF (510300),4.576,20.7279900426945,-0.103969753693061
2026-03-20,CN_ETF:518880.SH,黄金ETF (518880),9.896,2.9107850879589803,-0.06751282707341373
2026-03-20,CN_INDEX:CBA21801.CS,中债30年国债指数 (CBA21801),239.3916,76.32883684493774,-0.03369641518081743
2026-03-23,CN_ETF:510300.SH,沪深300ETF (510300),4.43,20.232901891863968,-0.6613388431454095
2026-03-23,CN_ETF:518880.SH,黄金ETF (518880),8.941,2.6516721265157197,-0.28090134993945287
2026-03-23,CN_INDEX:CBA21801.CS,中债30年国债指数 (CBA21801),239.7697,77.0827696248711,0.12055532947300165
2026-03-24,CN_ETF:510300.SH,沪深300ETF (510300),4.479,20.320139418821583,0.22379507735922022
2026-03-24,CN_ETF:518880.SH,黄金ETF (518880),9.299,2.73943593125236,0.10617365186138288
2026-03-24,CN_INDEX:CBA21801.CS,中债30年国债指数 (CBA21801),240.8337,76.9079862888821,0.34206184885271584
2026-03-25,CN_ETF:510300.SH,沪深300ETF (510300),4.544,20.54151827031181,0.29488927488800815
2026-03-25,CN_ETF:518880.SH,黄金ETF (518880),9.641,2.83005958541127,0.10075138063106862
2026-03-25,CN_INDEX:CBA21801.CS,中债30年国债指数 (CBA21801),240.7154,76.59609945407146,-0.0377779969247471
2026-03-26,CN_ETF:510300.SH,沪深300ETF (510300),4.488,20.34752250013723,-0.253152513894684
2026-03-26,CN_ETF:518880.SH,黄金ETF (518880),9.45,2.78208104188799,-0.056066941273058175
2026-03-26,CN_INDEX:CBA21801.CS,中债30年国债指数 (CBA21801),240.7735,76.83797952138576,0.018487530828040336
2026-03-27,CN_ETF:510300.SH,沪深300ETF (510300),4.508,20.428202213754098,0.09067523395782966
2026-03-27,CN_ETF:518880.SH,黄金ETF (518880),9.494,2.7936677049945997,0.012953604851119092
2026-03-27,CN_INDEX:CBA21801.CS,中债30年国债指数 (CBA21801),240.6021,76.74572899851366,-0.054698833924689855
2026-03-30,CN_ETF:510300.SH,沪深300ETF (510300),4.5,20.33273022916894,-0.03625235530391119
2026-03-30,CN_ETF:518880.SH,黄金ETF (518880),9.656,2.8330857589156597,0.0476694931755977
2026-03-30,CN_INDEX:CBA21801.CS,中债30年国债指数 (CBA21801),241.4794,76.80187702415746,0.27983557936690245
2026-03-31,CN_ETF:510300.SH,沪深300ETF (510300),4.463,20.21132348815223,-0.1671802263287228
2026-03-31,CN_ETF:518880.SH,黄金ETF (518880),9.699,2.85216144448275,0.012616268396164958
2026-03-31,CN_INDEX:CBA21801.CS,中债30年国债指数 (CBA21801),241.2533,76.90413474645081,-0.07191050000605241
2026-04-01,CN_ETF:510300.SH,沪深300ETF (510300),4.534,18.62459561109629,0.3215334904008091
2026-04-01,CN_ETF:518880.SH,黄金ETF (518880),10.024,2.0588106132072,0.09557196303298206
2026-04-01,CN_INDEX:CBA21801.CS,中债30年国债指数 (CBA21801),240.7031,79.31197053244152,-0.1753868441903051
2026-04-02,CN_ETF:510300.SH,沪深300ETF (510300),4.489,18.36728047573277,-0.18484931682825945
2026-04-02,CN_ETF:518880.SH,黄金ETF (518880),9.738,2.00654203626258,-0.05874100512542474
2026-04-02,CN_INDEX:CBA21801.CS,中债30年国债指数 (CBA21801),240.4651,79.48995704116248,-0.07842129572373911
2026-04-03,CN_ETF:510300.SH,沪深300ETF (510300),4.454,18.367483377117168,-0.14320668671210768
2026-04-03,CN_ETF:518880.SH,黄金ETF (518880),9.828,2.0264439451089697,0.01854475079725099
2026-04-03,CN_INDEX:CBA21801.CS,中债30年国债指数 (CBA21801),240.6478,79.60366421174093,0.06039468992140405
2026-04-07,CN_ETF:510300.SH,沪深300ETF (510300),4.446,18.29653423559344,-0.03299054041691543
2026-04-07,CN_ETF:518880.SH,黄金ETF (518880),9.837,2.02410039671089,0.001855717898451431
2026-04-07,CN_INDEX:CBA21801.CS,中债30年国债指数 (CBA21801),241.3691,79.676961888002,0.23859816294157565
2026-04-08,CN_ETF:510300.SH,沪深300ETF (510300),4.602,18.7411471111684,0.6419836573892456
2026-04-08,CN_ETF:518880.SH,黄金ETF (518880),10.113,2.0592049188966297,0.0567908619998174
2026-04-08,CN_INDEX:CBA21801.CS,中债30年国债指数 (CBA21801),242.4426,79.19726953848789,0.35436689529343396
2026-04-09,CN_ETF:510300.SH,沪深300ETF (510300),4.572,18.667942296782538,-0.1221717543100953
2026-04-09,CN_ETF:518880.SH,黄金ETF (518880),9.908,2.02276872568374,-0.041742016055948725
2026-04-09,CN_INDEX:CBA21801.CS,中债30年国债指数 (CBA21801),242.1414,79.30690429093524,-0.0983911968647063
2026-04-10,CN_ETF:510300.SH,沪深300ETF (510300),4.642,18.81925088079053,0.2858171392770743
2026-04-10,CN_ETF:518880.SH,黄金ETF (518880),9.972,2.0213870075747797,0.013065926366952101
2026-04-10,CN_INDEX:CBA21801.CS,中债30年国债指数 (CBA21801),243.4111,79.15699434836743,0.4158560922593142
2026-04-13,CN_ETF:510300.SH,沪深300ETF (510300),4.652,18.80174011734789,0.04054125566736382
2026-04-13,CN_ETF:518880.SH,黄金ETF (518880),9.924,2.00546505722872,-0.009729901360167475
2026-04-13,CN_INDEX:CBA21801.CS,中债30年国债指数 (CBA21801),244.2658,79.19043435032972,0.277947402848719
2026-04-14,CN_ETF:510300.SH,沪深300ETF (510300),4.712,18.99953088168644,0.24249879773019473
2026-04-14,CN_ETF:518880.SH,黄金ETF (518880),10.011,2.01829694032855,0.01758116283543913
2026-04-14,CN_INDEX:CBA21801.CS,中债30年国债指数 (CBA21801),244.1894,78.97981724431517,-0.024768711724548823
2026-04-15,CN_ETF:510300.SH,沪深300ETF (510300),4.694,18.95245632304666,-0.07257885311340337
2026-04-15,CN_ETF:518880.SH,黄金ETF (518880),10.064,2.03171623812464,0.010685220041695614
2026-04-15,CN_INDEX:CBA21801.CS,中债30年国债指数 (CBA21801),243.9647,79.01346933185752,-0.07267622974133112
2026-04-16,CN_ETF:510300.SH,沪深300ETF (510300),4.746,19.13988847843843,0.20995477818458466
2026-04-16,CN_ETF:518880.SH,黄金ETF (518880),10.097,2.0359824480277298,0.006662026615472203
2026-04-16,CN_INDEX:CBA21801.CS,中债30年国债指数 (CBA21801),243.6592,78.82177373817389,-0.0989430638157133
2026-04-17,CN_ETF:510300.SH,沪深300ETF (510300),4.739,19.02832850709456,-0.02822992400949767
2026-04-17,CN_ETF:518880.SH,黄金ETF (518880),10.029,2.0134533297916297,-0.013711677376040824
2026-04-17,CN_INDEX:CBA21801.CS,中债30年国债指数 (CBA21801),245.1426,78.9558730974124,0.47986786118975955
2026-04-20,CN_ETF:510300.SH,沪深300ETF (510300),4.765,19.11386297335616,0.10439682236430628
2026-04-20,CN_ETF:518880.SH,黄金ETF (518880),10.036,2.0128722854208,0.0014053418395193937
2026-04-20,CN_INDEX:CBA21801.CS,中债30年国债指数 (CBA21801),245.1205,78.87092198744863,-0.007117999056275729
2026-04-21,CN_ETF:510300.SH,沪深300ETF (510300),4.776,19.08152745441669,0.04412434264573368
2026-04-21,CN_ETF:518880.SH,黄金ETF (518880),10.01,1.99964499391448,-0.005214695039950278
2026-04-21,CN_INDEX:CBA21801.CS,中债30年国债指数 (CBA21801),246.2449,78.9164941478656,0.3617913013505153
2026-04-22,CN_ETF:510300.SH,沪深300ETF (510300),4.811,19.14756687743649,0.13983531425975274
2026-04-22,CN_ETF:518880.SH,黄金ETF (518880),10.004,1.99077384163245,-0.0011985884079408842
2026-04-22,CN_INDEX:CBA21801.CS,中债30年国债指数 (CBA21801),247.0149,78.85933483568166,0.24676937672154484
2026-04-23,CN_ETF:510300.SH,沪深300ETF (510300),4.801,19.181090241092928,-0.03979955700984415
2026-04-23,CN_ETF:518880.SH,黄金ETF (518880),9.9,1.9776379232120298,-0.020695769645119353
2026-04-23,CN_INDEX:CBA21801.CS,中债30年国债指数 (CBA21801),246.007,78.83893847076855,-0.32177137322843014
2026-04-24,CN_ETF:510300.SH,沪深300ETF (510300),4.782,19.17970799783891,-0.07590933442632178
2026-04-24,CN_ETF:518880.SH,黄金ETF (518880),9.826,1.970512450719,-0.014782344072493837
2026-04-24,CN_INDEX:CBA21801.CS,中债30年国债指数 (CBA21801),245.0775,78.8474370843301,-0.2978809274068634
2026-04-27,CN_ETF:510300.SH,沪深300ETF (510300),4.782,19.21864572923514,0.0
2026-04-27,CN_ETF:518880.SH,黄金ETF (518880),9.897,1.9887801838377202,0.014238386322109735
2026-04-27,CN_INDEX:CBA21801.CS,中债30年国债指数 (CBA21801),244.4035,78.79022686424977,-0.21684231557297487
2026-04-28,CN_ETF:510300.SH,沪深300ETF (510300),4.77,19.16524373885373,-0.04822746732556121
2026-04-28,CN_ETF:518880.SH,黄金ETF (518880),9.732,1.9550959336113598,-0.033156383786321734
2026-04-28,CN_INDEX:CBA21801.CS,中债30年国债指数 (CBA21801),244.7397,78.87731373842524,0.10838336714391807
2026-04-29,CN_ETF:510300.SH,沪深300ETF (510300),4.821,19.294713448541682,0.20491141104435015
2026-04-29,CN_ETF:518880.SH,黄金ETF (518880),9.637,1.92847078929263,-0.01908488632275753
2026-04-29,CN_INDEX:CBA21801.CS,中债30年国债指数 (CBA21801),245.3763,78.77447831240846,0.2051702193223274
2026-04-30,CN_ETF:510300.SH,沪深300ETF (510300),4.824,19.34747466770014,0.012006666738357572
2026-04-30,CN_ETF:518880.SH,黄金ETF (518880),9.678,1.94076347257464,0.008204555604545014
2026-04-30,CN_INDEX:CBA21801.CS,中债30年国债指数 (CBA21801),244.6572,78.70941947584566,-0.23085655523558418
2026-05-06,CN_ETF:510300.SH,沪深300ETF (510300),4.888,19.63510397695212,0.2566829143310123
2026-05-06,CN_ETF:518880.SH,黄金ETF (518880),9.791,1.96652314891917,0.02266028853078448
2026-05-06,CN_INDEX:CBA21801.CS,中债30年国债指数 (CBA21801),243.299,78.396026792649,-0.4369506948174542
2026-05-07,CN_ETF:510300.SH,沪深300ETF (510300),4.912,19.70534256196741,0.09640803916670466
2026-05-07,CN_ETF:518880.SH,黄金ETF (518880),9.909,1.9875838705876898,0.023700309628481662
2026-05-07,CN_INDEX:CBA21801.CS,中债30年国债指数 (CBA21801),243.3384,78.3047305975195,0.012695504114821688
2026-05-08,CN_ETF:510300.SH,沪深300ETF (510300),4.886,19.616517741310922,-0.10430352333288834
2026-05-08,CN_ETF:518880.SH,黄金ETF (518880),9.88,1.98333192063192,-0.005816927262795705
2026-05-08,CN_INDEX:CBA21801.CS,中债30年国债指数 (CBA21801),243.4354,78.39780551791685,0.03121397554993244
2026-05-09,CN_ETF:510300.SH,沪深300ETF (510300),4.886,19.63057150282162,0.0
2026-05-09,CN_ETF:518880.SH,黄金ETF (518880),9.88,1.9847528289795,0.0
2026-05-09,CN_INDEX:CBA21801.CS,中债30年国债指数 (CBA21801),243.2131,78.38232916817107,-0.07159119900652489
2026-05-11,CN_ETF:510300.SH,沪深300ETF (510300),4.966,19.84088464765438,0.3214174621829158
2026-05-11,CN_ETF:518880.SH,黄金ETF (518880),9.774,1.9525252370738402,-0.021293906869618507
2026-05-11,CN_INDEX:CBA21801.CS,中债30年国债指数 (CBA21801),244.0194,78.20425668192541,0.2598530753824343
2026-05-12,CN_ETF:510300.SH,沪深300ETF (510300),4.963,19.810724760708258,-0.011986035832253352
2026-05-12,CN_ETF:518880.SH,黄金ETF (518880),9.806,1.9571223756146,0.0063925524438675375
2026-05-12,CN_INDEX:CBA21801.CS,中债30年国债指数 (CBA21801),244.3231,78.22982156900076,0.09733092022316286
2026-05-13,CN_ETF:510300.SH,沪深300ETF (510300),5.017,19.971144943713078,0.21555090410603478
2026-05-13,CN_ETF:518880.SH,黄金ETF (518880),9.804,1.95133650616068,-0.00039916834093677803
2026-05-13,CN_INDEX:CBA21801.CS,中债30年国债指数 (CBA21801),244.5133,78.07519367331598,0.06090014436794083
2026-05-14,CN_ETF:510300.SH,沪深300ETF (510300),4.941,19.75409167882884,-0.3025327916528214
2026-05-14,CN_ETF:518880.SH,黄金ETF (518880),9.795,1.95801789105574,-0.0017913125821548276
2026-05-14,CN_INDEX:CBA21801.CS,中债30年国债指数 (CBA21801),244.1112,78.28555544942148,-0.12839397847086628
2026-05-15,CN_ETF:510300.SH,沪深300ETF (510300),4.878,19.59663856889252,-0.25187366439308057
2026-05-15,CN_ETF:518880.SH,黄金ETF (518880),9.554,1.9190886109799001,-0.04817583580851792
2026-05-15,CN_INDEX:CBA21801.CS,中债30年国债指数 (CBA21801),243.5444,78.48192653455685,-0.1817706554583826
2026-05-18,CN_ETF:510300.SH,沪深300ETF (510300),4.852,19.48107508048699,-0.10445112808347655
2026-05-18,CN_ETF:518880.SH,黄金ETF (518880),9.513,1.9097636772534201,-0.00823556971427425
2026-05-18,CN_INDEX:CBA21801.CS,中债30年国债指数 (CBA21801),244.0711,78.60681629428991,0.16972852057264345
2026-05-19,CN_ETF:510300.SH,沪深300ETF (510300),4.869,19.44864917398185,0.06825603387639557
2026-05-19,CN_ETF:518880.SH,黄金ETF (518880),9.515,1.90032755073359,0.0004015060816259464
2026-05-19,CN_INDEX:CBA21801.CS,中债30年国债指数 (CBA21801),245.4653,78.64869040414303,0.44902335130008403
2026-05-20,CN_ETF:510300.SH,沪深300ETF (510300),4.871,19.47700835881128,0.007988765321006478
2026-05-20,CN_ETF:518880.SH,黄金ETF (518880),9.367,1.8727277488912402,-0.02955843168771095
2026-05-20,CN_INDEX:CBA21801.CS,中债30年国债指数 (CBA21801),245.2062,78.64792857872143,-0.08301733761845112
2026-05-21,CN_ETF:510300.SH,沪深300ETF (510300),4.808,19.27504943336649,-0.251909572286003
2026-05-21,CN_ETF:518880.SH,黄金ETF (518880),9.45,1.89423062755109,0.01659404325375988
2026-05-21,CN_INDEX:CBA21801.CS,中债30年国债指数 (CBA21801),245.1319,78.82837855789523,-0.023831131078246682
2026-05-22,CN_ETF:510300.SH,沪深300ETF (510300),4.862,19.45467464698426,0.21648350029155358
2026-05-22,CN_ETF:518880.SH,黄金ETF (518880),9.461,1.8928494121258501,0.002204924540006945
2026-05-22,CN_INDEX:CBA21801.CS,中债30年国债指数 (CBA21801),245.041,78.65013898723024,-0.029231200063776667
2026-05-25,CN_ETF:510300.SH,沪深300ETF (510300),4.937,19.66276892857361,0.3001029614405252
2026-05-25,CN_ETF:518880.SH,黄金ETF (518880),9.512,1.8941893665038698,0.010203500688977912
2026-05-25,CN_INDEX:CBA21801.CS,中债30年国债指数 (CBA21801),245.5321,78.44071563571956,0.15762702264776543
2026-05-26,CN_ETF:510300.SH,沪深300ETF (510300),4.972,19.74611020486663,0.13939576919183436
2026-05-26,CN_ETF:518880.SH,黄金ETF (518880),9.454,1.8773101958649299,-0.011549935161608973
2026-05-26,CN_INDEX:CBA21801.CS,中债30年国债指数 (CBA21801),246.0205,78.37426011452891,0.15603029305122548
2026-05-27,CN_ETF:510300.SH,沪深300ETF (510300),4.932,19.59137759542034,-0.15885848917833192
2026-05-27,CN_ETF:518880.SH,黄金ETF (518880),9.345,1.85605660613547,-0.021644469150547636
2026-05-27,CN_INDEX:CBA21801.CS,中债30年国债指数 (CBA21801),246.521,78.55024582512591,0.15944328699161742
2026-05-28,CN_ETF:510300.SH,沪深300ETF (510300),4.932,19.59586506887462,0.0
2026-05-28,CN_ETF:518880.SH,黄金ETF (518880),9.132,1.8141670702449602,-0.04230498203390647
2026-05-28,CN_INDEX:CBA21801.CS,中债30年国债指数 (CBA21801),246.5819,78.58764735616415,0.01940487816757625
2026-05-29,CN_ETF:510300.SH,沪深300ETF (510300),4.923,19.53576278005677,-0.03575887786291148
2026-05-29,CN_ETF:518880.SH,黄金ETF (518880),9.397,1.8644887552731402,0.052645014631506434
2026-05-29,CN_INDEX:CBA21801.CS,中债30年国债指数 (CBA21801),246.9199,78.59743084792383,0.1077233357614041
2026-06-01,CN_ETF:510300.SH,沪深300ETF (510300),4.868,19.31942693811019,-0.21825451003516422
2026-06-01,CN_ETF:518880.SH,黄金ETF (518880),9.344,1.85415699783999,-0.01051589911987632
2026-06-01,CN_INDEX:CBA21801.CS,中债30年国债指数 (CBA21801),247.6074,78.8240982171115,0.21883912032989536
2026-06-02,CN_ETF:510300.SH,沪深300ETF (510300),4.936,19.54091909272169,0.26986874112396897
2026-06-02,CN_ETF:518880.SH,黄金ETF (518880),9.41,1.8626423081696801,0.013096571260428052
2026-06-02,CN_INDEX:CBA21801.CS,中债30年国债指数 (CBA21801),247.4962,78.59412647619043,-0.03539974864137254
2026-06-03,CN_ETF:510300.SH,沪深300ETF (510300),4.965,19.67229806461294,0.11480685852692803
2026-06-03,CN_ETF:518880.SH,黄金ETF (518880),9.281,1.83865657943275,-0.025534628879265518
2026-06-03,CN_INDEX:CBA21801.CS,中债30年国债指数 (CBA21801),246.9498,78.48673128364166,-0.1735130911367068
2026-06-04,CN_ETF:510300.SH,沪深300ETF (510300),4.926,19.507473572071348,-0.15452560413290958
2026-06-04,CN_ETF:518880.SH,黄金ETF (518880),9.29,1.83946842757351,0.0017829877399949845
2026-06-04,CN_INDEX:CBA21801.CS,中债30年国债指数 (CBA21801),247.5965,78.65074514910256,0.2055371946894863
2026-06-05,CN_ETF:510300.SH,沪深300ETF (510300),4.843,19.28676056191033,-0.32868865336620445
2026-06-05,CN_ETF:518880.SH,黄金ETF (518880),9.252,1.8422579880115,-0.007524198089105609
2026-06-05,CN_INDEX:CBA21801.CS,中债30年国债指数 (CBA21801),246.8925,78.86865557758348,-0.22363048179181666
2026-06-08,CN_ETF:510300.SH,沪深300ETF (510300),4.739,18.99071190517218,-0.41416954334889056
2026-06-08,CN_ETF:518880.SH,黄金ETF (518880),8.953,1.79387891630097,-0.059536871856402974
2026-06-08,CN_INDEX:CBA21801.CS,中债30年国债指数 (CBA21801),246.4283,79.2130687487241,-0.14828652113415658
2026-06-09,CN_ETF:510300.SH,沪深300ETF (510300),4.826,19.29730461647591,0.3486372516881165
2026-06-09,CN_ETF:518880.SH,黄金ETF (518880),9.005,1.80037534263743,0.010419044303323145
2026-06-09,CN_INDEX:CBA21801.CS,中债30年国债指数 (CBA21801),245.9891,78.89998469927454,-0.14117850828999193
2026-06-10,CN_ETF:510300.SH,沪深300ETF (510300),4.784,19.22092429684691,-0.16794173101781718
2026-06-10,CN_ETF:518880.SH,黄金ETF (518880),8.736,1.75495395753819,-0.053781340052134335
2026-06-10,CN_INDEX:CBA21801.CS,中债30年国债指数 (CBA21801),245.1952,79.02177522604691,-0.2546401358952673
2026-06-11,CN_ETF:510300.SH,沪深300ETF (510300),4.751,19.12849964173634,-0.13258580723159255
2026-06-11,CN_ETF:518880.SH,黄金ETF (518880),8.506,1.71234495845726,-0.046204144944343405
2026-06-11,CN_INDEX:CBA21801.CS,中债30年国债指数 (CBA21801),245.0985,79.15680394324879,-0.031164580972052148
2026-06-12,CN_ETF:510300.SH,沪深300ETF (510300),4.818,19.29488590499503,0.26975573058226054
2026-06-12,CN_ETF:518880.SH,黄金ETF (518880),8.659,1.73385654889323,0.030800467745586757
2026-06-12,CN_INDEX:CBA21801.CS,中债30年国债指数 (CBA21801),245.8267,78.96891862000118,0.23517885516015857
2026-06-15,CN_ETF:510300.SH,沪深300ETF (510300),4.919,19.596339980378712,0.4044797584899319
2026-06-15,CN_ETF:518880.SH,黄金ETF (518880),8.928,1.7783708410735999,0.05386388863059014
2026-06-15,CN_INDEX:CBA21801.CS,中债30年国债指数 (CBA21801),246.0365,78.62296248478332,0.06739576753248021
2026-06-16,CN_ETF:510300.SH,沪深300ETF (510300),4.91,19.51877693871554,-0.03585425082809371
2026-06-16,CN_ETF:518880.SH,黄金ETF (518880),8.949,1.7787529004538198,0.004182995929944373
2026-06-16,CN_INDEX:CBA21801.CS,中债30年国债指数 (CBA21801),246.8043,78.70014842827146,0.24535672794815966
2026-06-17,CN_ETF:510300.SH,沪深300ETF (510300),4.958,19.65031625084949,0.19081492730312413
2026-06-17,CN_ETF:518880.SH,黄金ETF (518880),8.957,1.77498873193685,0.0015901243941928757
2026-06-17,CN_INDEX:CBA21801.CS,中债30年国债指数 (CBA21801),247.1469,78.57238026714943,0.10924716810655971
2026-06-18,CN_ETF:510300.SH,沪深300ETF (510300),4.984,19.73033740447971,0.1030472413316017
2026-06-18,CN_ETF:518880.SH,黄金ETF (518880),8.908,1.76322076243083,-0.009710220817785843
2026-06-18,CN_INDEX:CBA21801.CS,中债30年国债指数 (CBA21801),247.2204,78.50412978128155,0.023366952810801454
2026-06-22,CN_ETF:510300.SH,沪深300ETF (510300),5.091,20.07548849937342,0.4235846914685661
2026-06-22,CN_ETF:518880.SH,黄金ETF (518880),8.716,1.71850282616911,-0.03800386016914232
2026-06-22,CN_INDEX:CBA21801.CS,中债30年国债指数 (CBA21801),247.2365,78.2037056205279,0.005112508876600098
2026-06-23,CN_ETF:510300.SH,沪深300ETF (510300),4.942,19.63328918557,-0.5875560374006357
2026-06-23,CN_ETF:518880.SH,黄金ETF (518880),8.537,1.6957647690935902,-0.035292795535138546
2026-06-23,CN_INDEX:CBA21801.CS,中债30年国债指数 (CBA21801),246.865,78.66862581337247,-0.11750965831511886
2026-06-24,CN_ETF:510300.SH,沪深300ETF (510300),4.967,19.72883854882754,0.09931854100348927
2026-06-24,CN_ETF:518880.SH,黄金ETF (518880),8.515,1.6910716754908999,-0.004370015804153624
2026-06-24,CN_INDEX:CBA21801.CS,中债30年国债指数 (CBA21801),246.627,78.57776998691129,-0.0758436106519054
2026-06-25,CN_ETF:510300.SH,沪深300ETF (510300),5.048,19.94831971426374,0.32173060649386837
2026-06-25,CN_ETF:518880.SH,黄金ETF (518880),8.287,1.63739823169674,-0.045280603876914204
2026-06-25,CN_INDEX:CBA21801.CS,中债30年国债指数 (CBA21801),247.3681,78.41197409521298,0.23612169526167015
2026-06-26,CN_ETF:510300.SH,沪深300ETF (510300),4.907,19.48394013157883,-0.5571935577874774
2026-06-26,CN_ETF:518880.SH,黄金ETF (518880),8.39,1.6656843051145902,0.020351395905003365
2026-06-26,CN_INDEX:CBA21801.CS,中债30年国债指数 (CBA21801),247.5589,78.84805655763154,0.060480735621797566
2026-06-29,CN_ETF:510300.SH,沪深300ETF (510300),4.959,19.61611869233048,0.20647338227880482
2026-06-29,CN_ETF:518880.SH,黄金ETF (518880),8.449,1.6710686310899399,0.011713393802355181
2026-06-29,CN_INDEX:CBA21801.CS,中债30年国债指数 (CBA21801),248.063,78.71050242085347,0.1605569636587621
2026-06-30,CN_ETF:510300.SH,沪深300ETF (510300),5.019,19.871867409840522,0.23733960910260984
2026-06-30,CN_ETF:518880.SH,黄金ETF (518880),8.378,1.6585625140430702,-0.014042593538570873
2026-06-30,CN_INDEX:CBA21801.CS,中债30年国债指数 (CBA21801),247.0673,78.46725767820692,-0.3159360616474178
2026-07-01,CN_ETF:510300.SH,沪深300ETF (510300),4.998,10.49269488513591,-0.08314588874410171
2026-07-01,CN_ETF:518880.SH,黄金ETF (518880),8.271,2.11183315097561,-0.021182404989568828
2026-07-01,CN_INDEX:CBA21801.CS,中债30年国债指数 (CBA21801),246.3731,87.30011166602166,-0.2204742201020204
2026-07-02,CN_ETF:510300.SH,沪深300ETF (510300),4.85,10.206190578876601,-0.3107080518207522
2026-07-02,CN_ETF:518880.SH,黄金ETF (518880),8.475,2.16906432544946,0.052087288453514805
2026-07-02,CN_INDEX:CBA21801.CS,中债30年国债指数 (CBA21801),246.4337,87.52915811548824,0.021473069774905363
2026-07-03,CN_ETF:510300.SH,沪深300ETF (510300),4.876,10.26405775839829,0.05471359897954718
2026-07-03,CN_ETF:518880.SH,黄金ETF (518880),8.672,2.22016600871192,0.05041954833198191
2026-07-03,CN_INDEX:CBA21801.CS,中债30年国债指数 (CBA21801),246.0512,87.42015987505515,-0.1358576484432669
2026-07-06,CN_ETF:510300.SH,沪深300ETF (510300),4.877,10.24854717939176,0.002105015947168395
2026-07-06,CN_ETF:518880.SH,黄金ETF (518880),8.631,2.20587782794022,-0.010496633574399096
2026-07-06,CN_INDEX:CBA21801.CS,中债30年国债指数 (CBA21801),246.5586,87.45012270188234,0.1802754431622451
2026-07-07,CN_ETF:510300.SH,沪深300ETF (510300),4.826,10.14956030179755,-0.10717160265511215
2026-07-07,CN_ETF:518880.SH,黄金ETF (518880),8.597,2.19896150701432,-0.008689589404468555
2026-07-07,CN_INDEX:CBA21801.CS,中债30年国债指数 (CBA21801),246.6579,87.55594886442735,0.03522001335300725
2026-07-08,CN_ETF:510300.SH,沪深300ETF (510300),4.798,10.07923012146922,-0.05888679826985638
2026-07-08,CN_ETF:518880.SH,黄金ETF (518880),8.589,2.19442382417136,-0.002046259399338513
2026-07-08,CN_INDEX:CBA21801.CS,中债30年国债指数 (CBA21801),247.1494,87.6309250631407,0.17446734471860728
2026-07-09,CN_ETF:510300.SH,沪深300ETF (510300),4.916,10.29754757641768,0.24788435896902183
2026-07-09,CN_ETF:518880.SH,黄金ETF (518880),8.544,2.17667686989041,-0.011497155907289626
2026-07-09,CN_INDEX:CBA21801.CS,中债30年国债指数 (CBA21801),247.2925,87.43062775623844,0.05073848197298315
2026-07-10,CN_ETF:510300.SH,沪深300ETF (510300),4.829,10.13317915008833,-0.18223894205621297
2026-07-10,CN_ETF:518880.SH,黄金ETF (518880),8.541,2.17975672901932,-0.0007642826088097915
2026-07-10,CN_INDEX:CBA21801.CS,中债30年国债指数 (CBA21801),247.3113,87.59174822770673,0.006646767701476994
2026-07-13,CN_ETF:510300.SH,沪深300ETF (510300),4.744,9.993533789767731,-0.17836409769258824
2026-07-13,CN_ETF:518880.SH,黄金ETF (518880),8.419,2.1569779430760003,-0.03113573597241032
2026-07-13,CN_INDEX:CBA21801.CS,中债30年国债指数 (CBA21801),246.8089,87.75380164774256,-0.17793806554573116
2026-07-14,CN_ETF:510300.SH,沪深300ETF (510300),4.837,10.16477938171513,0.1959103377842321
2026-07-14,CN_ETF:518880.SH,黄金ETF (518880),8.373,2.13999988787976,-0.011785364696697722
2026-07-14,CN_INDEX:CBA21801.CS,中债30年国债指数 (CBA21801),246.9735,87.59976573168811,0.05852412838928229
2026-07-15,CN_ETF:510300.SH,沪深300ETF (510300),4.838,10.15984503882922,0.002101463589356097
2026-07-15,CN_ETF:518880.SH,黄金ETF (518880),8.369,2.13749731341311,-0.001022333638064963
2026-07-15,CN_INDEX:CBA21801.CS,中债30年国债指数 (CBA21801),247.1657,87.60726870695048,0.06817199000551574
2026-07-16,CN_ETF:510300.SH,沪深300ETF (510300),4.753,10.0103512605832,-0.17850079129815738
2026-07-16,CN_ETF:518880.SH,黄金ETF (518880),8.363,2.1421722506135903,-0.0015324392257712461
2026-07-16,CN_INDEX:CBA21801.CS,中债30年国债指数 (CBA21801),246.8561,87.7518103360111,-0.10973695133131994
2026-07-17,CN_ETF:510300.SH,沪深300ETF (510300),4.589,9.68403133455543,-0.345402399902302
2026-07-17,CN_ETF:518880.SH,黄金ETF (518880),8.311,2.13305572018107,-0.013319736581598117
2026-07-17,CN_INDEX:CBA21801.CS,中债30年国债指数 (CBA21801),247.3109,88.08705790923077,0.16167120577866764
2026-07-20,CN_ETF:510300.SH,沪深300ETF (510300),4.65,9.80747073709769,0.12872650063366392
2026-07-20,CN_ETF:518880.SH,黄金ETF (518880),8.318,2.13370204684861,0.0017965816437572983
2026-07-20,CN_INDEX:CBA21801.CS,中债30年国债指数 (CBA21801),247.0958,87.96302382655975,-0.07661419757995634
2026-07-21,CN_ETF:510300.SH,沪深300ETF (510300),4.787,10.05838910897906,0.2889512883833068
2026-07-21,CN_ETF:518880.SH,黄金ETF (518880),8.468,2.16399694773997,0.038477435324271655
2026-07-21,CN_INDEX:CBA21801.CS,中债30年国债指数 (CBA21801),247.2382,87.6821714422586,0.050692624451330215
2026-07-22,CN_ETF:510300.SH,沪深300ETF (510300),4.765,9.953636992389809,-0.046226145894618834
2026-07-22,CN_ETF:518880.SH,黄金ETF (518880),8.56,2.17472049543039,0.023510595086452164
2026-07-22,CN_INDEX:CBA21801.CS,中债30年国债指数 (CBA21801),248.9602,87.77675791907788,0.6107013367010673
2026-07-23,CN_ETF:510300.SH,沪深300ETF (510300),4.787,9.98775236301418,0.04595593154933456
2026-07-23,CN_ETF:518880.SH,黄金ETF (518880),8.56,2.17214539955231,0.0
2026-07-23,CN_INDEX:CBA21801.CS,中债30年国债指数 (CBA21801),249.1661,87.74532999758576,0.07259487442386246
2026-07-24,CN_ETF:510300.SH,沪深300ETF (510300),4.701,9.80949812830602,-0.179433194739758
2026-07-24,CN_ETF:518880.SH,黄金ETF (518880),8.385,2.1279939755561297,-0.044407178145053176
2026-07-24,CN_INDEX:CBA21801.CS,中债30年国债指数 (CBA21801),249.7676,87.96772426466622,0.21182181682639123
2026-07-27,CN_ETF:510300.SH,沪深300ETF (510300),4.753,9.904331779265659,0.10850753088107191
2026-07-27,CN_ETF:518880.SH,黄金ETF (518880),8.502,2.15471212800407,0.02969293919380661
2026-07-27,CN_INDEX:CBA21801.CS,中债30年国债指数 (CBA21801),249.7672,87.84630313873954,-0.00014087932023116448
2026-07-28,CN_ETF:510300.SH,沪深300ETF (510300),4.627,9.6678394348907,-0.26255960534135786
2026-07-28,CN_ETF:518880.SH,黄金ETF (518880),8.4,2.13461720359855,-0.025850463074149163
2026-07-28,CN_INDEX:CBA21801.CS,中债30年国债指数 (CBA21801),249.8206,88.10263450609357,0.018781459645663703
2026-07-29,CN_ETF:510300.SH,沪深300ETF (510300),4.657,9.73267549796777,0.06268320359773648
2026-07-29,CN_ETF:518880.SH,黄金ETF (518880),8.392,2.13305606500679,-0.002032968765332135
2026-07-29,CN_INDEX:CBA21801.CS,中债30年国债指数 (CBA21801),249.5859,88.03933858320595,-0.08277014913333529
2026-07-30,CN_ETF:510300.SH,沪深300ETF (510300),4.605,9.59040953054439,-0.1086749250363582
2026-07-30,CN_ETF:518880.SH,黄金ETF (518880),8.36,2.1175056873497002,-0.008133674223095426
2026-07-30,CN_INDEX:CBA21801.CS,中债30年国债指数 (CBA21801),250.91,88.19748626583353,0.46706519966881677
2026-07-31,CN_ETF:510300.SH,沪深300ETF (510300),4.653,9.66933604347278,0.0999651807744024
2026-07-31,CN_ETF:518880.SH,黄金ETF (518880),8.433,2.1313584310367997,0.01849018124121146
2026-07-31,CN_INDEX:CBA21801.CS,中债30年国债指数 (CBA21801),251.192,88.10491239103474,0.09912594606419486
2026-08-03,CN_ETF:510300.SH,沪深300ETF (510300),4.599,6.7205779226506,-0.1122166658816939
2026-08-03,CN_ETF:518880.SH,黄金ETF (518880),8.417,2.1288237383317,-0.004043843815556684
2026-08-03,CN_INDEX:CBA21801.CS,中债30年国债指数 (CBA21801),251.2886,91.09664126031478,0.03388218787610941
