YearMonth,能源化工ETF (159981),豆粕ETF (159985),沪深300ETF (510300),红利低波ETF (512890),黄金ETF (518880),中债30年国债指数 (CBA21801),组合月度总收益率
2020-07,-0.00010231743453056069,0.0008597044787325739,-0.0006284729258316568,-0.0006889908422038524,0.003628070381876571,-0.00429908636347302,-0.0015233618197487697
2020-08,0.003918694626299249,0.002661798901449631,0.0018764662478024038,0.0032027808826217666,-0.0014102273439699632,-0.00010239219745663284,0.010839381435828965
2020-09,-0.0033942443015388896,0.006251484465228733,-0.003406313990186312,-0.005981963067668368,-0.002069256952791015,-0.007215442300433091,-0.015832061627068073
2020-10,0.0007261556273127109,0.008031912904257362,0.0018130528957782297,0.0007415365407022765,-0.0010647125860296575,0.00018711890684981226,0.01009719508910445
2020-11,0.010172264490757367,0.006474930398563319,0.004503534290004211,0.012939419899947732,-0.0036382359770441653,0.001101624589762197,0.03183901008419343
2020-12,0.010578423251104883,0.008763267591048812,0.003908335416491345,-0.009870864358358182,0.002997191113997684,0.010415896484232962,0.02700659320009091
2021-01,-0.0018781824720370474,0.0005388838365222173,0.0009365146570605167,-0.004136149243102779,-0.0009260106294981408,0.0015733256695309012,-0.0029923533683104964
2021-02,0.014541952819482151,-0.0014660100287926777,0.00016120901760022775,0.005517542748436231,-0.0021570153014630646,-0.004300647481928537,0.011273792666675275
2021-03,0.0025120134674640098,-0.0020658774606224007,-0.0028249299997374273,0.0028061198677038503,-0.0027127021440330745,0.012059459759388338,0.01013127362132793
2021-04,0.004043620632643274,0.00290616404120608,0.0007751247074339303,0.001014740178439766,0.002851223883661962,0.007235086787589274,0.018452473840497863
2021-05,0.000997513745533123,0.0003176308941725451,0.0020575421176670275,0.005470854836609774,0.003655425131601174,0.009628195182810178,0.02201666446249373
2021-06,0.0012152517921528532,-0.0002911695776817575,-0.000801125767669574,-0.002068812294806254,-0.004371173279634222,-0.005200119198314413,-0.011510521143020314
2021-07,0.005200516845816301,0.0016109382186686079,-0.0037146156766288884,-0.004190155761296652,0.0024281924110895314,0.025175299780750456,0.026758786503862764
2021-08,-0.001179355715384006,-0.0008660954412507702,7.811102180145302e-05,0.009482841469433574,-0.0005222136123599286,0.00621969678185126,0.013249667022437794
2021-09,0.014781517691548602,-0.0006453045548710564,0.0005406172429352218,0.004433346682949929,-0.0034996724259574517,0.0003226943892548764,0.0156406496891508
2021-10,-0.005493605469881486,-0.0034780293735502178,0.00028122538431925667,-0.03956135713860996,0.0015768802912278028,-0.004664914600314714,-0.01608401136204496
2021-11,-0.003868043679257151,-0.0004691594345911531,-0.0010791713598553442,-0.0005722076719496165,-8.145505355436006e-05,0.011772914191177422,0.005230442006493252
2021-12,0.0009820851087040017,0.003750834009776096,0.0015098903825622634,0.00386983752356642,0.0008954070774522066,0.005588883996867129,0.016690408572372917
2022-01,0.0042553620337046775,0.006529374049925088,-0.006840945206324755,-0.00027889323422057805,-0.0015600298782265417,0.007642477835425337,0.010670133666212278
2022-02,-0.00018413743894866048,0.01634338879717112,0.0002711314370907371,0.0021566176946319986,0.007495287597749943,-0.006101396902355591,0.01918660828225427
2022-03,0.001749358982204686,0.006667539585171397,-0.00542661527042062,0.0019345406659099153,0.001802161948962932,0.0008412317560836139,0.007258938897874101
2022-04,-0.0009168584393802687,-0.0007490142796176976,-0.004515604447681374,-0.0014574301353398385,0.0028595101955287373,0.006778303654189376,0.003410682735171422
2022-05,0.0016176977880124066,0.002442890392897868,0.0011202930913119576,0.0007838560626755579,-0.0015268487910351238,0.006499588176838713,0.010684838833266763
2022-06,-0.002136529580870832,-0.0037766930179234594,0.0067460430284807405,0.0002887123239749148,-0.0013742278243035959,-0.0016763817392606017,-0.0021979607347382135
2022-07,-0.0021589200800682527,0.0008342771994450465,-0.004662800870456409,-0.0021782346279813768,-0.001617483613483385,0.008680017980702628,-0.00115205679455066
2022-08,-0.0009118986885212776,0.001812646331396575,-0.001235407840191293,0.0020711474323230946,0.00021798749835892585,0.019326721422174314,0.021460326943048225
2022-09,0.0007552812916020657,0.0036041094948295427,-0.0029689202328223746,-0.0003183189304284779,0.0001587539960862185,-0.006383778991639252,-0.0053673901627994125
2022-10,-0.002739968978734116,0.0002527672450645753,-0.0031091475993649835,-0.002684170722673281,0.00033439957604624703,0.0125560322517769,0.004241005147200827
2022-11,0.0009248352369699206,0.0022933338863636117,0.0051990539383778445,0.003924137684190246,0.0034498457271979425,-0.02186866099105693,-0.005334212484221723
2022-12,0.002827859181383621,0.0059351630709484635,0.00036850961441275986,-0.0029764096738733197,0.0012981562770436042,0.00929505383911831,0.016209030100162947
2023-01,0.0015077480267928047,-0.0007276081687243972,0.005516169400247348,0.001738424848620787,0.0027193955337461904,-0.00328972844210565,0.009073673443571906
2023-02,-0.0017390614478884343,-0.002550058630456954,-0.0021680165381401735,0.0020845447446680484,-0.0027552497627368402,0.00011705091490218634,-0.007057185227289042
2023-03,0.00261048743607311,-0.0054461749266854305,-0.0005333437359831552,0.0008095046780668949,0.01215663314379314,0.007442351014175228,0.01713246987903405
2023-04,-0.0014373832763440726,-0.0010795061160963747,-0.000931548739146603,0.007557292422303019,7.157113446333574e-05,0.008479583394055783,0.01344533115039126
2023-05,-0.005393412557423161,-0.002302718493941232,-0.006760060154837559,-0.003976082470931481,0.00239945961431879,0.003994635210905623,-0.012031364553559687
2023-06,0.002778799957930776,0.007650778019708581,0.0013948259409734824,-0.000253661119921406,-0.00034998681775190454,0.008281325053239759,0.01881502665948309
2023-07,0.003722854472932679,0.009687455584822612,0.0031158575734730664,0.0024794882555117365,0.0011257274373091247,0.006733643961745116,0.02716926215038229
2023-08,0.0034550436608589328,0.008331681590206209,-0.003747226319043031,-0.0015617541345570262,0.0015305449791154274,0.015317751886887637,0.023546405804538484
2023-09,-0.0010209356399059984,-0.0033228670447131552,-0.0011456605351369115,0.0008305587709186283,-0.0010646908009203952,-0.012878014315360932,-0.018474219765488686
2023-10,-0.0013755465238131808,-0.0014528821247506184,-0.0018348505829316145,-0.0023406037974090894,0.005262574495422775,-0.0006871955996770461,-0.002553037626807031
2023-11,0.0005133401901009993,-0.0006223009987299162,-0.0012509163114340278,-8.652569045712355e-05,-0.0008160097859553223,0.007059988260721629,0.0047735627560159255
2023-12,0.0005756582072243274,-0.0016490412552105438,-0.001413719163319357,-0.0005811936466813201,0.0016207309172222456,0.014264509564592017,0.012619286858704726
2024-01,0.0002890743722469454,-0.006407855968155638,-0.006550247815339643,0.003395287934292409,0.0001318143709003196,0.02334434234221783,0.01588951119832327
2024-02,-0.0006462500404705019,0.0005444255925680745,0.006504112807509742,0.003820996128482698,-0.00016164233123940074,0.016683770266147032,0.027039727334758457
2024-03,-0.000893398133636303,0.003934652915317359,0.0005180910071750412,0.000857039384594435,0.012446886252521324,-0.002686388226035401,0.014112052552465837
2024-04,0.0011263767706475604,0.0013304339632663111,0.0016302896404329994,0.001938702692479523,0.004188300851533616,-0.0005428958765116079,0.009789691448037763
2024-05,0.0032647797768777594,0.0017998200705931985,-0.0003585731640725731,0.0034067136744065935,0.0009931198995305921,0.0010434603862945217,0.010035717881235584
2024-06,-0.0021508367424044137,-0.0019140063378439694,-0.0022683025076846576,-0.0019490919844376347,-0.0009061238001624879,0.015751478501571124,0.0065219997910157534
2024-07,-0.004289637380125302,-0.004583210675083703,0.0005063440666931837,-0.0026234920760468015,0.0027682015295135585,0.00987639189424346,0.0015953463316609184
2024-08,-0.004358847802159606,-0.0021586556657496305,-0.005198384037620735,-0.0015596939587130974,0.0015390414909104428,0.0028913375444751875,-0.009432734641219853
2024-09,-0.0006942070763369026,0.002813887317762438,0.04211107199451261,0.009110386731456477,0.0028587645224462566,0.001972892407319111,0.05852063677287078
2024-10,-0.001576758478392168,-0.003472806974506016,-0.009659127742086871,-0.004431054326536037,0.005771388417490203,0.0033630742440763878,-0.00543306457755266
2024-11,-0.0007288602118373034,0.00026694830208491614,0.0009243325625290526,0.0013364674426363176,-0.00257258151741186,0.012713199693031925,0.010271887005109281
2024-12,0.0009585014872174146,-0.0034883683458600025,0.0005395234726114579,0.001651084526327343,0.0002921466146863688,0.026171007679207627,0.026350497414337593
2025-01,-0.0008470254623464506,0.0038012338265349856,-0.002736052529651629,-0.0011288098271192545,0.0048260999330925255,0.008375247794534711,0.012289734121395224
2025-02,-0.0009266233798805846,0.0035445572881647167,0.001996360695317002,-0.0005030873879230141,0.004202253129893446,-0.008905579306305322,-0.0008566831873280112
2025-03,-0.005399064361546411,-0.0022515970913650303,-0.0002526908320953251,0.0013014597344795284,0.010028600439322332,-0.009231449474540547,-0.005931514050819264
2025-04,-0.011242878414478066,-0.0011345442439080955,-0.002085040117041043,-0.00029883155023445007,0.00813750992863503,0.019529674219231,0.012758157712518647
2025-05,-0.00012507927529672286,0.0007612067846823937,0.0019730243285314003,0.0054188623451547485,-0.00014807551074888644,-0.007402910454859794,0.0010640102838357368
2025-06,0.0026627020496006546,-1.7351718124549332e-05,0.0007166060830685929,0.002892807510929741,-0.0005572455601467544,0.0050369401180038915,0.01342740216546301
2025-07,0.0009671266553258307,0.0014035817723776554,0.005153799922544981,-0.0006142014079115587,0.0003881003052372384,-0.003968154619799832,0.003271979259259261
2025-08,-0.0022425515410828423,0.0025054175572773703,0.0133710580176536,0.001515843263792855,0.0014365391100603201,-0.009995839313762543,0.0065221482742077175
2025-09,-0.0018122171629176812,-0.0031358128172565836,0.004255171758549947,-0.005834410706011825,0.009015272027841173,-0.01078560261168039,-0.008349865842277482
2025-10,-0.003253139769014395,0.0011574775064648205,0.00046600174945890006,0.005201349965162882,0.004638954432044092,0.01040265484004578,0.018583113437505627
2025-11,-3.7130639485563914e-05,0.0038031377029725142,-0.0035439786610368344,0.0016709461952214056,0.0019039751612343117,-0.00686457562436104,-0.0031335395256811838
2025-12,0.002452692034997408,-0.004333236245764548,0.003533532936215206,-0.002980551623993016,0.0016669155841067833,-0.009836833939815501,-0.009559668539993238
2026-01,0.002595776429792934,0.0019107604274149776,-6.142753502986716e-05,-0.0008728017847000075,0.015516218433848001,0.001995281658858195,0.02326072127114931
2026-02,-0.0019553648138597416,0.0026265871913782974,0.00032414868385350075,0.0004410398675445052,-0.0029316630835917127,0.001790074250500586,-0.00040893435605759976
2026-03,0.021581116230775788,0.004528603437099211,-0.005278092278181455,0.0026739394173354233,-0.001619058074785396,-0.0034476429820286926,0.017556041649783305
2026-04,-0.0017359496626692039,0.004096713768075095,0.007280426871410426,-0.0013221908886273267,-3.551312854904796e-05,0.007887254598730683,0.01782639101796124
2026-05,-0.003968633004697557,-0.004565429462562754,0.0019917951639419895,-0.0027808624405387975,-0.0006276369945076542,0.0051558406462373415,-0.004869506147558433
2026-06,-0.00479425882867588,-0.003646108296017545,0.0026487377275738024,-0.013428550307804061,-0.0022858022227048177,0.000352550300681341,-0.021361168604110747
2026-07,0.001961858596312113,0.004173566899500951,-0.009049918199572418,0.018452917646851412,0.00013127428528626238,0.009286768891465787,0.02506930253536721
2026-08,8.480759793674297e-05,0.00027160603260786284,-0.001317012109135273,-0.0001324772281495395,-3.5475073646742643e-05,0.00021685801660652584,-0.0013736014111649375
