slippage_scenario,start_date,run_id,raw_path,total_return,annualized_return,annualized_return_active,first_trade_date,active_observations,annualized_volatility,max_drawdown,sharpe_ratio,active_sharpe_ratio,annualized_turnover,trade_count,order_count,rejected_order_count,max_pending_intent_count,average_cash_weight,execution_slippage
default,2023-06-13,domestic_cvar_dynamic_budget_bond_30y_511090_default_start_20230613_sensitivity_20260804_142109_687818,D:\strategy\platform\results\sensitivity\risk_parity_cvar_dynamic_budget\20260804_142109\default\2023-06-13\risk_parity_cvar_dynamic_budget\domestic_cvar_dynamic_budget_bond_30y_511090_default_start_20230613_sensitivity_20260804_142109_687818,0.5118577096058281,0.14668419342042505,0.17548848856836052,2023-12-11,640,0.06706233947517504,-0.04506756102251397,2.187281185958689,2.4034066192056036,0.5920895744234559,58,59,1,3,0.16277832208608817,0.0002952139405148548
default,2023-08-14,domestic_cvar_dynamic_budget_bond_30y_511090_default_start_20230814_sensitivity_20260804_142110_114359,D:\strategy\platform\results\sensitivity\risk_parity_cvar_dynamic_budget\20260804_142109\default\2023-08-14\risk_parity_cvar_dynamic_budget\domestic_cvar_dynamic_budget_bond_30y_511090_default_start_20230814_sensitivity_20260804_142110_114359,0.4400959389552159,0.1363551954834381,0.1667494819475539,2024-02-08,598,0.06830160254826464,-0.04496315635813197,1.996368904918213,2.2293947138719497,0.6016599213129609,54,55,1,3,0.17255771753156576,0.0002965007708732111
default,2023-10-13,domestic_cvar_dynamic_budget_bond_30y_511090_default_start_20231013_sensitivity_20260804_142110_546020,D:\strategy\platform\results\sensitivity\risk_parity_cvar_dynamic_budget\20260804_142109\default\2023-10-13\risk_parity_cvar_dynamic_budget\domestic_cvar_dynamic_budget_bond_30y_511090_default_start_20231013_sensitivity_20260804_142110_546020,0.3616849545913561,0.12102232826978065,0.1486228710997295,2024-04-12,560,0.0687022483811579,-0.045089984999490795,1.7615482916709304,1.9635089350266908,0.6196032931219634,55,56,1,3,0.18218280748650695,0.0003044729297632407
default,2023-12-13,domestic_cvar_dynamic_budget_bond_30y_511090_default_start_20231213_sensitivity_20260804_142110_946750,D:\strategy\platform\results\sensitivity\risk_parity_cvar_dynamic_budget\20260804_142109\default\2023-12-13\risk_parity_cvar_dynamic_budget\domestic_cvar_dynamic_budget_bond_30y_511090_default_start_20231213_sensitivity_20260804_142110_946750,0.3735232910092079,0.133556236653394,0.16627424174011107,2024-06-18,517,0.06893586309288507,-0.04509852954382365,1.937398484058125,2.1740617904517814,0.6128504764452045,48,49,1,3,0.193158069756932,0.0002946144567583335
default,2024-02-19,domestic_cvar_dynamic_budget_bond_30y_511090_default_start_20240219_sensitivity_20260804_142111_331297,D:\strategy\platform\results\sensitivity\risk_parity_cvar_dynamic_budget\20260804_142109\default\2024-02-19\risk_parity_cvar_dynamic_budget\domestic_cvar_dynamic_budget_bond_30y_511090_default_start_20240219_sensitivity_20260804_142111_331297,0.3586099644111842,0.13810077138122034,0.17787138641506295,2024-08-14,476,0.06935973684771837,-0.0450238873842953,1.9910798059171593,2.2942654714788637,0.5909017636637813,39,40,1,3,0.20608816108212552,0.00029099209565970114
default,2024-04-15,domestic_cvar_dynamic_budget_bond_30y_511090_default_start_20240415_sensitivity_20260804_142111_712141,D:\strategy\platform\results\sensitivity\risk_parity_cvar_dynamic_budget\20260804_142109\default\2024-04-15\risk_parity_cvar_dynamic_budget\domestic_cvar_dynamic_budget_bond_30y_511090_default_start_20240415_sensitivity_20260804_142111_712141,0.22349193023968805,0.09519390662328142,0.12305377405223661,2024-10-16,438,0.05905087325185768,-0.04502365107187256,1.6120660268184386,1.8461885223656438,0.5538743210818949,32,33,1,3,0.21996756329871112,0.0003136270074819703
default,2024-06-13,domestic_cvar_dynamic_budget_bond_30y_511090_default_start_20240613_sensitivity_20260804_142112_071597,D:\strategy\platform\results\sensitivity\risk_parity_cvar_dynamic_budget\20260804_142109\default\2024-06-13\risk_parity_cvar_dynamic_budget\domestic_cvar_dynamic_budget_bond_30y_511090_default_start_20240613_sensitivity_20260804_142112_071597,0.191529646777288,0.08863321899838472,0.11525345750004057,2024-12-10,399,0.05855769349935253,-0.04484663661711186,1.513605022700642,1.7258612980626704,0.585521496914828,33,34,1,3,0.23591918071356419,0.00031419614510184654
default,2024-08-13,domestic_cvar_dynamic_budget_bond_30y_511090_default_start_20240813_sensitivity_20260804_142112_433286,D:\strategy\platform\results\sensitivity\risk_parity_cvar_dynamic_budget\20260804_142109\default\2024-08-13\risk_parity_cvar_dynamic_budget\domestic_cvar_dynamic_budget_bond_30y_511090_default_start_20240813_sensitivity_20260804_142112_433286,0.13094251854155603,0.06716785211335519,0.09059459237010858,2025-02-18,356,0.05815919342561022,-0.04504363441431325,1.1548965547341659,1.3459369140036463,0.5965160922374715,29,30,1,3,0.2584531178468278,0.0003184115392904903
default,2024-10-14,domestic_cvar_dynamic_budget_bond_30y_511090_default_start_20241014_sensitivity_20260804_142112_767166,D:\strategy\platform\results\sensitivity\risk_parity_cvar_dynamic_budget\20260804_142109\default\2024-10-14\risk_parity_cvar_dynamic_budget\domestic_cvar_dynamic_budget_bond_30y_511090_default_start_20241014_sensitivity_20260804_142112_767166,0.09171209956262039,0.05153942876910089,0.07564834725776604,2025-04-11,319,0.054820721497290704,-0.045018583928687184,0.940145028402226,1.1773832838213851,0.5942203380859282,30,31,1,3,0.28135484041778086,0.00029991176048442937
default,2024-12-13,domestic_cvar_dynamic_budget_bond_30y_511090_default_start_20241213_sensitivity_20260804_142113_078645,D:\strategy\platform\results\sensitivity\risk_parity_cvar_dynamic_budget\20260804_142109\default\2024-12-13\risk_parity_cvar_dynamic_budget\domestic_cvar_dynamic_budget_bond_30y_511090_default_start_20241213_sensitivity_20260804_142113_078645,0.08425994983825591,0.05282848965774489,0.0762776578869857,2025-06-18,275,0.05285206985595024,-0.045167041543153874,0.9995538453220542,1.2024174388243212,0.6173328391781288,27,28,1,3,0.3077881638763757,0.00026169637964549935
default,2025-02-13,domestic_cvar_dynamic_budget_bond_30y_511090_default_start_20250213_sensitivity_20260804_142113_386094,D:\strategy\platform\results\sensitivity\risk_parity_cvar_dynamic_budget\20260804_142109\default\2025-02-13\risk_parity_cvar_dynamic_budget\domestic_cvar_dynamic_budget_bond_30y_511090_default_start_20250213_sensitivity_20260804_142113_386094,0.06468553644958819,0.04498011392615431,0.06984721204876454,2025-08-08,238,0.054573792413592295,-0.04507039693652626,0.8242072235931224,1.0415658127734726,0.6385133840663566,23,24,1,3,0.3393938619162821,0.0002586520907480889
default,2025-04-14,domestic_cvar_dynamic_budget_bond_30y_511090_default_start_20250414_sensitivity_20260804_142113_678546,D:\strategy\platform\results\sensitivity\risk_parity_cvar_dynamic_budget\20260804_142109\default\2025-04-14\risk_parity_cvar_dynamic_budget\domestic_cvar_dynamic_budget_bond_30y_511090_default_start_20250414_sensitivity_20260804_142113_678546,0.030011517160200007,0.023709522990060794,0.04319966281089105,2025-10-14,197,0.052326812048566325,-0.0450506695318571,0.4531046716175861,0.6499731818049576,0.6702943868870899,21,22,1,3,0.3840959567559237,0.00024479057614885437
default,2025-06-13,domestic_cvar_dynamic_budget_bond_30y_511090_default_start_20250613_sensitivity_20260804_142113_960126,D:\strategy\platform\results\sensitivity\risk_parity_cvar_dynamic_budget\20260804_142109\default\2025-06-13\risk_parity_cvar_dynamic_budget\domestic_cvar_dynamic_budget_bond_30y_511090_default_start_20250613_sensitivity_20260804_142113_960126,0.04969916753521608,0.04494819141889095,0.08179346430553891,2025-12-09,157,0.05268453701602537,-0.046353175316816264,0.8531571873777459,1.1648938812200893,0.7335698546371668,20,21,1,3,0.4382467292203623,0.00024813258295350825
default,2025-08-13,domestic_cvar_dynamic_budget_bond_30y_511090_default_start_20250813_sensitivity_20260804_142114_222714,D:\strategy\platform\results\sensitivity\risk_parity_cvar_dynamic_budget\20260804_142109\default\2025-08-13\risk_parity_cvar_dynamic_budget\domestic_cvar_dynamic_budget_bond_30y_511090_default_start_20250813_sensitivity_20260804_142114_222714,0.015286740489744322,0.016401611137109473,0.03485318007916294,2026-02-10,114,0.044081531047156425,-0.04002588851258582,0.37207444359325387,0.548383014566511,0.7648909247328824,12,12,0,3,0.5179515063983218,0.0002174128528433624
default,2025-10-13,domestic_cvar_dynamic_budget_bond_30y_511090_default_start_20251013_sensitivity_20260804_142114_472600,D:\strategy\platform\results\sensitivity\risk_parity_cvar_dynamic_budget\20260804_142109\default\2025-10-13\risk_parity_cvar_dynamic_budget\domestic_cvar_dynamic_budget_bond_30y_511090_default_start_20251013_sensitivity_20260804_142114_472600,0.027524406553603997,0.03516167890328803,0.08034001693010207,2026-04-13,77,0.03516793423377325,-0.020895985727146793,0.9998221297149944,1.425303081106873,0.827637197197841,8,8,0,3,0.6114167909688747,0.00020894826244615287
default,2025-12-15,domestic_cvar_dynamic_budget_bond_30y_511090_default_start_20251215_sensitivity_20260804_142114_727859,D:\strategy\platform\results\sensitivity\risk_parity_cvar_dynamic_budget\20260804_142109\default\2025-12-15\risk_parity_cvar_dynamic_budget\domestic_cvar_dynamic_budget_bond_30y_511090_default_start_20251215_sensitivity_20260804_142114_727859,0.0025234043926722904,0.004159587563269618,0.014521591225357788,2026-06-18,32,0.02195621117423981,-0.015350587831052143,0.18944924195982712,0.29508452676137825,0.915874371500128,8,8,0,3,0.7909739849967206,0.00020912707226068748
default,2026-02-13,domestic_cvar_dynamic_budget_bond_30y_511090_default_start_20260213_sensitivity_20260804_142114_958448,D:\strategy\platform\results\sensitivity\risk_parity_cvar_dynamic_budget\20260804_142109\default\2026-02-13\risk_parity_cvar_dynamic_budget\domestic_cvar_dynamic_budget_bond_30y_511090_default_start_20260213_sensitivity_20260804_142114_958448,0.0,0.0,0.0,,0,0.0,0.0,0.0,0.0,0.0,0,0,0,0,1.0,0.0
default,2026-04-13,domestic_cvar_dynamic_budget_bond_30y_511090_default_start_20260413_sensitivity_20260804_142115_100756,D:\strategy\platform\results\sensitivity\risk_parity_cvar_dynamic_budget\20260804_142109\default\2026-04-13\risk_parity_cvar_dynamic_budget\domestic_cvar_dynamic_budget_bond_30y_511090_default_start_20260413_sensitivity_20260804_142115_100756,0.0,0.0,0.0,,0,0.0,0.0,0.0,0.0,0.0,0,0,0,0,1.0,0.0
default,2026-06-15,domestic_cvar_dynamic_budget_bond_30y_511090_default_start_20260615_sensitivity_20260804_142115_226542,D:\strategy\platform\results\sensitivity\risk_parity_cvar_dynamic_budget\20260804_142109\default\2026-06-15\risk_parity_cvar_dynamic_budget\domestic_cvar_dynamic_budget_bond_30y_511090_default_start_20260615_sensitivity_20260804_142115_226542,0.0,0.0,0.0,,0,0.0,0.0,0.0,0.0,0.0,0,0,0,0,1.0,0.0
stress,2023-06-13,domestic_cvar_dynamic_budget_bond_30y_511090_stress_start_20230613_sensitivity_20260804_142115_305008,D:\strategy\platform\results\sensitivity\risk_parity_cvar_dynamic_budget\20260804_142109\stress\2023-06-13\risk_parity_cvar_dynamic_budget\domestic_cvar_dynamic_budget_bond_30y_511090_stress_start_20230613_sensitivity_20260804_142115_305008,0.5055592363855603,0.14510006589594782,0.17407250743656433,2023-12-11,640,0.06695123817650865,-0.04547287431048397,2.1672499246901076,2.387610332251432,0.5903194575277867,57,58,1,3,0.16286486367970923,0.001475419600668678
stress,2023-08-14,domestic_cvar_dynamic_budget_bond_30y_511090_stress_start_20230814_sensitivity_20260804_142115_761964,D:\strategy\platform\results\sensitivity\risk_parity_cvar_dynamic_budget\20260804_142109\stress\2023-08-14\risk_parity_cvar_dynamic_budget\domestic_cvar_dynamic_budget_bond_30y_511090_stress_start_20230814_sensitivity_20260804_142115_761964,0.4341106231802203,0.13469763826067727,0.16527697626351134,2024-02-08,598,0.06816845778683261,-0.045175035017188225,1.9759525539199656,2.214444676091893,0.5922287304984937,52,53,1,3,0.17178493283347757,0.0014905398781390187
stress,2023-10-13,domestic_cvar_dynamic_budget_bond_30y_511090_stress_start_20231013_sensitivity_20260804_142116_211894,D:\strategy\platform\results\sensitivity\risk_parity_cvar_dynamic_budget\20260804_142109\stress\2023-10-13\risk_parity_cvar_dynamic_budget\domestic_cvar_dynamic_budget_bond_30y_511090_stress_start_20231013_sensitivity_20260804_142116_211894,0.3560663820230403,0.11930844048736722,0.1471385784265471,2024-04-12,560,0.06861595268342506,-0.04541666139120215,1.7387857461926268,1.946361817102478,0.6146948390073387,55,56,1,3,0.18143066601189492,0.0015319096774584846
stress,2023-12-13,domestic_cvar_dynamic_budget_bond_30y_511090_stress_start_20231213_sensitivity_20260804_142116_676605,D:\strategy\platform\results\sensitivity\risk_parity_cvar_dynamic_budget\20260804_142109\stress\2023-12-13\risk_parity_cvar_dynamic_budget\domestic_cvar_dynamic_budget_bond_30y_511090_stress_start_20231213_sensitivity_20260804_142116_676605,0.3665682932386405,0.1312855853741588,0.1640245288099358,2024-06-18,517,0.06874146544108037,-0.045198636391373226,1.909845600930434,2.1504953295586953,0.6132641354938807,49,50,1,3,0.1936999901997927,0.0014720431254742347
stress,2024-02-19,domestic_cvar_dynamic_budget_bond_30y_511090_stress_start_20240219_sensitivity_20260804_142117_133007,D:\strategy\platform\results\sensitivity\risk_parity_cvar_dynamic_budget\20260804_142109\stress\2024-02-19\risk_parity_cvar_dynamic_budget\domestic_cvar_dynamic_budget_bond_30y_511090_stress_start_20240219_sensitivity_20260804_142117_133007,0.3543214856194401,0.13658298036188143,0.1765506133016086,2024-08-14,476,0.06928279547738304,-0.045453392226454836,1.9713837962336282,2.280508757206989,0.5923325635082408,40,41,1,3,0.20709179295380448,0.0014561542862005135
stress,2024-04-15,domestic_cvar_dynamic_budget_bond_30y_511090_stress_start_20240415_sensitivity_20260804_142117_570957,D:\strategy\platform\results\sensitivity\risk_parity_cvar_dynamic_budget\20260804_142109\stress\2024-04-15\risk_parity_cvar_dynamic_budget\domestic_cvar_dynamic_budget_bond_30y_511090_stress_start_20240415_sensitivity_20260804_142117_570957,0.2187577098259399,0.09328146032722695,0.12132357179377462,2024-10-16,438,0.05907824501407272,-0.04532221256806668,1.5789477210266971,1.8195920589583001,0.551804819280835,31,32,1,3,0.22029131461200077,0.0015689302860579795
stress,2024-06-13,domestic_cvar_dynamic_budget_bond_30y_511090_stress_start_20240613_sensitivity_20260804_142118_027973,D:\strategy\platform\results\sensitivity\risk_parity_cvar_dynamic_budget\20260804_142109\stress\2024-06-13\risk_parity_cvar_dynamic_budget\domestic_cvar_dynamic_budget_bond_30y_511090_stress_start_20240613_sensitivity_20260804_142118_027973,0.1872473359234399,0.08673539961764187,0.1135810318495103,2024-12-10,399,0.058414317962926766,-0.04536647459651255,1.4848311619882195,1.7044774872405422,0.5855850349764001,34,35,1,3,0.2372132289462044,0.0015692848424914917
stress,2024-08-13,domestic_cvar_dynamic_budget_bond_30y_511090_stress_start_20240813_sensitivity_20260804_142118_433224,D:\strategy\platform\results\sensitivity\risk_parity_cvar_dynamic_budget\20260804_142109\stress\2024-08-13\risk_parity_cvar_dynamic_budget\domestic_cvar_dynamic_budget_bond_30y_511090_stress_start_20240813_sensitivity_20260804_142118_433224,0.1276348187890004,0.06551778979986844,0.08934681842721481,2025-02-18,356,0.05784969125065215,-0.04519343438996759,1.132552108463152,1.334587800929917,0.5941423668154964,31,32,1,3,0.2585503772465972,0.0015956300161370195
stress,2024-10-14,domestic_cvar_dynamic_budget_bond_30y_511090_stress_start_20241014_sensitivity_20260804_142118_841072,D:\strategy\platform\results\sensitivity\risk_parity_cvar_dynamic_budget\20260804_142109\stress\2024-10-14\risk_parity_cvar_dynamic_budget\domestic_cvar_dynamic_budget_bond_30y_511090_stress_start_20241014_sensitivity_20260804_142118_841072,0.08904505199090029,0.05006737751051227,0.07460330292682915,2025-04-11,319,0.054906989191451185,-0.04532753433130787,0.9118580029208299,1.1607033154641144,0.5918480204954143,30,31,1,3,0.2803218305802331,0.0015024315068845717
stress,2024-12-13,domestic_cvar_dynamic_budget_bond_30y_511090_stress_start_20241213_sensitivity_20260804_142119_212525,D:\strategy\platform\results\sensitivity\risk_parity_cvar_dynamic_budget\20260804_142109\stress\2024-12-13\risk_parity_cvar_dynamic_budget\domestic_cvar_dynamic_budget_bond_30y_511090_stress_start_20241213_sensitivity_20260804_142119_212525,0.08209399838006037,0.05148962665917978,0.07532281681716002,2025-06-18,275,0.05283754925734527,-0.04545849174716954,0.9744893051038299,1.1876805192091824,0.6178737688356065,27,28,1,3,0.30720909247017725,0.001307168393760752
stress,2025-02-13,domestic_cvar_dynamic_budget_bond_30y_511090_stress_start_20250213_sensitivity_20260804_142119_604872,D:\strategy\platform\results\sensitivity\risk_parity_cvar_dynamic_budget\20260804_142109\stress\2025-02-13\risk_parity_cvar_dynamic_budget\domestic_cvar_dynamic_budget_bond_30y_511090_stress_start_20250213_sensitivity_20260804_142119_604872,0.06296266892623992,0.04379284407496242,0.06915714659131367,2025-08-08,238,0.05429894464718626,-0.0451783557291765,0.8065137243368458,1.036933400571602,0.6340383835227893,24,25,1,3,0.34035536514195674,0.00129270721082932
stress,2025-04-14,domestic_cvar_dynamic_budget_bond_30y_511090_stress_start_20250414_sensitivity_20260804_142119_921519,D:\strategy\platform\results\sensitivity\risk_parity_cvar_dynamic_budget\20260804_142109\stress\2025-04-14\risk_parity_cvar_dynamic_budget\domestic_cvar_dynamic_budget_bond_30y_511090_stress_start_20250414_sensitivity_20260804_142119_921519,0.0282422428168001,0.02231578632707354,0.04219047033257972,2025-10-14,197,0.05232358894779364,-0.04531066734083267,0.4264957120838811,0.6355415696402176,0.6712180944533267,22,23,1,3,0.3844062539182104,0.0012237431765953208
stress,2025-06-13,domestic_cvar_dynamic_budget_bond_30y_511090_stress_start_20250613_sensitivity_20260804_142120_226424,D:\strategy\platform\results\sensitivity\risk_parity_cvar_dynamic_budget\20260804_142109\stress\2025-06-13\risk_parity_cvar_dynamic_budget\domestic_cvar_dynamic_budget_bond_30y_511090_stress_start_20250613_sensitivity_20260804_142120_226424,0.04782864755460037,0.043260145665658944,0.0803470415760088,2025-12-09,157,0.05263208606978981,-0.04668817906246081,0.8219348480373031,1.1457977448652645,0.7338049029849769,19,20,1,3,0.44008211361461586,0.0012398722934030934
stress,2025-08-13,domestic_cvar_dynamic_budget_bond_30y_511090_stress_start_20250813_sensitivity_20260804_142120_516368,D:\strategy\platform\results\sensitivity\risk_parity_cvar_dynamic_budget\20260804_142109\stress\2025-08-13\risk_parity_cvar_dynamic_budget\domestic_cvar_dynamic_budget_bond_30y_511090_stress_start_20250813_sensitivity_20260804_142120_516368,0.01403485964872031,0.015057754548313707,0.0340201416125101,2026-02-10,114,0.04415597664086459,-0.040060617381002195,0.34101282983238007,0.5345778905211478,0.7657188097375704,12,12,0,3,0.517557609075939,0.0010870798257449706
stress,2025-10-13,domestic_cvar_dynamic_budget_bond_30y_511090_stress_start_20251013_sensitivity_20260804_142120_804379,D:\strategy\platform\results\sensitivity\risk_parity_cvar_dynamic_budget\20260804_142109\stress\2025-10-13\risk_parity_cvar_dynamic_budget\domestic_cvar_dynamic_budget_bond_30y_511090_stress_start_20251013_sensitivity_20260804_142120_804379,0.02658206816310016,0.03395357594663073,0.08005480829665079,2026-04-13,77,0.03509912543078721,-0.020823951853572442,0.9673624493460552,1.4192782873265595,0.8283368506194135,8,8,0,3,0.6114467210411132,0.0010445146609438735
stress,2025-12-15,domestic_cvar_dynamic_budget_bond_30y_511090_stress_start_20251215_sensitivity_20260804_142121_075357,D:\strategy\platform\results\sensitivity\risk_parity_cvar_dynamic_budget\20260804_142109\stress\2025-12-15\risk_parity_cvar_dynamic_budget\domestic_cvar_dynamic_budget_bond_30y_511090_stress_start_20251215_sensitivity_20260804_142121_075357,0.0016438719233602406,0.0027089934656594483,0.014067217578821012,2026-06-18,32,0.021959227385218917,-0.015383288081116664,0.12336469849949785,0.2855944161791428,0.91667686800228,9,9,0,3,0.7909733234599914,0.0010455386254681156
stress,2026-02-13,domestic_cvar_dynamic_budget_bond_30y_511090_stress_start_20260213_sensitivity_20260804_142121_326277,D:\strategy\platform\results\sensitivity\risk_parity_cvar_dynamic_budget\20260804_142109\stress\2026-02-13\risk_parity_cvar_dynamic_budget\domestic_cvar_dynamic_budget_bond_30y_511090_stress_start_20260213_sensitivity_20260804_142121_326277,0.0,0.0,0.0,,0,0.0,0.0,0.0,0.0,0.0,0,0,0,0,1.0,0.0
stress,2026-04-13,domestic_cvar_dynamic_budget_bond_30y_511090_stress_start_20260413_sensitivity_20260804_142121_485372,D:\strategy\platform\results\sensitivity\risk_parity_cvar_dynamic_budget\20260804_142109\stress\2026-04-13\risk_parity_cvar_dynamic_budget\domestic_cvar_dynamic_budget_bond_30y_511090_stress_start_20260413_sensitivity_20260804_142121_485372,0.0,0.0,0.0,,0,0.0,0.0,0.0,0.0,0.0,0,0,0,0,1.0,0.0
stress,2026-06-15,domestic_cvar_dynamic_budget_bond_30y_511090_stress_start_20260615_sensitivity_20260804_142121_614462,D:\strategy\platform\results\sensitivity\risk_parity_cvar_dynamic_budget\20260804_142109\stress\2026-06-15\risk_parity_cvar_dynamic_budget\domestic_cvar_dynamic_budget_bond_30y_511090_stress_start_20260615_sensitivity_20260804_142121_614462,0.0,0.0,0.0,,0,0.0,0.0,0.0,0.0,0.0,0,0,0,0,1.0,0.0
dynamic_participation,2023-06-13,domestic_cvar_dynamic_budget_bond_30y_511090_dynamic_participation_start_20230613_sensitivity_20260804_142121_705456,D:\strategy\platform\results\sensitivity\risk_parity_cvar_dynamic_budget\20260804_142109\dynamic_participation\2023-06-13\risk_parity_cvar_dynamic_budget\domestic_cvar_dynamic_budget_bond_30y_511090_dynamic_participation_start_20230613_sensitivity_20260804_142121_705456,0.5114540098425129,0.14658279152515807,0.17543542901920062,2023-12-11,640,0.06704619740033096,-0.045080393403571506,2.1862953785419976,2.4032015105869626,0.5918293773469578,58,59,1,3,0.16269455803087066,0.00032909057114588534
dynamic_participation,2023-08-14,domestic_cvar_dynamic_budget_bond_30y_511090_dynamic_participation_start_20230814_sensitivity_20260804_142122_243354,D:\strategy\platform\results\sensitivity\risk_parity_cvar_dynamic_budget\20260804_142109\dynamic_participation\2023-08-14\risk_parity_cvar_dynamic_budget\domestic_cvar_dynamic_budget_bond_30y_511090_dynamic_participation_start_20230814_sensitivity_20260804_142122_243354,0.4400959389552159,0.1363551954834381,0.1667494819475539,2024-02-08,598,0.06830160254826464,-0.04496315635813197,1.996368904918213,2.2293947138719497,0.6016599213129609,54,55,1,3,0.17255771753156576,0.0002965007708732111
dynamic_participation,2023-10-13,domestic_cvar_dynamic_budget_bond_30y_511090_dynamic_participation_start_20231013_sensitivity_20260804_142122_677276,D:\strategy\platform\results\sensitivity\risk_parity_cvar_dynamic_budget\20260804_142109\dynamic_participation\2023-10-13\risk_parity_cvar_dynamic_budget\domestic_cvar_dynamic_budget_bond_30y_511090_dynamic_participation_start_20231013_sensitivity_20260804_142122_677276,0.3616849545913561,0.12102232826978065,0.1486228710997295,2024-04-12,560,0.0687022483811579,-0.045089984999490795,1.7615482916709304,1.9635089350266908,0.6196032931219634,55,56,1,3,0.18218280748650695,0.0003044729297632407
dynamic_participation,2023-12-13,domestic_cvar_dynamic_budget_bond_30y_511090_dynamic_participation_start_20231213_sensitivity_20260804_142123_107684,D:\strategy\platform\results\sensitivity\risk_parity_cvar_dynamic_budget\20260804_142109\dynamic_participation\2023-12-13\risk_parity_cvar_dynamic_budget\domestic_cvar_dynamic_budget_bond_30y_511090_dynamic_participation_start_20231213_sensitivity_20260804_142123_107684,0.3735232910092079,0.133556236653394,0.16627424174011107,2024-06-18,517,0.06893586309288507,-0.04509852954382365,1.937398484058125,2.1740617904517814,0.6128504764452045,48,49,1,3,0.193158069756932,0.0002946144567583335
dynamic_participation,2024-02-19,domestic_cvar_dynamic_budget_bond_30y_511090_dynamic_participation_start_20240219_sensitivity_20260804_142123_529123,D:\strategy\platform\results\sensitivity\risk_parity_cvar_dynamic_budget\20260804_142109\dynamic_participation\2024-02-19\risk_parity_cvar_dynamic_budget\domestic_cvar_dynamic_budget_bond_30y_511090_dynamic_participation_start_20240219_sensitivity_20260804_142123_529123,0.3586099644111842,0.13810077138122034,0.17787138641506295,2024-08-14,476,0.06935973684771837,-0.0450238873842953,1.9910798059171593,2.2942654714788637,0.5909017636637813,39,40,1,3,0.20608816108212552,0.00029099209565970114
dynamic_participation,2024-04-15,domestic_cvar_dynamic_budget_bond_30y_511090_dynamic_participation_start_20240415_sensitivity_20260804_142123_930205,D:\strategy\platform\results\sensitivity\risk_parity_cvar_dynamic_budget\20260804_142109\dynamic_participation\2024-04-15\risk_parity_cvar_dynamic_budget\domestic_cvar_dynamic_budget_bond_30y_511090_dynamic_participation_start_20240415_sensitivity_20260804_142123_930205,0.22349193023968805,0.09519390662328142,0.12305377405223661,2024-10-16,438,0.05905087325185768,-0.04502365107187256,1.6120660268184386,1.8461885223656438,0.5538743210818949,32,33,1,3,0.21996756329871112,0.0003136270074819703
dynamic_participation,2024-06-13,domestic_cvar_dynamic_budget_bond_30y_511090_dynamic_participation_start_20240613_sensitivity_20260804_142124_325439,D:\strategy\platform\results\sensitivity\risk_parity_cvar_dynamic_budget\20260804_142109\dynamic_participation\2024-06-13\risk_parity_cvar_dynamic_budget\domestic_cvar_dynamic_budget_bond_30y_511090_dynamic_participation_start_20240613_sensitivity_20260804_142124_325439,0.191529646777288,0.08863321899838472,0.11525345750004057,2024-12-10,399,0.05855769349935253,-0.04484663661711186,1.513605022700642,1.7258612980626704,0.585521496914828,33,34,1,3,0.23591918071356419,0.00031419614510184654
dynamic_participation,2024-08-13,domestic_cvar_dynamic_budget_bond_30y_511090_dynamic_participation_start_20240813_sensitivity_20260804_142124_781274,D:\strategy\platform\results\sensitivity\risk_parity_cvar_dynamic_budget\20260804_142109\dynamic_participation\2024-08-13\risk_parity_cvar_dynamic_budget\domestic_cvar_dynamic_budget_bond_30y_511090_dynamic_participation_start_20240813_sensitivity_20260804_142124_781274,0.13094251854155603,0.06716785211335519,0.09059459237010858,2025-02-18,356,0.05815919342561022,-0.04504363441431325,1.1548965547341659,1.3459369140036463,0.5965160922374715,29,30,1,3,0.2584531178468278,0.0003184115392904903
dynamic_participation,2024-10-14,domestic_cvar_dynamic_budget_bond_30y_511090_dynamic_participation_start_20241014_sensitivity_20260804_142125_161149,D:\strategy\platform\results\sensitivity\risk_parity_cvar_dynamic_budget\20260804_142109\dynamic_participation\2024-10-14\risk_parity_cvar_dynamic_budget\domestic_cvar_dynamic_budget_bond_30y_511090_dynamic_participation_start_20241014_sensitivity_20260804_142125_161149,0.09171209956262039,0.05153942876910089,0.07564834725776604,2025-04-11,319,0.054820721497290704,-0.045018583928687184,0.940145028402226,1.1773832838213851,0.5942203380859282,30,31,1,3,0.28135484041778086,0.00029991176048442937
dynamic_participation,2024-12-13,domestic_cvar_dynamic_budget_bond_30y_511090_dynamic_participation_start_20241213_sensitivity_20260804_142125_524849,D:\strategy\platform\results\sensitivity\risk_parity_cvar_dynamic_budget\20260804_142109\dynamic_participation\2024-12-13\risk_parity_cvar_dynamic_budget\domestic_cvar_dynamic_budget_bond_30y_511090_dynamic_participation_start_20241213_sensitivity_20260804_142125_524849,0.08425994983825591,0.05282848965774489,0.0762776578869857,2025-06-18,275,0.05285206985595024,-0.045167041543153874,0.9995538453220542,1.2024174388243212,0.6173328391781288,27,28,1,3,0.3077881638763757,0.00026169637964549935
dynamic_participation,2025-02-13,domestic_cvar_dynamic_budget_bond_30y_511090_dynamic_participation_start_20250213_sensitivity_20260804_142125_862505,D:\strategy\platform\results\sensitivity\risk_parity_cvar_dynamic_budget\20260804_142109\dynamic_participation\2025-02-13\risk_parity_cvar_dynamic_budget\domestic_cvar_dynamic_budget_bond_30y_511090_dynamic_participation_start_20250213_sensitivity_20260804_142125_862505,0.06468553644958819,0.04498011392615431,0.06984721204876454,2025-08-08,238,0.054573792413592295,-0.04507039693652626,0.8242072235931224,1.0415658127734726,0.6385133840663566,23,24,1,3,0.3393938619162821,0.0002586520907480889
dynamic_participation,2025-04-14,domestic_cvar_dynamic_budget_bond_30y_511090_dynamic_participation_start_20250414_sensitivity_20260804_142126_201849,D:\strategy\platform\results\sensitivity\risk_parity_cvar_dynamic_budget\20260804_142109\dynamic_participation\2025-04-14\risk_parity_cvar_dynamic_budget\domestic_cvar_dynamic_budget_bond_30y_511090_dynamic_participation_start_20250414_sensitivity_20260804_142126_201849,0.030011517160200007,0.023709522990060794,0.04319966281089105,2025-10-14,197,0.052326812048566325,-0.0450506695318571,0.4531046716175861,0.6499731818049576,0.6702943868870899,21,22,1,3,0.3840959567559237,0.00024479057614885437
dynamic_participation,2025-06-13,domestic_cvar_dynamic_budget_bond_30y_511090_dynamic_participation_start_20250613_sensitivity_20260804_142126_516682,D:\strategy\platform\results\sensitivity\risk_parity_cvar_dynamic_budget\20260804_142109\dynamic_participation\2025-06-13\risk_parity_cvar_dynamic_budget\domestic_cvar_dynamic_budget_bond_30y_511090_dynamic_participation_start_20250613_sensitivity_20260804_142126_516682,0.04969916753521608,0.04494819141889095,0.08179346430553891,2025-12-09,157,0.05268453701602537,-0.046353175316816264,0.8531571873777459,1.1648938812200893,0.7335698546371668,20,21,1,3,0.4382467292203623,0.00024813258295350825
dynamic_participation,2025-08-13,domestic_cvar_dynamic_budget_bond_30y_511090_dynamic_participation_start_20250813_sensitivity_20260804_142126_831588,D:\strategy\platform\results\sensitivity\risk_parity_cvar_dynamic_budget\20260804_142109\dynamic_participation\2025-08-13\risk_parity_cvar_dynamic_budget\domestic_cvar_dynamic_budget_bond_30y_511090_dynamic_participation_start_20250813_sensitivity_20260804_142126_831588,0.015286740489744322,0.016401611137109473,0.03485318007916294,2026-02-10,114,0.044081531047156425,-0.04002588851258582,0.37207444359325387,0.548383014566511,0.7648909247328824,12,12,0,3,0.5179515063983218,0.0002174128528433624
dynamic_participation,2025-10-13,domestic_cvar_dynamic_budget_bond_30y_511090_dynamic_participation_start_20251013_sensitivity_20260804_142127_107629,D:\strategy\platform\results\sensitivity\risk_parity_cvar_dynamic_budget\20260804_142109\dynamic_participation\2025-10-13\risk_parity_cvar_dynamic_budget\domestic_cvar_dynamic_budget_bond_30y_511090_dynamic_participation_start_20251013_sensitivity_20260804_142127_107629,0.027524406553603997,0.03516167890328803,0.08034001693010207,2026-04-13,77,0.03516793423377325,-0.020895985727146793,0.9998221297149944,1.425303081106873,0.827637197197841,8,8,0,3,0.6114167909688747,0.00020894826244615287
dynamic_participation,2025-12-15,domestic_cvar_dynamic_budget_bond_30y_511090_dynamic_participation_start_20251215_sensitivity_20260804_142127_375709,D:\strategy\platform\results\sensitivity\risk_parity_cvar_dynamic_budget\20260804_142109\dynamic_participation\2025-12-15\risk_parity_cvar_dynamic_budget\domestic_cvar_dynamic_budget_bond_30y_511090_dynamic_participation_start_20251215_sensitivity_20260804_142127_375709,0.0025234043926722904,0.004159587563269618,0.014521591225357788,2026-06-18,32,0.02195621117423981,-0.015350587831052143,0.18944924195982712,0.29508452676137825,0.915874371500128,8,8,0,3,0.7909739849967206,0.00020912707226068748
dynamic_participation,2026-02-13,domestic_cvar_dynamic_budget_bond_30y_511090_dynamic_participation_start_20260213_sensitivity_20260804_142127_621004,D:\strategy\platform\results\sensitivity\risk_parity_cvar_dynamic_budget\20260804_142109\dynamic_participation\2026-02-13\risk_parity_cvar_dynamic_budget\domestic_cvar_dynamic_budget_bond_30y_511090_dynamic_participation_start_20260213_sensitivity_20260804_142127_621004,0.0,0.0,0.0,,0,0.0,0.0,0.0,0.0,0.0,0,0,0,0,1.0,0.0
dynamic_participation,2026-04-13,domestic_cvar_dynamic_budget_bond_30y_511090_dynamic_participation_start_20260413_sensitivity_20260804_142127_801999,D:\strategy\platform\results\sensitivity\risk_parity_cvar_dynamic_budget\20260804_142109\dynamic_participation\2026-04-13\risk_parity_cvar_dynamic_budget\domestic_cvar_dynamic_budget_bond_30y_511090_dynamic_participation_start_20260413_sensitivity_20260804_142127_801999,0.0,0.0,0.0,,0,0.0,0.0,0.0,0.0,0.0,0,0,0,0,1.0,0.0
dynamic_participation,2026-06-15,domestic_cvar_dynamic_budget_bond_30y_511090_dynamic_participation_start_20260615_sensitivity_20260804_142127_942678,D:\strategy\platform\results\sensitivity\risk_parity_cvar_dynamic_budget\20260804_142109\dynamic_participation\2026-06-15\risk_parity_cvar_dynamic_budget\domestic_cvar_dynamic_budget_bond_30y_511090_dynamic_participation_start_20260615_sensitivity_20260804_142127_942678,0.0,0.0,0.0,,0,0.0,0.0,0.0,0.0,0.0,0,0,0,0,1.0,0.0
