slippage_scenario,start_date,run_id,raw_path,total_return,annualized_return,annualized_volatility,max_drawdown,sharpe_ratio,annualized_turnover,trade_count,order_count,rejected_order_count,max_pending_intent_count,average_cash_weight,execution_slippage
default,2019-01-18,r10_core_satellite_premium_gated_default_start_20190118_sensitivity_20260729_235855_250326,D:\qcy_project\strategy\platform\results\sensitivity\premium_gated_satellite\20260729_235855\default\2019-01-18\premium_gated_satellite\r10_core_satellite_premium_gated_default_start_20190118_sensitivity_20260729_235855_250326,1.3104074541423878,0.14475370364781348,0.09707632974798652,-0.16284019205564992,1.4911328438518334,1.3540818423085796,146,146,0,5,0.0037513491686227197,0.00044452158112204
default,2019-03-18,r10_core_satellite_premium_gated_default_start_20190318_sensitivity_20260729_235855_929244,D:\qcy_project\strategy\platform\results\sensitivity\premium_gated_satellite\20260729_235855\default\2019-03-18\premium_gated_satellite\r10_core_satellite_premium_gated_default_start_20190318_sensitivity_20260729_235855_929244,1.1348184806148889,0.13351050078628957,0.09603204358254802,-0.1629770528530724,1.3902703285859528,1.3710518044660063,142,142,0,5,0.003469667438435282,0.0004453711952645865
default,2019-05-20,r10_core_satellite_premium_gated_default_start_20190520_sensitivity_20260729_235856_632190,D:\qcy_project\strategy\platform\results\sensitivity\premium_gated_satellite\20260729_235855\default\2019-05-20\premium_gated_satellite\r10_core_satellite_premium_gated_default_start_20190520_sensitivity_20260729_235856_632190,1.1415723462309284,0.13805215405892546,0.0955890775846284,-0.16291680706565115,1.4442251933721506,1.394168603434276,144,144,0,5,0.002525655912946578,0.00044479954977959805
default,2019-07-18,r10_core_satellite_premium_gated_default_start_20190718_sensitivity_20260729_235857_302419,D:\qcy_project\strategy\platform\results\sensitivity\premium_gated_satellite\20260729_235855\default\2019-07-18\premium_gated_satellite\r10_core_satellite_premium_gated_default_start_20190718_sensitivity_20260729_235857_302419,1.019690025382197,0.13070868466167496,0.09591019992736895,-0.1634265244876162,1.3628236075063787,1.4261399422204903,144,144,0,5,0.0025110961978129574,0.0004452316925032179
default,2019-09-18,r10_core_satellite_premium_gated_default_start_20190918_sensitivity_20260729_235857_907786,D:\qcy_project\strategy\platform\results\sensitivity\premium_gated_satellite\20260729_235855\default\2019-09-18\premium_gated_satellite\r10_core_satellite_premium_gated_default_start_20190918_sensitivity_20260729_235857_907786,0.9686161600979559,0.12976166966849467,0.09647580131891445,-0.16311570509444795,1.345017796116034,1.4642837656568053,142,142,0,5,0.0028913884436418736,0.0004450803122219925
default,2019-11-18,r10_core_satellite_premium_gated_default_start_20191118_sensitivity_20260729_235858_551373,D:\qcy_project\strategy\platform\results\sensitivity\premium_gated_satellite\20260729_235855\default\2019-11-18\premium_gated_satellite\r10_core_satellite_premium_gated_default_start_20191118_sensitivity_20260729_235858_551373,0.954217829504997,0.1320769953474077,0.09741615372021563,-0.16255436892689956,1.3558017875222197,1.4880104340945772,144,144,0,5,0.0025993369965560623,0.0004454711333500522
default,2020-01-20,r10_core_satellite_premium_gated_default_start_20200120_sensitivity_20260729_235859_146126,D:\qcy_project\strategy\platform\results\sensitivity\premium_gated_satellite\20260729_235855\default\2020-01-20\premium_gated_satellite\r10_core_satellite_premium_gated_default_start_20200120_sensitivity_20260729_235859_146126,0.8215674167238245,0.12159128551994258,0.09700442752810838,-0.16385137435575947,1.2534611936626276,1.4844273216967296,137,137,0,5,0.0029309760402773757,0.0004411320807100575
default,2020-03-18,r10_core_satellite_premium_gated_default_start_20200318_sensitivity_20260729_235859_727798,D:\qcy_project\strategy\platform\results\sensitivity\premium_gated_satellite\20260729_235855\default\2020-03-18\premium_gated_satellite\r10_core_satellite_premium_gated_default_start_20200318_sensitivity_20260729_235859_727798,0.9596300356166003,0.14150250701359623,0.09502680133640513,-0.16277229527372905,1.4890799755814372,1.5123369824673663,140,140,0,5,0.0021296485183748817,0.0004409428483930051
default,2020-05-18,r10_core_satellite_premium_gated_default_start_20200518_sensitivity_20260729_235900_278849,D:\qcy_project\strategy\platform\results\sensitivity\premium_gated_satellite\20260729_235855\default\2020-05-18\premium_gated_satellite\r10_core_satellite_premium_gated_default_start_20200518_sensitivity_20260729_235900_278849,0.8177631835839727,0.1289110984557562,0.0941151250416059,-0.16382760530591556,1.369717124625483,1.5480979554230565,133,133,0,5,0.002527463801947751,0.0004409100382583746
default,2020-07-20,r10_core_satellite_premium_gated_default_start_20200720_sensitivity_20260729_235900_851433,D:\qcy_project\strategy\platform\results\sensitivity\premium_gated_satellite\20260729_235855\default\2020-07-20\premium_gated_satellite\r10_core_satellite_premium_gated_default_start_20200720_sensitivity_20260729_235900_851433,0.6422047892874363,0.10988368451946484,0.09236495214482748,-0.163224374330859,1.1896686131246854,1.5479533514602999,134,134,0,5,0.0019517150438155611,0.00044394409401110526
default,2020-09-18,r10_core_satellite_premium_gated_default_start_20200918_sensitivity_20260729_235901_390042,D:\qcy_project\strategy\platform\results\sensitivity\premium_gated_satellite\20260729_235855\default\2020-09-18\premium_gated_satellite\r10_core_satellite_premium_gated_default_start_20200918_sensitivity_20260729_235901_390042,0.5027190640761166,0.09292791629489927,0.0904475656403896,-0.1636818805751804,1.02742307807787,1.5392560343819979,128,128,0,5,0.0033024215644408927,0.0004375495425237128
default,2020-11-18,r10_core_satellite_premium_gated_default_start_20201118_sensitivity_20260729_235901_911770,D:\qcy_project\strategy\platform\results\sensitivity\premium_gated_satellite\20260729_235855\default\2020-11-18\premium_gated_satellite\r10_core_satellite_premium_gated_default_start_20201118_sensitivity_20260729_235901_911770,0.4949569484389924,0.09486795080011223,0.09066745033826627,-0.16311506419494648,1.0463286487727905,1.5857868848762355,126,126,0,5,0.002471610306664733,0.00043755638784830574
default,2021-01-18,r10_core_satellite_premium_gated_default_start_20210118_sensitivity_20260729_235902_405545,D:\qcy_project\strategy\platform\results\sensitivity\premium_gated_satellite\20260729_235855\default\2021-01-18\premium_gated_satellite\r10_core_satellite_premium_gated_default_start_20210118_sensitivity_20260729_235902_405545,0.49122421823588036,0.09810504673139975,0.0912067776593567,-0.1629403623304665,1.075633294466416,1.584882829636442,122,122,0,5,0.003303291019025389,0.0004430909918801854
default,2021-03-18,r10_core_satellite_premium_gated_default_start_20210318_sensitivity_20260729_235902_902242,D:\qcy_project\strategy\platform\results\sensitivity\premium_gated_satellite\20260729_235855\default\2021-03-18\premium_gated_satellite\r10_core_satellite_premium_gated_default_start_20210318_sensitivity_20260729_235902_902242,0.5109644412399603,0.10539722843592947,0.0895449357914969,-0.1636271045025609,1.1770317048564782,1.497292203588042,111,111,0,5,0.0032634210565492122,0.00044375337289994895
default,2021-05-18,r10_core_satellite_premium_gated_default_start_20210518_sensitivity_20260729_235903_370286,D:\qcy_project\strategy\platform\results\sensitivity\premium_gated_satellite\20260729_235855\default\2021-05-18\premium_gated_satellite\r10_core_satellite_premium_gated_default_start_20210518_sensitivity_20260729_235903_370286,0.4676855154112649,0.10162441275020262,0.08998259343391671,-0.1631580122340659,1.1293785705880512,1.5576028524428864,109,109,0,5,0.0025366082057915636,0.00044378589784034193
default,2021-07-19,r10_core_satellite_premium_gated_default_start_20210719_sensitivity_20260729_235903_823697,D:\qcy_project\strategy\platform\results\sensitivity\premium_gated_satellite\20260729_235855\default\2021-07-19\premium_gated_satellite\r10_core_satellite_premium_gated_default_start_20210719_sensitivity_20260729_235903_823697,0.41761854300773216,0.0963539870446748,0.0908887085221759,-0.16272616524716887,1.060131545616202,1.6144008258408433,111,111,0,5,0.003836378450544184,0.00044365016859815694
default,2021-09-22,r10_core_satellite_premium_gated_default_start_20210922_sensitivity_20260729_235904_353101,D:\qcy_project\strategy\platform\results\sensitivity\premium_gated_satellite\20260729_235855\default\2021-09-22\premium_gated_satellite\r10_core_satellite_premium_gated_default_start_20210922_sensitivity_20260729_235904_353101,0.376884308194656,0.09250060898606005,0.09199924676944651,-0.1510749378857078,1.0054496339287426,1.692827264069671,109,109,0,5,0.0022266305129463636,0.0004429523369157225
default,2021-11-18,r10_core_satellite_premium_gated_default_start_20211118_sensitivity_20260729_235904_869283,D:\qcy_project\strategy\platform\results\sensitivity\premium_gated_satellite\20260729_235855\default\2021-11-18\premium_gated_satellite\r10_core_satellite_premium_gated_default_start_20211118_sensitivity_20260729_235904_869283,0.4077260943634804,0.10350226869913715,0.09361009274774287,-0.1486694131773192,1.1056742458107733,1.5912317740856854,99,99,0,5,0.0034872698587085555,0.00044224075272603476
default,2022-01-18,r10_core_satellite_premium_gated_default_start_20220118_sensitivity_20260729_235905_277625,D:\qcy_project\strategy\platform\results\sensitivity\premium_gated_satellite\20260729_235855\default\2022-01-18\premium_gated_satellite\r10_core_satellite_premium_gated_default_start_20220118_sensitivity_20260729_235905_277625,0.4191929001763359,0.11172078823286125,0.09313734009302718,-0.1298061482940427,1.1995273659444492,1.6403537561109651,97,97,0,5,0.0038030446463140936,0.00044202610171272807
default,2022-03-18,r10_core_satellite_premium_gated_default_start_20220318_sensitivity_20260729_235905_675370,D:\qcy_project\strategy\platform\results\sensitivity\premium_gated_satellite\20260729_235855\default\2022-03-18\premium_gated_satellite\r10_core_satellite_premium_gated_default_start_20220318_sensitivity_20260729_235905_675370,0.46641566117600464,0.12901668640602604,0.0888598780010906,-0.1213505665337532,1.4519115860641016,1.7173260242794028,95,95,0,5,0.0025745705934454924,0.00044307887158834155
default,2022-05-18,r10_core_satellite_premium_gated_default_start_20220518_sensitivity_20260729_235906_090262,D:\qcy_project\strategy\platform\results\sensitivity\premium_gated_satellite\20260729_235855\default\2022-05-18\premium_gated_satellite\r10_core_satellite_premium_gated_default_start_20220518_sensitivity_20260729_235906_090262,0.5301868189974046,0.15212642104004703,0.08646954483558632,-0.08922131651824872,1.7593063699976803,1.7871235746985226,97,97,0,5,0.003747887500535417,0.0004435857713133504
default,2022-07-18,r10_core_satellite_premium_gated_default_start_20220718_sensitivity_20260729_235906_503336,D:\qcy_project\strategy\platform\results\sensitivity\premium_gated_satellite\20260729_235855\default\2022-07-18\premium_gated_satellite\r10_core_satellite_premium_gated_default_start_20220718_sensitivity_20260729_235906_503336,0.5772769139391924,0.17422729520067182,0.08621952387569229,-0.07488675191046579,2.020740632386992,1.7156702249876317,85,85,0,5,0.0028632341901201693,0.00044138167992463246
default,2022-09-19,r10_core_satellite_premium_gated_default_start_20220919_sensitivity_20260729_235906_861183,D:\qcy_project\strategy\platform\results\sensitivity\premium_gated_satellite\20260729_235855\default\2022-09-19\premium_gated_satellite\r10_core_satellite_premium_gated_default_start_20220919_sensitivity_20260729_235906_861183,0.5822966175020845,0.1880763145441564,0.08350577940180198,-0.051241525237335384,2.2522550641578456,1.9027763387152699,92,92,0,5,0.004171191119678379,0.00043496104911536465
default,2022-11-18,r10_core_satellite_premium_gated_default_start_20221118_sensitivity_20260729_235907_187476,D:\qcy_project\strategy\platform\results\sensitivity\premium_gated_satellite\20260729_235855\default\2022-11-18\premium_gated_satellite\r10_core_satellite_premium_gated_default_start_20221118_sensitivity_20260729_235907_187476,0.5522471419358084,0.19163328334574126,0.0821036528953971,-0.05139562871193559,2.3340408932826495,1.7897512859134275,80,80,0,5,0.003682861140285612,0.00043365960287137606
default,2023-01-18,r10_core_satellite_premium_gated_default_start_20230118_sensitivity_20260729_235907_514545,D:\qcy_project\strategy\platform\results\sensitivity\premium_gated_satellite\20260729_235855\default\2023-01-18\premium_gated_satellite\r10_core_satellite_premium_gated_default_start_20230118_sensitivity_20260729_235907_514545,0.5351278503753842,0.2008971333349694,0.0823782314860646,-0.051189615939046806,2.4387162689812523,1.6947759936397633,71,71,0,5,0.004440190914291877,0.00043284174719848136
default,2023-03-20,r10_core_satellite_premium_gated_default_start_20230320_sensitivity_20260729_235907_814511,D:\qcy_project\strategy\platform\results\sensitivity\premium_gated_satellite\20260729_235855\default\2023-03-20\premium_gated_satellite\r10_core_satellite_premium_gated_default_start_20230320_sensitivity_20260729_235907_814511,0.5155121546105086,0.20900835517073912,0.08291390235616293,-0.05115440810018668,2.520787820032013,1.4704642707532645,63,63,0,5,0.004825797451163619,0.0004380658964588523
default,2023-05-18,r10_core_satellite_premium_gated_default_start_20230518_sensitivity_20260729_235908_141550,D:\qcy_project\strategy\platform\results\sensitivity\premium_gated_satellite\20260729_235855\default\2023-05-18\premium_gated_satellite\r10_core_satellite_premium_gated_default_start_20230518_sensitivity_20260729_235908_141550,0.4319984079808046,0.19289811027553228,0.08407568909759608,-0.05123101507710792,2.2943387362738568,1.5527720441020711,56,56,0,5,0.005099191304042786,0.00043697773332966296
default,2023-07-18,r10_core_satellite_premium_gated_default_start_20230718_sensitivity_20260729_235908_426307,D:\qcy_project\strategy\platform\results\sensitivity\premium_gated_satellite\20260729_235855\default\2023-07-18\premium_gated_satellite\r10_core_satellite_premium_gated_default_start_20230718_sensitivity_20260729_235908_426307,0.36744340746180804,0.18184841724386702,0.08465167763301323,-0.05131362174220111,2.1481962594081905,1.6726298793989953,56,56,0,5,0.005184696541241606,0.0004369938992396336
default,2023-09-18,r10_core_satellite_premium_gated_default_start_20230918_sensitivity_20260729_235908_728355,D:\qcy_project\strategy\platform\results\sensitivity\premium_gated_satellite\20260729_235855\default\2023-09-18\premium_gated_satellite\r10_core_satellite_premium_gated_default_start_20230918_sensitivity_20260729_235908_728355,0.3771036062851081,0.20731741522991198,0.0872561604349367,-0.05113239749513643,2.37596307465878,1.5061304536089897,44,44,0,5,0.002905453767063597,0.0004359542739969778
default,2023-11-20,r10_core_satellite_premium_gated_default_start_20231120_sensitivity_20260729_235908_986310,D:\qcy_project\strategy\platform\results\sensitivity\premium_gated_satellite\20260729_235855\default\2023-11-20\premium_gated_satellite\r10_core_satellite_premium_gated_default_start_20231120_sensitivity_20260729_235908_986310,0.40587214216797207,0.24692838562475616,0.08919468926859524,-0.05115494224420658,2.7684202686235238,1.315996762006176,34,34,0,5,0.004157260561046791,0.0004299483662384085
default,2024-01-18,r10_core_satellite_premium_gated_default_start_20240118_sensitivity_20260729_235909_236894,D:\qcy_project\strategy\platform\results\sensitivity\premium_gated_satellite\20260729_235855\default\2024-01-18\premium_gated_satellite\r10_core_satellite_premium_gated_default_start_20240118_sensitivity_20260729_235909_236894,0.3911083219498961,0.2709026169533757,0.09188025383371735,-0.05113890199490956,2.948431307597916,1.4312003771923034,34,34,0,5,0.0038403377633495607,0.0004318847771835629
default,2024-03-18,r10_core_satellite_premium_gated_default_start_20240318_sensitivity_20260729_235909_471455,D:\qcy_project\strategy\platform\results\sensitivity\premium_gated_satellite\20260729_235855\default\2024-03-18\premium_gated_satellite\r10_core_satellite_premium_gated_default_start_20240318_sensitivity_20260729_235909_471455,0.30724824793888406,0.2424636971464993,0.094290101676156,-0.05118601272405099,2.5714650089067974,1.3844129767931566,28,28,0,5,0.004619806135822362,0.00040512643084946056
default,2024-05-20,r10_core_satellite_premium_gated_default_start_20240520_sensitivity_20260729_235909_713319,D:\qcy_project\strategy\platform\results\sensitivity\premium_gated_satellite\20260729_235855\default\2024-05-20\premium_gated_satellite\r10_core_satellite_premium_gated_default_start_20240520_sensitivity_20260729_235909_713319,0.2175988960760602,0.200907295218812,0.09725687803230411,-0.055349709129011826,2.065738683819155,1.0819639084173236,18,18,0,5,0.004357154087367606,0.00038017653158642313
default,2024-07-18,r10_core_satellite_premium_gated_default_start_20240718_sensitivity_20260729_235909_924405,D:\qcy_project\strategy\platform\results\sensitivity\premium_gated_satellite\20260729_235855\default\2024-07-18\premium_gated_satellite\r10_core_satellite_premium_gated_default_start_20240718_sensitivity_20260729_235909_924405,0.2397317830203598,0.26678019041308776,0.10174383682852056,-0.039794996012676,2.6220771569949743,1.2443666061690237,18,18,0,5,0.007535893117089393,0.0003834307710081692
default,2024-09-18,r10_core_satellite_premium_gated_default_start_20240918_sensitivity_20260729_235910_122479,D:\qcy_project\strategy\platform\results\sensitivity\premium_gated_satellite\20260729_235855\default\2024-09-18\premium_gated_satellite\r10_core_satellite_premium_gated_default_start_20240918_sensitivity_20260729_235910_122479,0.29140911116952384,0.41146114183807736,0.1098318996835519,-0.035851244678349437,3.7462808439404287,1.4558589427504205,19,19,0,5,0.009212245970360923,0.0003815871460326008
default,2024-11-18,r10_core_satellite_premium_gated_default_start_20241118_sensitivity_20260729_235910_321474,D:\qcy_project\strategy\platform\results\sensitivity\premium_gated_satellite\20260729_235855\default\2024-11-18\premium_gated_satellite\r10_core_satellite_premium_gated_default_start_20241118_sensitivity_20260729_235910_321474,0.1125901094728361,0.1977483038747292,0.0813182546541221,-0.03581790000766116,2.4317824419108476,1.394346140688954,14,14,0,5,0.007852227507574536,0.000411983723513329
default,2025-01-20,r10_core_satellite_premium_gated_default_start_20250120_sensitivity_20260729_235910_516490,D:\qcy_project\strategy\platform\results\sensitivity\premium_gated_satellite\20260729_235855\default\2025-01-20\premium_gated_satellite\r10_core_satellite_premium_gated_default_start_20250120_sensitivity_20260729_235910_516490,0.08542158489300378,0.21740838619944292,0.08957433429537888,-0.036310092013619344,2.4271281267078195,1.257984634232754,8,8,0,5,0.012086888555433474,0.00030916354830424564
default,2025-03-18,r10_core_satellite_premium_gated_default_start_20250318_sensitivity_20260729_235910_689009,D:\qcy_project\strategy\platform\results\sensitivity\premium_gated_satellite\20260729_235855\default\2025-03-18\premium_gated_satellite\r10_core_satellite_premium_gated_default_start_20250318_sensitivity_20260729_235910_689009,0.03474607439730404,0.13084123141107495,0.10569747248441069,-0.0457880681269458,1.2378842022960646,2.811578363446466,10,10,0,5,0.015055617169492524,0.0004091898029632386
default,2025-05-19,r10_core_satellite_premium_gated_default_start_20250519_sensitivity_20260729_235910_835662,D:\qcy_project\strategy\platform\results\sensitivity\premium_gated_satellite\20260729_235855\default\2025-05-19\premium_gated_satellite\r10_core_satellite_premium_gated_default_start_20250519_sensitivity_20260729_235910_835662,0.01531859792310808,0.13621277385516706,0.050445376307149604,-0.007623773928235544,2.7002033452144487,6.629490760954585,10,10,0,5,0.03776033878604366,0.00041222508091792704
stress,2019-01-18,r10_core_satellite_premium_gated_stress_start_20190118_sensitivity_20260729_235910_975421,D:\qcy_project\strategy\platform\results\sensitivity\premium_gated_satellite\20260729_235855\stress\2019-01-18\premium_gated_satellite\r10_core_satellite_premium_gated_stress_start_20190118_sensitivity_20260729_235910_975421,1.2394196473397616,0.13900102270350767,0.09704571648374766,-0.16761104343064948,1.432325173535983,1.3499892454565543,146,146,0,5,0.0032808288382683336,0.0022253496467000244
stress,2019-03-18,r10_core_satellite_premium_gated_stress_start_20190318_sensitivity_20260729_235911_625686,D:\qcy_project\strategy\platform\results\sensitivity\premium_gated_satellite\20260729_235855\stress\2019-03-18\premium_gated_satellite\r10_core_satellite_premium_gated_stress_start_20190318_sensitivity_20260729_235911_625686,1.0670251611463613,0.12748194229499843,0.09602966485871901,-0.16724641055007106,1.3275266812870035,1.3778937748310973,158,158,0,5,0.0033918118024154325,0.0022161325144894194
stress,2019-05-20,r10_core_satellite_premium_gated_stress_start_20190520_sensitivity_20260729_235912_340508,D:\qcy_project\strategy\platform\results\sensitivity\premium_gated_satellite\20260729_235855\stress\2019-05-20\premium_gated_satellite\r10_core_satellite_premium_gated_stress_start_20190520_sensitivity_20260729_235912_340508,1.0730418855677817,0.131784223317009,0.0957105225641775,-0.16746518190392456,1.3769042294032272,1.3922905622091968,147,147,0,5,0.0028956404077330852,0.002222674526501261
stress,2019-07-18,r10_core_satellite_premium_gated_stress_start_20190718_sensitivity_20260729_235912_999037,D:\qcy_project\strategy\platform\results\sensitivity\premium_gated_satellite\20260729_235855\stress\2019-07-18\premium_gated_satellite\r10_core_satellite_premium_gated_stress_start_20190718_sensitivity_20260729_235912_999037,0.9583402139131412,0.12462977706122946,0.09602449820420994,-0.16777607493611157,1.2978956348846131,1.4341708342133823,143,143,0,5,0.0019264546871712656,0.002221842941920308
stress,2019-09-18,r10_core_satellite_premium_gated_stress_start_20190918_sensitivity_20260729_235913_614956,D:\qcy_project\strategy\platform\results\sensitivity\premium_gated_satellite\20260729_235855\stress\2019-09-18\premium_gated_satellite\r10_core_satellite_premium_gated_stress_start_20190918_sensitivity_20260729_235913_614956,0.9122875612133816,0.1238692833126609,0.09653234474978459,-0.16609429034882617,1.2831894183626706,1.4568071860575957,143,143,0,5,0.002717792840053108,0.0022233699156105086
stress,2019-11-18,r10_core_satellite_premium_gated_stress_start_20191118_sensitivity_20260729_235914_204771,D:\qcy_project\strategy\platform\results\sensitivity\premium_gated_satellite\20260729_235855\stress\2019-11-18\premium_gated_satellite\r10_core_satellite_premium_gated_stress_start_20191118_sensitivity_20260729_235914_204771,0.8938641621398211,0.12552033570372934,0.09742938652076838,-0.16753781683577085,1.2883211132297645,1.4827847481112901,140,140,0,5,0.0025296513922588512,0.002225230161724844
stress,2020-01-20,r10_core_satellite_premium_gated_stress_start_20200120_sensitivity_20260729_235914_820706,D:\qcy_project\strategy\platform\results\sensitivity\premium_gated_satellite\20260729_235855\stress\2020-01-20\premium_gated_satellite\r10_core_satellite_premium_gated_stress_start_20200120_sensitivity_20260729_235914_820706,0.765763021369561,0.11493366113404768,0.09686982731351367,-0.16772166022865798,1.1864753383122224,1.4930991107586844,139,139,0,5,0.002828631604322884,0.0021994042311986616
stress,2020-03-18,r10_core_satellite_premium_gated_stress_start_20200318_sensitivity_20260729_235915_423250,D:\qcy_project\strategy\platform\results\sensitivity\premium_gated_satellite\20260729_235855\stress\2020-03-18\premium_gated_satellite\r10_core_satellite_premium_gated_stress_start_20200318_sensitivity_20260729_235915_423250,0.899088086333701,0.13447716622733452,0.09490768903963288,-0.1679488803022534,1.4169259370668867,1.5075680907003053,142,142,0,5,0.002464952589169129,0.002201798078692348
stress,2020-05-18,r10_core_satellite_premium_gated_stress_start_20200518_sensitivity_20260729_235915_980011,D:\qcy_project\strategy\platform\results\sensitivity\premium_gated_satellite\20260729_235855\stress\2020-05-18\premium_gated_satellite\r10_core_satellite_premium_gated_stress_start_20200518_sensitivity_20260729_235915_980011,0.7601203168516408,0.12155399886526341,0.09392285002442449,-0.16761461024624458,1.2941898465991342,1.5586865411477488,140,140,0,5,0.002820129729369921,0.002196233873779821
stress,2020-07-20,r10_core_satellite_premium_gated_stress_start_20200720_sensitivity_20260729_235916_598774,D:\qcy_project\strategy\platform\results\sensitivity\premium_gated_satellite\20260729_235855\stress\2020-07-20\premium_gated_satellite\r10_core_satellite_premium_gated_stress_start_20200720_sensitivity_20260729_235916_598774,0.598023892425221,0.10354016128188404,0.09214365639847748,-0.16718964679114612,1.1236819259062403,1.5487540370958426,133,133,0,5,0.0030784842834529263,0.002220302305222565
stress,2020-09-18,r10_core_satellite_premium_gated_stress_start_20200918_sensitivity_20260729_235917_172386,D:\qcy_project\strategy\platform\results\sensitivity\premium_gated_satellite\20260729_235855\stress\2020-09-18\premium_gated_satellite\r10_core_satellite_premium_gated_stress_start_20200918_sensitivity_20260729_235917_172386,0.46688328288534087,0.08718758817479677,0.09053214701679295,-0.166867791920848,0.9630566715558421,1.5379004410792887,127,127,0,5,0.0023551783700689723,0.0021929685057474964
stress,2020-11-18,r10_core_satellite_premium_gated_stress_start_20201118_sensitivity_20260729_235917_684343,D:\qcy_project\strategy\platform\results\sensitivity\premium_gated_satellite\20260729_235855\stress\2020-11-18\premium_gated_satellite\r10_core_satellite_premium_gated_stress_start_20201118_sensitivity_20260729_235917_684343,0.46217129107718113,0.08940915185367548,0.09048514000103347,-0.16675862974444833,0.9881086756638084,1.5891206945684706,124,124,0,5,0.0023210249596762496,0.002190923619695658
stress,2021-01-18,r10_core_satellite_premium_gated_stress_start_20210118_sensitivity_20260729_235918_192383,D:\qcy_project\strategy\platform\results\sensitivity\premium_gated_satellite\20260729_235855\stress\2021-01-18\premium_gated_satellite\r10_core_satellite_premium_gated_stress_start_20210118_sensitivity_20260729_235918_192383,0.4541422951053411,0.09164808786909218,0.09102272652217117,-0.16656337476271565,1.0068703868892424,1.581433892110673,122,122,0,5,0.0026842959312852574,0.0022210828614265187
stress,2021-03-18,r10_core_satellite_premium_gated_stress_start_20210318_sensitivity_20260729_235918_689305,D:\qcy_project\strategy\platform\results\sensitivity\premium_gated_satellite\20260729_235855\stress\2021-03-18\premium_gated_satellite\r10_core_satellite_premium_gated_stress_start_20210318_sensitivity_20260729_235918_689305,0.4765483180671817,0.09923115290470608,0.08952759440277717,-0.16745078475136133,1.1083862307108734,1.5067236392445738,114,114,0,5,0.0025925487519365947,0.0022161154538610766
stress,2021-05-18,r10_core_satellite_premium_gated_stress_start_20210518_sensitivity_20260729_235919_136720,D:\qcy_project\strategy\platform\results\sensitivity\premium_gated_satellite\20260729_235855\stress\2021-05-18\premium_gated_satellite\r10_core_satellite_premium_gated_stress_start_20210518_sensitivity_20260729_235919_136720,0.42884577879048114,0.09419671133679408,0.08977544577850603,-0.16660265795622442,1.0492480490622813,1.551536575209012,114,114,0,5,0.0025970962197531667,0.0022131877616334513
stress,2021-07-19,r10_core_satellite_premium_gated_stress_start_20210719_sensitivity_20260729_235919_591794,D:\qcy_project\strategy\platform\results\sensitivity\premium_gated_satellite\20260729_235855\stress\2021-07-19\premium_gated_satellite\r10_core_satellite_premium_gated_stress_start_20210719_sensitivity_20260729_235919_591794,0.3867506528267608,0.09001013245599898,0.09100715510756043,-0.16711282694659257,0.989044568524496,1.6191343255540278,110,110,0,5,0.0025515020888935147,0.0022208747564015563
stress,2021-09-22,r10_core_satellite_premium_gated_stress_start_20210922_sensitivity_20260729_235920_040439,D:\qcy_project\strategy\platform\results\sensitivity\premium_gated_satellite\20260729_235855\stress\2021-09-22\premium_gated_satellite\r10_core_satellite_premium_gated_stress_start_20210922_sensitivity_20260729_235920_040439,0.34924180207612077,0.08638890108384611,0.0918254670350499,-0.15584975010377977,0.9407945733711472,1.701589170685673,116,116,0,5,0.0036938810547446337,0.0022084796878199123
stress,2021-11-18,r10_core_satellite_premium_gated_stress_start_20211118_sensitivity_20260729_235920_522852,D:\qcy_project\strategy\platform\results\sensitivity\premium_gated_satellite\20260729_235855\stress\2021-11-18\premium_gated_satellite\r10_core_satellite_premium_gated_stress_start_20211118_sensitivity_20260729_235920_522852,0.37526858789460116,0.09611370219517079,0.09350096347762105,-0.15045593836316207,1.0279434416542146,1.5902537503929093,100,100,0,5,0.0026009030027437,0.0022088473285579655
stress,2022-01-18,r10_core_satellite_premium_gated_stress_start_20220118_sensitivity_20260729_235921_012067,D:\qcy_project\strategy\platform\results\sensitivity\premium_gated_satellite\20260729_235855\stress\2022-01-18\premium_gated_satellite\r10_core_satellite_premium_gated_stress_start_20220118_sensitivity_20260729_235921_012067,0.39082817376552126,0.10495155519896127,0.0932002657243247,-0.1323200309672028,1.1260864374506772,1.6455257050069654,96,96,0,5,0.0025571629618213487,0.0022140282430306905
stress,2022-03-18,r10_core_satellite_premium_gated_stress_start_20220318_sensitivity_20260729_235921_401518,D:\qcy_project\strategy\platform\results\sensitivity\premium_gated_satellite\20260729_235855\stress\2022-03-18\premium_gated_satellite\r10_core_satellite_premium_gated_stress_start_20220318_sensitivity_20260729_235921_401518,0.4309205077161409,0.12028154040051575,0.08872988927413356,-0.12310988963568115,1.355592139069423,1.7123052209913256,97,97,0,5,0.002899297833685212,0.002209881022195051
stress,2022-05-18,r10_core_satellite_premium_gated_stress_start_20220518_sensitivity_20260729_235921_798980,D:\qcy_project\strategy\platform\results\sensitivity\premium_gated_satellite\20260729_235855\stress\2022-05-18\premium_gated_satellite\r10_core_satellite_premium_gated_stress_start_20220518_sensitivity_20260729_235921_798980,0.49570791591296115,0.14341865353524308,0.08634428294023298,-0.09103729634963265,1.6610092602716575,1.785969196270599,96,96,0,5,0.0028194315694486513,0.0022105089069821646
stress,2022-07-18,r10_core_satellite_premium_gated_stress_start_20220718_sensitivity_20260729_235922_184295,D:\qcy_project\strategy\platform\results\sensitivity\premium_gated_satellite\20260729_235855\stress\2022-07-18\premium_gated_satellite\r10_core_satellite_premium_gated_stress_start_20220718_sensitivity_20260729_235922_184295,0.5441304176968811,0.1654702880457366,0.08618551581357879,-0.0750229618096876,1.9199315161453876,1.7108195037170748,86,86,0,5,0.0027363022055833007,0.0022023169826098326
stress,2022-09-19,r10_core_satellite_premium_gated_stress_start_20220919_sensitivity_20260729_235922_550760,D:\qcy_project\strategy\platform\results\sensitivity\premium_gated_satellite\20260729_235855\stress\2022-09-19\premium_gated_satellite\r10_core_satellite_premium_gated_stress_start_20220919_sensitivity_20260729_235922_550760,0.549524876220201,0.17877455627188166,0.08352297928073811,-0.055633480228612364,2.140423603317396,1.9020045689861038,92,92,0,5,0.0032860788947874876,0.002170703223908414
stress,2022-11-18,r10_core_satellite_premium_gated_stress_start_20221118_sensitivity_20260729_235922_900991,D:\qcy_project\strategy\platform\results\sensitivity\premium_gated_satellite\20260729_235855\stress\2022-11-18\premium_gated_satellite\r10_core_satellite_premium_gated_stress_start_20221118_sensitivity_20260729_235922_900991,0.5266308465531209,0.18375285269398844,0.08185415991495541,-0.05550158358470936,2.2448810528982697,1.7921220861800304,81,81,0,5,0.004204264249946057,0.002171292523030154
stress,2023-01-18,r10_core_satellite_premium_gated_stress_start_20230118_sensitivity_20260729_235923_243287,D:\qcy_project\strategy\platform\results\sensitivity\premium_gated_satellite\20260729_235855\stress\2023-01-18\premium_gated_satellite\r10_core_satellite_premium_gated_stress_start_20230118_sensitivity_20260729_235923_243287,0.5113439516037606,0.1929147670953264,0.08217031426097404,-0.055383298721002006,2.347742841564734,1.6941871572282445,71,71,0,5,0.0039869383478569964,0.002161663354993026
stress,2023-03-20,r10_core_satellite_premium_gated_stress_start_20230320_sensitivity_20260729_235923_560136,D:\qcy_project\strategy\platform\results\sensitivity\premium_gated_satellite\20260729_235855\stress\2023-03-20\premium_gated_satellite\r10_core_satellite_premium_gated_stress_start_20230320_sensitivity_20260729_235923_560136,0.49496761825368085,0.20149842690259878,0.08299205104700084,-0.055282701529382194,2.4279244139716982,1.4618303503597436,61,61,0,5,0.003662289889432105,0.002189954270346849
stress,2023-05-18,r10_core_satellite_premium_gated_stress_start_20230518_sensitivity_20260729_235923_862074,D:\qcy_project\strategy\platform\results\sensitivity\premium_gated_satellite\20260729_235855\stress\2023-05-18\premium_gated_satellite\r10_core_satellite_premium_gated_stress_start_20230518_sensitivity_20260729_235923_862074,0.4170649167044207,0.1867709110646687,0.08389929873861413,-0.055484124323726625,2.226131968594257,1.5510629427680913,58,58,0,5,0.005511598072624051,0.0021890157156483196
stress,2023-07-18,r10_core_satellite_premium_gated_stress_start_20230718_sensitivity_20260729_235924_165937,D:\qcy_project\strategy\platform\results\sensitivity\premium_gated_satellite\20260729_235855\stress\2023-07-18\premium_gated_satellite\r10_core_satellite_premium_gated_stress_start_20230718_sensitivity_20260729_235924_165937,0.3514400321137603,0.17444363573484956,0.08451044894577442,-0.05543970425621347,2.0641664777663196,1.6675292875399335,57,57,0,5,0.005139894156122396,0.0021868687882076244
stress,2023-09-18,r10_core_satellite_premium_gated_stress_start_20230918_sensitivity_20260729_235924_431984,D:\qcy_project\strategy\platform\results\sensitivity\premium_gated_satellite\20260729_235855\stress\2023-09-18\premium_gated_satellite\r10_core_satellite_premium_gated_stress_start_20230918_sensitivity_20260729_235924_431984,0.3630596182126209,0.2000527409479127,0.08677566766336249,-0.05229336501449955,2.3054013450406083,1.5139579332263473,46,46,0,5,0.0053134277873431385,0.002173024812041504
stress,2023-11-20,r10_core_satellite_premium_gated_stress_start_20231120_sensitivity_20260729_235924_699811,D:\qcy_project\strategy\platform\results\sensitivity\premium_gated_satellite\20260729_235855\stress\2023-11-20\premium_gated_satellite\r10_core_satellite_premium_gated_stress_start_20231120_sensitivity_20260729_235924_699811,0.3956947650263405,0.24107324166004052,0.08904708631220566,-0.05225599273334003,2.7072558086271337,1.312458289791808,34,34,0,5,0.0039057731575943538,0.0021584715754824663
stress,2024-01-18,r10_core_satellite_premium_gated_stress_start_20240118_sensitivity_20260729_235924_974460,D:\qcy_project\strategy\platform\results\sensitivity\premium_gated_satellite\20260729_235855\stress\2024-01-18\premium_gated_satellite\r10_core_satellite_premium_gated_stress_start_20240118_sensitivity_20260729_235924_974460,0.3785584257327803,0.2625657939411099,0.09197924708439782,-0.05227038447283627,2.854619952478913,1.4304905835126098,35,35,0,5,0.00310754260031709,0.0021581910942949298
stress,2024-03-18,r10_core_satellite_premium_gated_stress_start_20240318_sensitivity_20260729_235925_225993,D:\qcy_project\strategy\platform\results\sensitivity\premium_gated_satellite\20260729_235855\stress\2024-03-18\premium_gated_satellite\r10_core_satellite_premium_gated_stress_start_20240318_sensitivity_20260729_235925_225993,0.2969469190636205,0.2345243541429185,0.09435782003625005,-0.05248670495561869,2.48547872399786,1.3803107843347076,30,30,0,5,0.006005684326088488,0.0020278362287782293
stress,2024-05-20,r10_core_satellite_premium_gated_stress_start_20240520_sensitivity_20260729_235925_441599,D:\qcy_project\strategy\platform\results\sensitivity\premium_gated_satellite\20260729_235855\stress\2024-05-20\premium_gated_satellite\r10_core_satellite_premium_gated_stress_start_20240520_sensitivity_20260729_235925_441599,0.2097867791240804,0.19374086104144705,0.0973390249864569,-0.05653177513917984,1.9903719096056578,1.075938046598908,19,19,0,5,0.005866626633329734,0.0018960277212017446
stress,2024-07-18,r10_core_satellite_premium_gated_stress_start_20240718_sensitivity_20260729_235925_655600,D:\qcy_project\strategy\platform\results\sensitivity\premium_gated_satellite\20260729_235855\stress\2024-07-18\premium_gated_satellite\r10_core_satellite_premium_gated_stress_start_20240718_sensitivity_20260729_235925_655600,0.2369982066384002,0.26370677209100046,0.10146473555258444,-0.04099148878337999,2.598999254813349,1.2521335021142368,19,19,0,5,0.00733504194108412,0.0019185650070349697
stress,2024-09-18,r10_core_satellite_premium_gated_stress_start_20240918_sensitivity_20260729_235925_843295,D:\qcy_project\strategy\platform\results\sensitivity\premium_gated_satellite\20260729_235855\stress\2024-09-18\premium_gated_satellite\r10_core_satellite_premium_gated_stress_start_20240918_sensitivity_20260729_235925_843295,0.2886158030550203,0.4073485132569097,0.1094682744236351,-0.03582470138364302,3.7211558819361437,1.4615928174333286,20,20,0,5,0.009397364155352788,0.0019061408987631721
stress,2024-11-18,r10_core_satellite_premium_gated_stress_start_20241118_sensitivity_20260729_235926_017204,D:\qcy_project\strategy\platform\results\sensitivity\premium_gated_satellite\20260729_235855\stress\2024-11-18\premium_gated_satellite\r10_core_satellite_premium_gated_stress_start_20241118_sensitivity_20260729_235926_017204,0.10887345531156001,0.19098911025490994,0.08114756003125875,-0.035800934938319484,2.3536026244207373,1.3938084212373194,14,14,0,5,0.007777102373009341,0.00205862842074734
stress,2025-01-20,r10_core_satellite_premium_gated_stress_start_20250120_sensitivity_20260729_235926_202831,D:\qcy_project\strategy\platform\results\sensitivity\premium_gated_satellite\20260729_235855\stress\2025-01-20\premium_gated_satellite\r10_core_satellite_premium_gated_stress_start_20250120_sensitivity_20260729_235926_202831,0.07935146143562011,0.20113250874829025,0.09139014635930205,-0.03624704253665412,2.200811758825006,1.1481485426265772,5,5,0,5,0.016157332692564023,0.0015083984649362863
stress,2025-03-18,r10_core_satellite_premium_gated_stress_start_20250318_sensitivity_20260729_235926_347397,D:\qcy_project\strategy\platform\results\sensitivity\premium_gated_satellite\20260729_235855\stress\2025-03-18\premium_gated_satellite\r10_core_satellite_premium_gated_stress_start_20250318_sensitivity_20260729_235926_347397,0.032007959783779905,0.12010560158784855,0.10552806566546359,-0.04686353653389552,1.1381389474966543,2.8170116462418004,10,10,0,5,0.014599123681896527,0.0020456191104680655
stress,2025-05-19,r10_core_satellite_premium_gated_stress_start_20250519_sensitivity_20260729_235926_485162,D:\qcy_project\strategy\platform\results\sensitivity\premium_gated_satellite\20260729_235855\stress\2025-05-19\premium_gated_satellite\r10_core_satellite_premium_gated_stress_start_20250519_sensitivity_20260729_235926_485162,0.012631280122999966,0.11119747060685081,0.049611572097593114,-0.007626930746631788,2.241361559519004,6.642883934862151,10,10,0,5,0.0370311216875505,0.00206128798361487
dynamic_participation,2019-01-18,r10_core_satellite_premium_gated_dynamic_participation_start_20190118_sensitivity_20260729_235926_641530,D:\qcy_project\strategy\platform\results\sensitivity\premium_gated_satellite\20260729_235855\dynamic_participation\2019-01-18\premium_gated_satellite\r10_core_satellite_premium_gated_dynamic_participation_start_20190118_sensitivity_20260729_235926_641530,1.2995429418550564,0.14388296212438934,0.09709124974568922,-0.16432160780805138,1.4819354215880574,1.348080268972785,143,143,0,5,0.002981273984502272,0.0006051900848312746
dynamic_participation,2019-03-18,r10_core_satellite_premium_gated_dynamic_participation_start_20190318_sensitivity_20260729_235927_285626,D:\qcy_project\strategy\platform\results\sensitivity\premium_gated_satellite\20260729_235855\dynamic_participation\2019-03-18\premium_gated_satellite\r10_core_satellite_premium_gated_dynamic_participation_start_20190318_sensitivity_20260729_235927_285626,1.1272596647939879,0.1328463116301497,0.09607579386755175,-0.16319690795283615,1.3827240586040757,1.3701692629204423,143,143,0,5,0.003626433588784946,0.0006208137822201417
dynamic_participation,2019-05-20,r10_core_satellite_premium_gated_dynamic_participation_start_20190520_sensitivity_20260729_235927_941405,D:\qcy_project\strategy\platform\results\sensitivity\premium_gated_satellite\20260729_235855\dynamic_participation\2019-05-20\premium_gated_satellite\r10_core_satellite_premium_gated_dynamic_participation_start_20190520_sensitivity_20260729_235927_941405,1.1336192886583651,0.13733336632694693,0.09572556456253117,-0.16329662262005717,1.4346571572031432,1.3951151492977882,142,142,0,5,0.002804709220370127,0.0006298432479823291
dynamic_participation,2019-07-18,r10_core_satellite_premium_gated_dynamic_participation_start_20190718_sensitivity_20260729_235928_558289,D:\qcy_project\strategy\platform\results\sensitivity\premium_gated_satellite\20260729_235855\dynamic_participation\2019-07-18\premium_gated_satellite\r10_core_satellite_premium_gated_dynamic_participation_start_20190718_sensitivity_20260729_235928_558289,1.0107588280194726,0.12983328813919526,0.09590738027939813,-0.16425171788669957,1.3537361542038153,1.4333024200628015,148,148,0,5,0.003023676945521926,0.0006536761548578402
dynamic_participation,2019-09-18,r10_core_satellite_premium_gated_dynamic_participation_start_20190918_sensitivity_20260729_235929_203403,D:\qcy_project\strategy\platform\results\sensitivity\premium_gated_satellite\20260729_235855\dynamic_participation\2019-09-18\premium_gated_satellite\r10_core_satellite_premium_gated_dynamic_participation_start_20190918_sensitivity_20260729_235929_203403,0.957899484101626,0.1286513705092398,0.0966794827399621,-0.16308497374613795,1.3306998223736073,1.4623417954022018,148,148,0,5,0.002721450831863769,0.0006660074510376594
dynamic_participation,2019-11-18,r10_core_satellite_premium_gated_dynamic_participation_start_20191118_sensitivity_20260729_235929_808954,D:\qcy_project\strategy\platform\results\sensitivity\premium_gated_satellite\20260729_235855\dynamic_participation\2019-11-18\premium_gated_satellite\r10_core_satellite_premium_gated_dynamic_participation_start_20191118_sensitivity_20260729_235929_808954,0.9514543371444828,0.1317804070336681,0.09739790513159709,-0.16270788960661342,1.3530106921254195,1.4865952646471303,141,141,0,5,0.002262504313375261,0.0006228093431433183
dynamic_participation,2020-01-20,r10_core_satellite_premium_gated_dynamic_participation_start_20200120_sensitivity_20260729_235930_393521,D:\qcy_project\strategy\platform\results\sensitivity\premium_gated_satellite\20260729_235855\dynamic_participation\2020-01-20\premium_gated_satellite\r10_core_satellite_premium_gated_dynamic_participation_start_20200120_sensitivity_20260729_235930_393521,0.8135472993320949,0.12064470106616842,0.0970571153657657,-0.1640747838736144,1.2430278873579899,1.484858603908593,136,136,0,5,0.0021799268238768205,0.0006869432848397947
dynamic_participation,2020-03-18,r10_core_satellite_premium_gated_dynamic_participation_start_20200318_sensitivity_20260729_235930_973609,D:\qcy_project\strategy\platform\results\sensitivity\premium_gated_satellite\20260729_235855\dynamic_participation\2020-03-18\premium_gated_satellite\r10_core_satellite_premium_gated_dynamic_participation_start_20200318_sensitivity_20260729_235930_973609,0.9587499818511771,0.14140164172212466,0.09495994755160574,-0.1629570829006537,1.489066131226329,1.5131813615053336,138,138,0,5,0.0022740662078123922,0.0006000320853623419
dynamic_participation,2020-05-18,r10_core_satellite_premium_gated_dynamic_participation_start_20200518_sensitivity_20260729_235931_546342,D:\qcy_project\strategy\platform\results\sensitivity\premium_gated_satellite\20260729_235855\dynamic_participation\2020-05-18\premium_gated_satellite\r10_core_satellite_premium_gated_dynamic_participation_start_20200518_sensitivity_20260729_235931_546342,0.8104472271043104,0.12798774017027936,0.0940800709410088,-0.16404356829624767,1.360412879052055,1.5546212632474177,140,140,0,5,0.002777847620947956,0.0006793967828034528
dynamic_participation,2020-07-20,r10_core_satellite_premium_gated_dynamic_participation_start_20200720_sensitivity_20260729_235932_136258,D:\qcy_project\strategy\platform\results\sensitivity\premium_gated_satellite\20260729_235855\dynamic_participation\2020-07-20\premium_gated_satellite\r10_core_satellite_premium_gated_dynamic_participation_start_20200720_sensitivity_20260729_235932_136258,0.6395437133425357,0.10950544502310322,0.09231648854401894,-0.16379011104328012,1.186195952101104,1.5538774173087015,133,133,0,5,0.0025537595801583594,0.0005636570648496299
dynamic_participation,2020-09-18,r10_core_satellite_premium_gated_dynamic_participation_start_20200918_sensitivity_20260729_235932_658415,D:\qcy_project\strategy\platform\results\sensitivity\premium_gated_satellite\20260729_235855\dynamic_participation\2020-09-18\premium_gated_satellite\r10_core_satellite_premium_gated_dynamic_participation_start_20200918_sensitivity_20260729_235932_658415,0.4938674899839608,0.09152007029781939,0.09072580282211427,-0.16331252876599722,1.008754592971334,1.5410527073481,130,130,0,5,0.003085471639575515,0.0006925481556329526
dynamic_participation,2020-11-18,r10_core_satellite_premium_gated_dynamic_participation_start_20201118_sensitivity_20260729_235933_170059,D:\qcy_project\strategy\platform\results\sensitivity\premium_gated_satellite\20260729_235855\dynamic_participation\2020-11-18\premium_gated_satellite\r10_core_satellite_premium_gated_dynamic_participation_start_20201118_sensitivity_20260729_235933_170059,0.4884597179843839,0.09379358455704878,0.09068088944901286,-0.16332618119267628,1.034325811391452,1.5908789291304328,128,128,0,5,0.0029660398717542614,0.0006850919891238118
dynamic_participation,2021-01-18,r10_core_satellite_premium_gated_dynamic_participation_start_20210118_sensitivity_20260729_235933_669128,D:\qcy_project\strategy\platform\results\sensitivity\premium_gated_satellite\20260729_235855\dynamic_participation\2021-01-18\premium_gated_satellite\r10_core_satellite_premium_gated_dynamic_participation_start_20210118_sensitivity_20260729_235933_669128,0.4884638201541145,0.09762864978065422,0.09120036009681294,-0.1631837403963624,1.070485354191775,1.5823688096425208,119,119,0,5,0.0029040457351529117,0.0005621779736700454
dynamic_participation,2021-03-18,r10_core_satellite_premium_gated_dynamic_participation_start_20210318_sensitivity_20260729_235934_167076,D:\qcy_project\strategy\platform\results\sensitivity\premium_gated_satellite\20260729_235855\dynamic_participation\2021-03-18\premium_gated_satellite\r10_core_satellite_premium_gated_dynamic_participation_start_20210318_sensitivity_20260729_235934_167076,0.5071093036727288,0.10471185518295778,0.08955590231452568,-0.16385219171147725,1.1692345504509964,1.4955098772843132,113,113,0,5,0.0031273578154712386,0.0005982010632034348
dynamic_participation,2021-05-18,r10_core_satellite_premium_gated_dynamic_participation_start_20210518_sensitivity_20260729_235934_650703,D:\qcy_project\strategy\platform\results\sensitivity\premium_gated_satellite\20260729_235855\dynamic_participation\2021-05-18\premium_gated_satellite\r10_core_satellite_premium_gated_dynamic_participation_start_20210518_sensitivity_20260729_235934_650703,0.4644789937408924,0.10101680287634807,0.08996433497723014,-0.16334242095898166,1.1228538831739856,1.5576546357435936,111,111,0,5,0.002310955583251778,0.0006028067363623592
dynamic_participation,2021-07-19,r10_core_satellite_premium_gated_dynamic_participation_start_20210719_sensitivity_20260729_235935_134664,D:\qcy_project\strategy\platform\results\sensitivity\premium_gated_satellite\20260729_235855\dynamic_participation\2021-07-19\premium_gated_satellite\r10_core_satellite_premium_gated_dynamic_participation_start_20210719_sensitivity_20260729_235935_134664,0.4189816556353487,0.096631774163628,0.09088501439110562,-0.16296732287934257,1.0632311037306144,1.6155279120223662,111,111,0,5,0.003742294999199209,0.0005050222042524018
dynamic_participation,2021-09-22,r10_core_satellite_premium_gated_dynamic_participation_start_20210922_sensitivity_20260729_235935_601183,D:\qcy_project\strategy\platform\results\sensitivity\premium_gated_satellite\20260729_235855\dynamic_participation\2021-09-22\premium_gated_satellite\r10_core_satellite_premium_gated_dynamic_participation_start_20210922_sensitivity_20260729_235935_601183,0.3750175204453583,0.09209067452645425,0.09197479800241078,-0.1519306282639794,1.0012598725581374,1.6932441645064247,111,111,0,5,0.0023892738034659465,0.0005472039154049796
dynamic_participation,2021-11-18,r10_core_satellite_premium_gated_dynamic_participation_start_20211118_sensitivity_20260729_235936_053580,D:\qcy_project\strategy\platform\results\sensitivity\premium_gated_satellite\20260729_235855\dynamic_participation\2021-11-18\premium_gated_satellite\r10_core_satellite_premium_gated_dynamic_participation_start_20211118_sensitivity_20260729_235936_053580,0.4058445543508882,0.10307728940454775,0.09354881539587961,-0.14848292683829045,1.101855635139211,1.5908125790289125,100,100,0,5,0.0034418054510144086,0.0005447569323327169
dynamic_participation,2022-01-18,r10_core_satellite_premium_gated_dynamic_participation_start_20220118_sensitivity_20260729_235936_503327,D:\qcy_project\strategy\platform\results\sensitivity\premium_gated_satellite\20260729_235855\dynamic_participation\2022-01-18\premium_gated_satellite\r10_core_satellite_premium_gated_dynamic_participation_start_20220118_sensitivity_20260729_235936_503327,0.4189699968595335,0.11166796193733042,0.09313733584418879,-0.12978230520238587,1.1989602335645704,1.6399612096104053,97,97,0,5,0.003807097837178769,0.0004547759923844593
dynamic_participation,2022-03-18,r10_core_satellite_premium_gated_dynamic_participation_start_20220318_sensitivity_20260729_235936_920691,D:\qcy_project\strategy\platform\results\sensitivity\premium_gated_satellite\20260729_235855\dynamic_participation\2022-03-18\premium_gated_satellite\r10_core_satellite_premium_gated_dynamic_participation_start_20220318_sensitivity_20260729_235936_920691,0.4661733867859661,0.1289575562946481,0.08886429100982031,-0.12135681539240717,1.4511740861174163,1.7170375793625505,94,94,0,5,0.0024794392964522026,0.00045477836292848363
dynamic_participation,2022-05-18,r10_core_satellite_premium_gated_dynamic_participation_start_20220518_sensitivity_20260729_235937_342188,D:\qcy_project\strategy\platform\results\sensitivity\premium_gated_satellite\20260729_235855\dynamic_participation\2022-05-18\premium_gated_satellite\r10_core_satellite_premium_gated_dynamic_participation_start_20220518_sensitivity_20260729_235937_342188,0.5301790504912032,0.15212447389370531,0.08647106174458523,-0.08922889557349845,1.7592529896654272,1.7870315763936586,97,97,0,5,0.003745135687160022,0.0004461899324292207
dynamic_participation,2022-07-18,r10_core_satellite_premium_gated_dynamic_participation_start_20220718_sensitivity_20260729_235937_724853,D:\qcy_project\strategy\platform\results\sensitivity\premium_gated_satellite\20260729_235855\dynamic_participation\2022-07-18\premium_gated_satellite\r10_core_satellite_premium_gated_dynamic_participation_start_20220718_sensitivity_20260729_235937_724853,0.5772176126357611,0.17421173524878952,0.08622199196254092,-0.07489009928451718,2.020502325259148,1.7157602981348674,85,85,0,5,0.0028383536259499486,0.0004457669738007954
dynamic_participation,2022-09-19,r10_core_satellite_premium_gated_dynamic_participation_start_20220919_sensitivity_20260729_235938_074484,D:\qcy_project\strategy\platform\results\sensitivity\premium_gated_satellite\20260729_235855\dynamic_participation\2022-09-19\premium_gated_satellite\r10_core_satellite_premium_gated_dynamic_participation_start_20220919_sensitivity_20260729_235938_074484,0.5820967344018062,0.18801994718794557,0.08350507387054099,-0.05124222553928581,2.251599076236198,1.902465625624318,93,93,0,5,0.004223081179015602,0.0004421931739314765
dynamic_participation,2022-11-18,r10_core_satellite_premium_gated_dynamic_participation_start_20221118_sensitivity_20260729_235938_398800,D:\qcy_project\strategy\platform\results\sensitivity\premium_gated_satellite\20260729_235855\dynamic_participation\2022-11-18\premium_gated_satellite\r10_core_satellite_premium_gated_dynamic_participation_start_20221118_sensitivity_20260729_235938_398800,0.5522924747584701,0.19164715966128165,0.08211208047796519,-0.051398833563825685,2.3339703311099305,1.7899735336304603,80,80,0,5,0.003603556844511072,0.00044567524398573134
dynamic_participation,2023-01-18,r10_core_satellite_premium_gated_dynamic_participation_start_20230118_sensitivity_20260729_235938_733156,D:\qcy_project\strategy\platform\results\sensitivity\premium_gated_satellite\20260729_235855\dynamic_participation\2023-01-18\premium_gated_satellite\r10_core_satellite_premium_gated_dynamic_participation_start_20230118_sensitivity_20260729_235938_733156,0.5337629880834085,0.20044098167310143,0.0824362650442998,-0.051190771147670455,2.4314660734009235,1.692055159854408,70,70,0,5,0.0034998315712838016,0.00044964717279397554
dynamic_participation,2023-03-20,r10_core_satellite_premium_gated_dynamic_participation_start_20230320_sensitivity_20260729_235939_034717,D:\qcy_project\strategy\platform\results\sensitivity\premium_gated_satellite\20260729_235855\dynamic_participation\2023-03-20\premium_gated_satellite\r10_core_satellite_premium_gated_dynamic_participation_start_20230320_sensitivity_20260729_235939_034717,0.5154429180901885,0.20898313941632463,0.08291847449330259,-0.05115794533831686,2.5203447204422993,1.4707061630738578,63,63,0,5,0.0047699441501319354,0.0004482320327000177
dynamic_participation,2023-05-18,r10_core_satellite_premium_gated_dynamic_participation_start_20230518_sensitivity_20260729_235939_351281,D:\qcy_project\strategy\platform\results\sensitivity\premium_gated_satellite\20260729_235855\dynamic_participation\2023-05-18\premium_gated_satellite\r10_core_satellite_premium_gated_dynamic_participation_start_20230518_sensitivity_20260729_235939_351281,0.4319984079808046,0.19289811027553228,0.08407568909759608,-0.05123101507710792,2.2943387362738568,1.5527720441020711,56,56,0,5,0.005099191304042786,0.00043697773332966296
dynamic_participation,2023-07-18,r10_core_satellite_premium_gated_dynamic_participation_start_20230718_sensitivity_20260729_235939_647074,D:\qcy_project\strategy\platform\results\sensitivity\premium_gated_satellite\20260729_235855\dynamic_participation\2023-07-18\premium_gated_satellite\r10_core_satellite_premium_gated_dynamic_participation_start_20230718_sensitivity_20260729_235939_647074,0.36744340746180804,0.18184841724386702,0.08465167763301323,-0.05131362174220111,2.1481962594081905,1.6726298793989953,56,56,0,5,0.005184696541241606,0.0004369938992396336
dynamic_participation,2023-09-18,r10_core_satellite_premium_gated_dynamic_participation_start_20230918_sensitivity_20260729_235939_951780,D:\qcy_project\strategy\platform\results\sensitivity\premium_gated_satellite\20260729_235855\dynamic_participation\2023-09-18\premium_gated_satellite\r10_core_satellite_premium_gated_dynamic_participation_start_20230918_sensitivity_20260729_235939_951780,0.3771036062851081,0.20731741522991198,0.0872561604349367,-0.05113239749513643,2.37596307465878,1.5061304536089897,44,44,0,5,0.002905453767063597,0.0004359542739969778
dynamic_participation,2023-11-20,r10_core_satellite_premium_gated_dynamic_participation_start_20231120_sensitivity_20260729_235940_228614,D:\qcy_project\strategy\platform\results\sensitivity\premium_gated_satellite\20260729_235855\dynamic_participation\2023-11-20\premium_gated_satellite\r10_core_satellite_premium_gated_dynamic_participation_start_20231120_sensitivity_20260729_235940_228614,0.40587214216797207,0.24692838562475616,0.08919468926859524,-0.05115494224420658,2.7684202686235238,1.315996762006176,34,34,0,5,0.004157260561046791,0.0004299483662384085
dynamic_participation,2024-01-18,r10_core_satellite_premium_gated_dynamic_participation_start_20240118_sensitivity_20260729_235940_484838,D:\qcy_project\strategy\platform\results\sensitivity\premium_gated_satellite\20260729_235855\dynamic_participation\2024-01-18\premium_gated_satellite\r10_core_satellite_premium_gated_dynamic_participation_start_20240118_sensitivity_20260729_235940_484838,0.3911083219498961,0.2709026169533757,0.09188025383371735,-0.05113890199490956,2.948431307597916,1.4312003771923034,34,34,0,5,0.0038403377633495607,0.0004318847771835629
dynamic_participation,2024-03-18,r10_core_satellite_premium_gated_dynamic_participation_start_20240318_sensitivity_20260729_235940_733682,D:\qcy_project\strategy\platform\results\sensitivity\premium_gated_satellite\20260729_235855\dynamic_participation\2024-03-18\premium_gated_satellite\r10_core_satellite_premium_gated_dynamic_participation_start_20240318_sensitivity_20260729_235940_733682,0.30724824793888406,0.2424636971464993,0.094290101676156,-0.05118601272405099,2.5714650089067974,1.3844129767931566,28,28,0,5,0.004619806135822362,0.00040512643084946056
dynamic_participation,2024-05-20,r10_core_satellite_premium_gated_dynamic_participation_start_20240520_sensitivity_20260729_235940_958459,D:\qcy_project\strategy\platform\results\sensitivity\premium_gated_satellite\20260729_235855\dynamic_participation\2024-05-20\premium_gated_satellite\r10_core_satellite_premium_gated_dynamic_participation_start_20240520_sensitivity_20260729_235940_958459,0.2175988960760602,0.200907295218812,0.09725687803230411,-0.055349709129011826,2.065738683819155,1.0819639084173236,18,18,0,5,0.004357154087367606,0.00038017653158642313
dynamic_participation,2024-07-18,r10_core_satellite_premium_gated_dynamic_participation_start_20240718_sensitivity_20260729_235941_176165,D:\qcy_project\strategy\platform\results\sensitivity\premium_gated_satellite\20260729_235855\dynamic_participation\2024-07-18\premium_gated_satellite\r10_core_satellite_premium_gated_dynamic_participation_start_20240718_sensitivity_20260729_235941_176165,0.2397317830203598,0.26678019041308776,0.10174383682852056,-0.039794996012676,2.6220771569949743,1.2443666061690237,18,18,0,5,0.007535893117089393,0.0003834307710081692
dynamic_participation,2024-09-18,r10_core_satellite_premium_gated_dynamic_participation_start_20240918_sensitivity_20260729_235941_396030,D:\qcy_project\strategy\platform\results\sensitivity\premium_gated_satellite\20260729_235855\dynamic_participation\2024-09-18\premium_gated_satellite\r10_core_satellite_premium_gated_dynamic_participation_start_20240918_sensitivity_20260729_235941_396030,0.29140911116952384,0.41146114183807736,0.1098318996835519,-0.035851244678349437,3.7462808439404287,1.4558589427504205,19,19,0,5,0.009212245970360923,0.0003815871460326008
dynamic_participation,2024-11-18,r10_core_satellite_premium_gated_dynamic_participation_start_20241118_sensitivity_20260729_235941_573285,D:\qcy_project\strategy\platform\results\sensitivity\premium_gated_satellite\20260729_235855\dynamic_participation\2024-11-18\premium_gated_satellite\r10_core_satellite_premium_gated_dynamic_participation_start_20241118_sensitivity_20260729_235941_573285,0.1125901094728361,0.1977483038747292,0.0813182546541221,-0.03581790000766116,2.4317824419108476,1.394346140688954,14,14,0,5,0.007852227507574536,0.000411983723513329
dynamic_participation,2025-01-20,r10_core_satellite_premium_gated_dynamic_participation_start_20250120_sensitivity_20260729_235941_742821,D:\qcy_project\strategy\platform\results\sensitivity\premium_gated_satellite\20260729_235855\dynamic_participation\2025-01-20\premium_gated_satellite\r10_core_satellite_premium_gated_dynamic_participation_start_20250120_sensitivity_20260729_235941_742821,0.08542158489300378,0.21740838619944292,0.08957433429537888,-0.036310092013619344,2.4271281267078195,1.257984634232754,8,8,0,5,0.012086888555433474,0.00030916354830424564
dynamic_participation,2025-03-18,r10_core_satellite_premium_gated_dynamic_participation_start_20250318_sensitivity_20260729_235941_904612,D:\qcy_project\strategy\platform\results\sensitivity\premium_gated_satellite\20260729_235855\dynamic_participation\2025-03-18\premium_gated_satellite\r10_core_satellite_premium_gated_dynamic_participation_start_20250318_sensitivity_20260729_235941_904612,0.03474607439730404,0.13084123141107495,0.10569747248441069,-0.0457880681269458,1.2378842022960646,2.811578363446466,10,10,0,5,0.015055617169492524,0.0004091898029632386
dynamic_participation,2025-05-19,r10_core_satellite_premium_gated_dynamic_participation_start_20250519_sensitivity_20260729_235942_050495,D:\qcy_project\strategy\platform\results\sensitivity\premium_gated_satellite\20260729_235855\dynamic_participation\2025-05-19\premium_gated_satellite\r10_core_satellite_premium_gated_dynamic_participation_start_20250519_sensitivity_20260729_235942_050495,0.01531859792310808,0.13621277385516706,0.050445376307149604,-0.007623773928235544,2.7002033452144487,6.629490760954585,10,10,0,5,0.03776033878604366,0.00041222508091792704
