config_group,side,start_date,run_id,raw_path,annualized_return,sharpe_ratio,max_drawdown,annualized_turnover,trade_count,order_count,rejected_order_count
r1,baseline_r016,2019-01-18,research_r037_r1_r016_train_start_20190118_r037_r1_baseline_r016_2019-01-18_20260624_235524_887228,results\sensitivity_raw\r037_half_life\20260624_235524\r1\baseline_r016\2019-01-18\adaptive_risk_deviation_volatility_triggered\research_r037_r1_r016_train_start_20190118_r037_r1_baseline_r016_2019-01-18_20260624_235524_887228,0.13757395487955182,1.2887779163120139,-0.14215059936327434,0.3578567360812728,130,131,1
r1,candidate_halflife,2019-01-18,research_r037_r1_halflife_train_start_20190118_r037_r1_candidate_halflife_2019-01-18_20260624_235535_984694,results\sensitivity_raw\r037_half_life\20260624_235524\r1\candidate_halflife\2019-01-18\half_life_adaptive_risk_parity\research_r037_r1_halflife_train_start_20190118_r037_r1_candidate_halflife_2019-01-18_20260624_235535_984694,0.1401958246947208,1.259082102743686,-0.15286467011059923,0.33499192973001723,186,186,0
r1,baseline_r016,2019-03-18,research_r037_r1_r016_train_start_20190318_r037_r1_baseline_r016_2019-03-18_20260624_235549_555857,results\sensitivity_raw\r037_half_life\20260624_235524\r1\baseline_r016\2019-03-18\adaptive_risk_deviation_volatility_triggered\research_r037_r1_r016_train_start_20190318_r037_r1_baseline_r016_2019-03-18_20260624_235549_555857,0.14387908175461672,1.3382656110171993,-0.14212543814182843,0.3683871567700149,138,139,1
r1,candidate_halflife,2019-03-18,research_r037_r1_halflife_train_start_20190318_r037_r1_candidate_halflife_2019-03-18_20260624_235600_027177,results\sensitivity_raw\r037_half_life\20260624_235524\r1\candidate_halflife\2019-03-18\half_life_adaptive_risk_parity\research_r037_r1_halflife_train_start_20190318_r037_r1_candidate_halflife_2019-03-18_20260624_235600_027177,0.14540109765165243,1.2388228022943844,-0.16235888551276934,0.3343904769115638,191,192,1
r1,baseline_r016,2019-05-20,research_r037_r1_r016_train_start_20190520_r037_r1_baseline_r016_2019-05-20_20260624_235613_159415,results\sensitivity_raw\r037_half_life\20260624_235524\r1\baseline_r016\2019-05-20\adaptive_risk_deviation_volatility_triggered\research_r037_r1_r016_train_start_20190520_r037_r1_baseline_r016_2019-05-20_20260624_235613_159415,0.13336659420197416,1.2371498660071205,-0.14216632700476162,0.3473874355524901,114,115,1
r1,candidate_halflife,2019-05-20,research_r037_r1_halflife_train_start_20190520_r037_r1_candidate_halflife_2019-05-20_20260624_235623_356759,results\sensitivity_raw\r037_half_life\20260624_235524\r1\candidate_halflife\2019-05-20\half_life_adaptive_risk_parity\research_r037_r1_halflife_train_start_20190520_r037_r1_candidate_halflife_2019-05-20_20260624_235623_356759,0.1347790946524341,1.2090505620609602,-0.14969928246365682,0.31143993796789504,155,155,0
r1,baseline_r016,2019-07-18,research_r037_r1_r016_train_start_20190718_r037_r1_baseline_r016_2019-07-18_20260624_235636_043855,results\sensitivity_raw\r037_half_life\20260624_235524\r1\baseline_r016\2019-07-18\adaptive_risk_deviation_volatility_triggered\research_r037_r1_r016_train_start_20190718_r037_r1_baseline_r016_2019-07-18_20260624_235636_043855,0.13387212563081552,1.2198163429561026,-0.14223228676203525,0.36585593303457487,117,118,1
r1,candidate_halflife,2019-07-18,research_r037_r1_halflife_train_start_20190718_r037_r1_candidate_halflife_2019-07-18_20260624_235645_832262,results\sensitivity_raw\r037_half_life\20260624_235524\r1\candidate_halflife\2019-07-18\half_life_adaptive_risk_parity\research_r037_r1_halflife_train_start_20190718_r037_r1_candidate_halflife_2019-07-18_20260624_235645_832262,0.13271547142025564,1.1579366359432903,-0.1527350806954163,0.3177179815217097,158,158,0
r1,baseline_r016,2019-09-18,research_r037_r1_r016_train_start_20190918_r037_r1_baseline_r016_2019-09-18_20260624_235658_256223,results\sensitivity_raw\r037_half_life\20260624_235524\r1\baseline_r016\2019-09-18\adaptive_risk_deviation_volatility_triggered\research_r037_r1_r016_train_start_20190918_r037_r1_baseline_r016_2019-09-18_20260624_235658_256223,0.13832291874240754,1.244648905692822,-0.14222927368937177,0.3605694472057205,116,117,1
r1,candidate_halflife,2019-09-18,research_r037_r1_halflife_train_start_20190918_r037_r1_candidate_halflife_2019-09-18_20260624_235707_725916,results\sensitivity_raw\r037_half_life\20260624_235524\r1\candidate_halflife\2019-09-18\half_life_adaptive_risk_parity\research_r037_r1_halflife_train_start_20190918_r037_r1_candidate_halflife_2019-09-18_20260624_235707_725916,0.13987210171026532,1.1531395174546297,-0.16223425868842156,0.3384097717857233,152,153,1
r1,baseline_r016,2019-11-18,research_r037_r1_r016_train_start_20191118_r037_r1_baseline_r016_2019-11-18_20260624_235719_794110,results\sensitivity_raw\r037_half_life\20260624_235524\r1\baseline_r016\2019-11-18\adaptive_risk_deviation_volatility_triggered\research_r037_r1_r016_train_start_20191118_r037_r1_baseline_r016_2019-11-18_20260624_235719_794110,0.1370755955995291,1.219943063790297,-0.14216701866922632,0.3852323359806206,116,117,1
r1,candidate_halflife,2019-11-18,research_r037_r1_halflife_train_start_20191118_r037_r1_candidate_halflife_2019-11-18_20260624_235728_977031,results\sensitivity_raw\r037_half_life\20260624_235524\r1\candidate_halflife\2019-11-18\half_life_adaptive_risk_parity\research_r037_r1_halflife_train_start_20191118_r037_r1_candidate_halflife_2019-11-18_20260624_235728_977031,0.13755192315690468,1.1708921788688988,-0.15274558181973297,0.35203037806030496,157,157,0
r1,baseline_r016,2020-01-20,research_r037_r1_r016_train_start_20200120_r037_r1_baseline_r016_2020-01-20_20260624_235740_533811,results\sensitivity_raw\r037_half_life\20260624_235524\r1\baseline_r016\2020-01-20\adaptive_risk_deviation_volatility_triggered\research_r037_r1_r016_train_start_20200120_r037_r1_baseline_r016_2020-01-20_20260624_235740_533811,0.1261379841292578,1.1090564093379611,-0.14221706627174802,0.36672496659856674,101,102,1
r1,candidate_halflife,2020-01-20,research_r037_r1_halflife_train_start_20200120_r037_r1_candidate_halflife_2020-01-20_20260624_235749_544997,results\sensitivity_raw\r037_half_life\20260624_235524\r1\candidate_halflife\2020-01-20\half_life_adaptive_risk_parity\research_r037_r1_halflife_train_start_20200120_r037_r1_candidate_halflife_2020-01-20_20260624_235749_544997,0.12733329094463008,1.0898866111972165,-0.1497001085393862,0.33444881116459513,140,140,0
r1,baseline_r016,2020-03-18,research_r037_r1_r016_train_start_20200318_r037_r1_baseline_r016_2020-03-18_20260624_235800_738599,results\sensitivity_raw\r037_half_life\20260624_235524\r1\baseline_r016\2020-03-18\adaptive_risk_deviation_volatility_triggered\research_r037_r1_r016_train_start_20200318_r037_r1_baseline_r016_2020-03-18_20260624_235800_738599,0.1310050763477033,1.159113260870152,-0.1421336537367881,0.3963189499097725,111,112,1
r1,candidate_halflife,2020-03-18,research_r037_r1_halflife_train_start_20200318_r037_r1_candidate_halflife_2020-03-18_20260624_235809_425060,results\sensitivity_raw\r037_half_life\20260624_235524\r1\candidate_halflife\2020-03-18\half_life_adaptive_risk_parity\research_r037_r1_halflife_train_start_20200318_r037_r1_candidate_halflife_2020-03-18_20260624_235809_425060,0.13125340742746272,1.126856788243054,-0.14967756617904493,0.3470689247104649,137,137,0
r1,baseline_r016,2020-05-18,research_r037_r1_r016_train_start_20200518_r037_r1_baseline_r016_2020-05-18_20260624_235820_646638,results\sensitivity_raw\r037_half_life\20260624_235524\r1\baseline_r016\2020-05-18\adaptive_risk_deviation_volatility_triggered\research_r037_r1_r016_train_start_20200518_r037_r1_baseline_r016_2020-05-18_20260624_235820_646638,0.13524609906065765,1.1830019633699547,-0.1422120298136036,0.4038834621430652,103,104,1
r1,candidate_halflife,2020-05-18,research_r037_r1_halflife_train_start_20200518_r037_r1_candidate_halflife_2020-05-18_20260624_235828_965299,results\sensitivity_raw\r037_half_life\20260624_235524\r1\candidate_halflife\2020-05-18\half_life_adaptive_risk_parity\research_r037_r1_halflife_train_start_20200518_r037_r1_candidate_halflife_2020-05-18_20260624_235828_965299,0.1369292904592141,1.1530313509753582,-0.15092217927356866,0.38113323097676854,156,156,0
r1,baseline_r016,2020-07-20,research_r037_r1_r016_train_start_20200720_r037_r1_baseline_r016_2020-07-20_20260624_235839_431794,results\sensitivity_raw\r037_half_life\20260624_235524\r1\baseline_r016\2020-07-20\adaptive_risk_deviation_volatility_triggered\research_r037_r1_r016_train_start_20200720_r037_r1_baseline_r016_2020-07-20_20260624_235839_431794,0.12827858127214253,1.123797468390108,-0.14214783305762912,0.39228458364997804,100,101,1
r1,candidate_halflife,2020-07-20,research_r037_r1_halflife_train_start_20200720_r037_r1_candidate_halflife_2020-07-20_20260624_235847_553184,results\sensitivity_raw\r037_half_life\20260624_235524\r1\candidate_halflife\2020-07-20\half_life_adaptive_risk_parity\research_r037_r1_halflife_train_start_20200720_r037_r1_candidate_halflife_2020-07-20_20260624_235847_553184,0.12828965790650937,1.0894153890453762,-0.1491284614144227,0.35255102612851397,128,128,0
r1,baseline_r016,2020-09-18,research_r037_r1_r016_train_start_20200918_r037_r1_baseline_r016_2020-09-18_20260624_235857_786272,results\sensitivity_raw\r037_half_life\20260624_235524\r1\baseline_r016\2020-09-18\adaptive_risk_deviation_volatility_triggered\research_r037_r1_r016_train_start_20200918_r037_r1_baseline_r016_2020-09-18_20260624_235857_786272,0.1300630896979853,1.1310811201931636,-0.142170715073482,0.368133621874948,79,80,1
r1,candidate_halflife,2020-09-18,research_r037_r1_halflife_train_start_20200918_r037_r1_candidate_halflife_2020-09-18_20260624_235905_442227,results\sensitivity_raw\r037_half_life\20260624_235524\r1\candidate_halflife\2020-09-18\half_life_adaptive_risk_parity\research_r037_r1_halflife_train_start_20200918_r037_r1_candidate_halflife_2020-09-18_20260624_235905_442227,0.1327198831417422,1.1082759098843655,-0.15091489130045044,0.35832273940989035,127,127,0
r1,baseline_r016,2020-11-18,research_r037_r1_r016_train_start_20201118_r037_r1_baseline_r016_2020-11-18_20260624_235915_182347,results\sensitivity_raw\r037_half_life\20260624_235524\r1\baseline_r016\2020-11-18\adaptive_risk_deviation_volatility_triggered\research_r037_r1_r016_train_start_20201118_r037_r1_baseline_r016_2020-11-18_20260624_235915_182347,0.13841868581335204,1.189982006701985,-0.1422282532397755,0.3934318423698682,90,91,1
r1,candidate_halflife,2020-11-18,research_r037_r1_halflife_train_start_20201118_r037_r1_candidate_halflife_2020-11-18_20260624_235922_713874,results\sensitivity_raw\r037_half_life\20260624_235524\r1\candidate_halflife\2020-11-18\half_life_adaptive_risk_parity\research_r037_r1_halflife_train_start_20201118_r037_r1_candidate_halflife_2020-11-18_20260624_235922_713874,0.13793794468153897,1.1467802497900683,-0.14915311813221388,0.37894354647798556,131,131,0
r1,baseline_r016,2021-01-18,research_r037_r1_r016_train_start_20210118_r037_r1_baseline_r016_2021-01-18_20260624_235932_125372,results\sensitivity_raw\r037_half_life\20260624_235524\r1\baseline_r016\2021-01-18\adaptive_risk_deviation_volatility_triggered\research_r037_r1_r016_train_start_20210118_r037_r1_baseline_r016_2021-01-18_20260624_235932_125372,0.1439660292093221,1.2190482011399018,-0.1431053806527003,0.41122068107682413,98,99,1
r1,candidate_halflife,2021-01-18,research_r037_r1_halflife_train_start_20210118_r037_r1_candidate_halflife_2021-01-18_20260624_235939_283480,results\sensitivity_raw\r037_half_life\20260624_235524\r1\candidate_halflife\2021-01-18\half_life_adaptive_risk_parity\research_r037_r1_halflife_train_start_20210118_r037_r1_candidate_halflife_2021-01-18_20260624_235939_283480,0.14464756481398622,1.1839405517153585,-0.14992617580956213,0.3885846669304939,132,132,0
r1,baseline_r016,2021-03-18,research_r037_r1_r016_train_start_20210318_r037_r1_baseline_r016_2021-03-18_20260624_235948_348680,results\sensitivity_raw\r037_half_life\20260624_235524\r1\baseline_r016\2021-03-18\adaptive_risk_deviation_volatility_triggered\research_r037_r1_r016_train_start_20210318_r037_r1_baseline_r016_2021-03-18_20260624_235948_348680,0.1409755118666094,1.1752268866178432,-0.14329754413425144,0.3980343566319698,88,89,1
r1,candidate_halflife,2021-03-18,research_r037_r1_halflife_train_start_20210318_r037_r1_candidate_halflife_2021-03-18_20260624_235954_770106,results\sensitivity_raw\r037_half_life\20260624_235524\r1\candidate_halflife\2021-03-18\half_life_adaptive_risk_parity\research_r037_r1_halflife_train_start_20210318_r037_r1_candidate_halflife_2021-03-18_20260624_235954_770106,0.14138380948184714,1.0683959567772767,-0.16259215979276442,0.39725976923534106,128,129,1
r1,baseline_r016,2021-05-18,research_r037_r1_r016_train_start_20210518_r037_r1_baseline_r016_2021-05-18_20260625_000002_764195,results\sensitivity_raw\r037_half_life\20260624_235524\r1\baseline_r016\2021-05-18\adaptive_risk_deviation_volatility_triggered\research_r037_r1_r016_train_start_20210518_r037_r1_baseline_r016_2021-05-18_20260625_000002_764195,0.14319705868265475,1.016889039470323,-0.1685503074125646,0.38983413079450846,78,79,1
r1,candidate_halflife,2021-05-18,research_r037_r1_halflife_train_start_20210518_r037_r1_candidate_halflife_2021-05-18_20260625_000008_844636,results\sensitivity_raw\r037_half_life\20260624_235524\r1\candidate_halflife\2021-05-18\half_life_adaptive_risk_parity\research_r037_r1_halflife_train_start_20210518_r037_r1_candidate_halflife_2021-05-18_20260625_000008_844636,0.13909473760119861,1.1122119883827561,-0.14887209847809657,0.3926606294524678,118,118,0
r1,baseline_r016,2021-07-19,research_r037_r1_r016_train_start_20210719_r037_r1_baseline_r016_2021-07-19_20260625_000016_526574,results\sensitivity_raw\r037_half_life\20260624_235524\r1\baseline_r016\2021-07-19\adaptive_risk_deviation_volatility_triggered\research_r037_r1_r016_train_start_20210719_r037_r1_baseline_r016_2021-07-19_20260625_000016_526574,0.14134444940205704,1.1596202537877731,-0.13956828403353116,0.42875315741181014,86,87,1
r1,candidate_halflife,2021-07-19,research_r037_r1_halflife_train_start_20210719_r037_r1_candidate_halflife_2021-07-19_20260625_000022_402555,results\sensitivity_raw\r037_half_life\20260624_235524\r1\candidate_halflife\2021-07-19\half_life_adaptive_risk_parity\research_r037_r1_halflife_train_start_20210719_r037_r1_candidate_halflife_2021-07-19_20260625_000022_402555,0.13961122930416847,1.2843972770658378,-0.12157334715921786,0.35805075413788806,100,100,0
r1,baseline_r016,2021-09-22,research_r037_r1_r016_train_start_20210922_r037_r1_baseline_r016_2021-09-22_20260625_000029_719325,results\sensitivity_raw\r037_half_life\20260624_235524\r1\baseline_r016\2021-09-22\adaptive_risk_deviation_volatility_triggered\research_r037_r1_r016_train_start_20210922_r037_r1_baseline_r016_2021-09-22_20260625_000029_719325,0.14461561347008178,2.30764747002463,-0.041969016107653245,0.40589567225028306,64,64,0
r1,candidate_halflife,2021-09-22,research_r037_r1_halflife_train_start_20210922_r037_r1_candidate_halflife_2021-09-22_20260625_000035_201390,results\sensitivity_raw\r037_half_life\20260624_235524\r1\candidate_halflife\2021-09-22\half_life_adaptive_risk_parity\research_r037_r1_halflife_train_start_20210922_r037_r1_candidate_halflife_2021-09-22_20260625_000035_201390,0.14502641094872448,2.3503627531795432,-0.04301189474057976,0.3782024800193738,94,94,0
r1,baseline_r016,2021-11-18,research_r037_r1_r016_train_start_20211118_r037_r1_baseline_r016_2021-11-18_20260625_000042_149034,results\sensitivity_raw\r037_half_life\20260624_235524\r1\baseline_r016\2021-11-18\adaptive_risk_deviation_volatility_triggered\research_r037_r1_r016_train_start_20211118_r037_r1_baseline_r016_2021-11-18_20260625_000042_149034,0.14587253153067348,2.341020782226908,-0.04063268199931103,0.4517486500599446,84,84,0
r1,candidate_halflife,2021-11-18,research_r037_r1_halflife_train_start_20211118_r037_r1_candidate_halflife_2021-11-18_20260625_000046_921169,results\sensitivity_raw\r037_half_life\20260624_235524\r1\candidate_halflife\2021-11-18\half_life_adaptive_risk_parity\research_r037_r1_halflife_train_start_20211118_r037_r1_candidate_halflife_2021-11-18_20260625_000046_921169,0.14823019405962135,2.3423207110221544,-0.03912223694070405,0.45269754076125107,126,126,0
r1,baseline_r016,2022-01-18,research_r037_r1_r016_train_start_20220118_r037_r1_baseline_r016_2022-01-18_20260625_000053_041624,results\sensitivity_raw\r037_half_life\20260624_235524\r1\baseline_r016\2022-01-18\adaptive_risk_deviation_volatility_triggered\research_r037_r1_r016_train_start_20220118_r037_r1_baseline_r016_2022-01-18_20260625_000053_041624,0.14847293667264894,2.311914461009338,-0.0340978380227952,0.4584676158723862,80,80,0
r1,candidate_halflife,2022-01-18,research_r037_r1_halflife_train_start_20220118_r037_r1_candidate_halflife_2022-01-18_20260625_000057_461263,results\sensitivity_raw\r037_half_life\20260624_235524\r1\candidate_halflife\2022-01-18\half_life_adaptive_risk_parity\research_r037_r1_halflife_train_start_20220118_r037_r1_candidate_halflife_2022-01-18_20260625_000057_461263,0.14941050319378602,2.373767138470811,-0.0340978380227952,0.4178270836090994,106,106,0
r1,baseline_r016,2022-03-18,research_r037_r1_r016_train_start_20220318_r037_r1_baseline_r016_2022-03-18_20260625_000103_173524,results\sensitivity_raw\r037_half_life\20260624_235524\r1\baseline_r016\2022-03-18\adaptive_risk_deviation_volatility_triggered\research_r037_r1_r016_train_start_20220318_r037_r1_baseline_r016_2022-03-18_20260625_000103_173524,0.16202016154811538,2.721882947555522,-0.0330214673347804,0.4519517367570756,67,67,0
r1,candidate_halflife,2022-03-18,research_r037_r1_halflife_train_start_20220318_r037_r1_candidate_halflife_2022-03-18_20260625_000107_385361,results\sensitivity_raw\r037_half_life\20260624_235524\r1\candidate_halflife\2022-03-18\half_life_adaptive_risk_parity\research_r037_r1_halflife_train_start_20220318_r037_r1_candidate_halflife_2022-03-18_20260625_000107_385361,0.16212918795878295,2.706836503568681,-0.03138663905493033,0.4238368154927502,100,100,0
r1,baseline_r016,2022-05-18,research_r037_r1_r016_train_start_20220518_r037_r1_baseline_r016_2022-05-18_20260625_000112_778414,results\sensitivity_raw\r037_half_life\20260624_235524\r1\baseline_r016\2022-05-18\adaptive_risk_deviation_volatility_triggered\research_r037_r1_r016_train_start_20220518_r037_r1_baseline_r016_2022-05-18_20260625_000112_778414,0.1591385284567275,2.571565454492147,-0.03808942315145081,0.4705828805461694,64,64,0
r1,candidate_halflife,2022-05-18,research_r037_r1_halflife_train_start_20220518_r037_r1_candidate_halflife_2022-05-18_20260625_000116_830809,results\sensitivity_raw\r037_half_life\20260624_235524\r1\candidate_halflife\2022-05-18\half_life_adaptive_risk_parity\research_r037_r1_halflife_train_start_20220518_r037_r1_candidate_halflife_2022-05-18_20260625_000116_830809,0.16267607428033481,2.6605902311720726,-0.038686408301390696,0.4862297762346595,119,119,0
r1,baseline_r016,2022-07-18,research_r037_r1_r016_train_start_20220718_r037_r1_baseline_r016_2022-07-18_20260625_000122_130049,results\sensitivity_raw\r037_half_life\20260624_235524\r1\baseline_r016\2022-07-18\adaptive_risk_deviation_volatility_triggered\research_r037_r1_r016_train_start_20220718_r037_r1_baseline_r016_2022-07-18_20260625_000122_130049,0.16511899027351062,2.6044173313093153,-0.042102610592372525,0.4992110905045594,68,68,0
r1,candidate_halflife,2022-07-18,research_r037_r1_halflife_train_start_20220718_r037_r1_candidate_halflife_2022-07-18_20260625_000125_898333,results\sensitivity_raw\r037_half_life\20260624_235524\r1\candidate_halflife\2022-07-18\half_life_adaptive_risk_parity\research_r037_r1_halflife_train_start_20220718_r037_r1_candidate_halflife_2022-07-18_20260625_000125_898333,0.1659441604950025,2.683292586121095,-0.043061043741903005,0.4743491780764236,100,100,0
r1,baseline_r016,2022-09-19,research_r037_r1_r016_train_start_20220919_r037_r1_baseline_r016_2022-09-19_20260625_000130_755382,results\sensitivity_raw\r037_half_life\20260624_235524\r1\baseline_r016\2022-09-19\adaptive_risk_deviation_volatility_triggered\research_r037_r1_r016_train_start_20220919_r037_r1_baseline_r016_2022-09-19_20260625_000130_755382,0.19167414857867726,3.0388603606108484,-0.028726470094885492,0.498423922105422,58,58,0
r1,candidate_halflife,2022-09-19,research_r037_r1_halflife_train_start_20220919_r037_r1_candidate_halflife_2022-09-19_20260625_000134_266881,results\sensitivity_raw\r037_half_life\20260624_235524\r1\candidate_halflife\2022-09-19\half_life_adaptive_risk_parity\research_r037_r1_halflife_train_start_20220919_r037_r1_candidate_halflife_2022-09-19_20260625_000134_266881,0.18673064655602611,3.003650506526858,-0.02894251947749893,0.501247053750981,95,95,0
r1,baseline_r016,2022-11-18,research_r037_r1_r016_train_start_20221118_r037_r1_baseline_r016_2022-11-18_20260625_000138_753677,results\sensitivity_raw\r037_half_life\20260624_235524\r1\baseline_r016\2022-11-18\adaptive_risk_deviation_volatility_triggered\research_r037_r1_r016_train_start_20221118_r037_r1_baseline_r016_2022-11-18_20260625_000138_753677,0.20110805344015703,3.168362180852219,-0.029235388363631376,0.5577666352304866,71,71,0
r1,candidate_halflife,2022-11-18,research_r037_r1_halflife_train_start_20221118_r037_r1_candidate_halflife_2022-11-18_20260625_000142_055228,results\sensitivity_raw\r037_half_life\20260624_235524\r1\candidate_halflife\2022-11-18\half_life_adaptive_risk_parity\research_r037_r1_halflife_train_start_20221118_r037_r1_candidate_halflife_2022-11-18_20260625_000142_055228,0.19071955370802018,3.06981009023312,-0.028653068111390567,0.5080968851787276,97,97,0
r1,baseline_r016,2023-01-18,research_r037_r1_r016_train_start_20230118_r037_r1_baseline_r016_2023-01-18_20260625_000146_274030,results\sensitivity_raw\r037_half_life\20260624_235524\r1\baseline_r016\2023-01-18\adaptive_risk_deviation_volatility_triggered\research_r037_r1_r016_train_start_20230118_r037_r1_baseline_r016_2023-01-18_20260625_000146_274030,0.1912304114106207,3.011377878102416,-0.032994820980935535,0.549195859021556,67,67,0
r1,candidate_halflife,2023-01-18,research_r037_r1_halflife_train_start_20230118_r037_r1_candidate_halflife_2023-01-18_20260625_000149_453821,results\sensitivity_raw\r037_half_life\20260624_235524\r1\candidate_halflife\2023-01-18\half_life_adaptive_risk_parity\research_r037_r1_halflife_train_start_20230118_r037_r1_candidate_halflife_2023-01-18_20260625_000149_453821,0.1943586062446847,3.118682918123026,-0.02900798418340833,0.5144626823535993,92,92,0
r1,baseline_r016,2023-03-20,research_r037_r1_r016_train_start_20230320_r037_r1_baseline_r016_2023-03-20_20260625_000153_372072,results\sensitivity_raw\r037_half_life\20260624_235524\r1\baseline_r016\2023-03-20\adaptive_risk_deviation_volatility_triggered\research_r037_r1_r016_train_start_20230320_r037_r1_baseline_r016_2023-03-20_20260625_000153_372072,0.17158534892840693,2.619170411153713,-0.03294289140520967,0.5455982587996464,46,46,0
r1,candidate_halflife,2023-03-20,research_r037_r1_halflife_train_start_20230320_r037_r1_candidate_halflife_2023-03-20_20260625_000156_223014,results\sensitivity_raw\r037_half_life\20260624_235524\r1\candidate_halflife\2023-03-20\half_life_adaptive_risk_parity\research_r037_r1_halflife_train_start_20230320_r037_r1_candidate_halflife_2023-03-20_20260625_000156_223014,0.1749831330191045,2.722350810397282,-0.02876685721571548,0.5241523199051962,79,79,0
r1,baseline_r016,2023-05-18,research_r037_r1_r016_train_start_20230518_r037_r1_baseline_r016_2023-05-18_20260625_000159_894770,results\sensitivity_raw\r037_half_life\20260624_235524\r1\baseline_r016\2023-05-18\adaptive_risk_deviation_volatility_triggered\research_r037_r1_r016_train_start_20230518_r037_r1_baseline_r016_2023-05-18_20260625_000159_894770,0.20745253779379813,3.0786250309638,-0.029315127207664826,0.5655808666483455,46,46,0
r1,candidate_halflife,2023-05-18,research_r037_r1_halflife_train_start_20230518_r037_r1_candidate_halflife_2023-05-18_20260625_000202_636269,results\sensitivity_raw\r037_half_life\20260624_235524\r1\candidate_halflife\2023-05-18\half_life_adaptive_risk_parity\research_r037_r1_halflife_train_start_20230518_r037_r1_candidate_halflife_2023-05-18_20260625_000202_636269,0.19390269240033575,2.985376556093753,-0.029300290312123445,0.501937110830093,61,61,0
r1,baseline_r016,2023-07-18,research_r037_r1_r016_train_start_20230718_r037_r1_baseline_r016_2023-07-18_20260625_000205_982873,results\sensitivity_raw\r037_half_life\20260624_235524\r1\baseline_r016\2023-07-18\adaptive_risk_deviation_volatility_triggered\research_r037_r1_r016_train_start_20230718_r037_r1_baseline_r016_2023-07-18_20260625_000205_982873,0.20193502318710266,2.9261067211155516,-0.032937328817694844,0.6614418997166932,51,51,0
r1,candidate_halflife,2023-07-18,research_r037_r1_halflife_train_start_20230718_r037_r1_candidate_halflife_2023-07-18_20260625_000208_408702,results\sensitivity_raw\r037_half_life\20260624_235524\r1\candidate_halflife\2023-07-18\half_life_adaptive_risk_parity\research_r037_r1_halflife_train_start_20230718_r037_r1_candidate_halflife_2023-07-18_20260625_000208_408702,0.20233281988602525,3.014702874991728,-0.028898773012025702,0.5719527709734268,68,68,0
r1,baseline_r016,2023-09-18,research_r037_r1_r016_train_start_20230918_r037_r1_baseline_r016_2023-09-18_20260625_000211_458481,results\sensitivity_raw\r037_half_life\20260624_235524\r1\baseline_r016\2023-09-18\adaptive_risk_deviation_volatility_triggered\research_r037_r1_r016_train_start_20230918_r037_r1_baseline_r016_2023-09-18_20260625_000211_458481,0.2300849815959396,3.2324754341425037,-0.03297306763978569,0.666536507219318,42,42,0
r1,candidate_halflife,2023-09-18,research_r037_r1_halflife_train_start_20230918_r037_r1_candidate_halflife_2023-09-18_20260625_000213_649187,results\sensitivity_raw\r037_half_life\20260624_235524\r1\candidate_halflife\2023-09-18\half_life_adaptive_risk_parity\research_r037_r1_halflife_train_start_20230918_r037_r1_candidate_halflife_2023-09-18_20260625_000213_649187,0.2307112534781146,3.333245394365912,-0.028775563197815157,0.6033025402485461,64,64,0
r1,baseline_r016,2023-11-20,research_r037_r1_r016_train_start_20231120_r037_r1_baseline_r016_2023-11-20_20260625_000216_445704,results\sensitivity_raw\r037_half_life\20260624_235524\r1\baseline_r016\2023-11-20\adaptive_risk_deviation_volatility_triggered\research_r037_r1_r016_train_start_20231120_r037_r1_baseline_r016_2023-11-20_20260625_000216_445704,0.26674305206816573,3.566315064651209,-0.028566977270282123,0.7561963142311844,44,44,0
r1,candidate_halflife,2023-11-20,research_r037_r1_halflife_train_start_20231120_r037_r1_candidate_halflife_2023-11-20_20260625_000218_543783,results\sensitivity_raw\r037_half_life\20260624_235524\r1\candidate_halflife\2023-11-20\half_life_adaptive_risk_parity\research_r037_r1_halflife_train_start_20231120_r037_r1_candidate_halflife_2023-11-20_20260625_000218_543783,0.2505246727930872,3.472355871155265,-0.02889954366735481,0.7302945300486189,70,70,0
r1,baseline_r016,2024-01-18,research_r037_r1_r016_train_start_20240118_r037_r1_baseline_r016_2024-01-18_20260625_000221_004027,results\sensitivity_raw\r037_half_life\20260624_235524\r1\baseline_r016\2024-01-18\adaptive_risk_deviation_volatility_triggered\research_r037_r1_r016_train_start_20240118_r037_r1_baseline_r016_2024-01-18_20260625_000221_004027,0.2235295019010919,2.9398752650968647,-0.03299079242670366,0.7897322898716527,39,39,0
r1,candidate_halflife,2024-01-18,research_r037_r1_halflife_train_start_20240118_r037_r1_candidate_halflife_2024-01-18_20260625_000222_766152,results\sensitivity_raw\r037_half_life\20260624_235524\r1\candidate_halflife\2024-01-18\half_life_adaptive_risk_parity\research_r037_r1_halflife_train_start_20240118_r037_r1_candidate_halflife_2024-01-18_20260625_000222_766152,0.22505330760126974,3.078579655835028,-0.02929695109512087,0.709242875710284,57,57,0
r1,baseline_r016,2024-03-18,research_r037_r1_r016_train_start_20240318_r037_r1_baseline_r016_2024-03-18_20260625_000224_932499,results\sensitivity_raw\r037_half_life\20260624_235524\r1\baseline_r016\2024-03-18\adaptive_risk_deviation_volatility_triggered\research_r037_r1_r016_train_start_20240318_r037_r1_baseline_r016_2024-03-18_20260625_000224_932499,0.2124272607947919,2.756012303032472,-0.03301943011571429,0.846213455886124,43,43,0
r1,candidate_halflife,2024-03-18,research_r037_r1_halflife_train_start_20240318_r037_r1_candidate_halflife_2024-03-18_20260625_000226_488115,results\sensitivity_raw\r037_half_life\20260624_235524\r1\candidate_halflife\2024-03-18\half_life_adaptive_risk_parity\research_r037_r1_halflife_train_start_20240318_r037_r1_candidate_halflife_2024-03-18_20260625_000226_488115,0.21504274292799752,2.8760594222774185,-0.02924674981222053,0.7254308056843528,48,48,0
r1,baseline_r016,2024-05-20,research_r037_r1_r016_train_start_20240520_r037_r1_baseline_r016_2024-05-20_20260625_000228_391443,results\sensitivity_raw\r037_half_life\20260624_235524\r1\baseline_r016\2024-05-20\adaptive_risk_deviation_volatility_triggered\research_r037_r1_r016_train_start_20240520_r037_r1_baseline_r016_2024-05-20_20260625_000228_391443,0.23427351901158122,3.1357049228832783,-0.02876805480940836,0.9948234895134055,42,42,0
r1,candidate_halflife,2024-05-20,research_r037_r1_halflife_train_start_20240520_r037_r1_candidate_halflife_2024-05-20_20260625_000229_763558,results\sensitivity_raw\r037_half_life\20260624_235524\r1\candidate_halflife\2024-05-20\half_life_adaptive_risk_parity\research_r037_r1_halflife_train_start_20240520_r037_r1_candidate_halflife_2024-05-20_20260625_000229_763558,0.23936015597450444,3.177921696376763,-0.029485375479831766,0.8821333555224345,51,51,0
r1,baseline_r016,2024-07-18,research_r037_r1_r016_train_start_20240718_r037_r1_baseline_r016_2024-07-18_20260625_000231_404120,results\sensitivity_raw\r037_half_life\20260624_235524\r1\baseline_r016\2024-07-18\adaptive_risk_deviation_volatility_triggered\research_r037_r1_r016_train_start_20240718_r037_r1_baseline_r016_2024-07-18_20260625_000231_404120,0.29814924421139444,3.880432536603456,-0.028601033711149526,1.04746456328504,34,34,0
r1,candidate_halflife,2024-07-18,research_r037_r1_halflife_train_start_20240718_r037_r1_candidate_halflife_2024-07-18_20260625_000232_544989,results\sensitivity_raw\r037_half_life\20260624_235524\r1\candidate_halflife\2024-07-18\half_life_adaptive_risk_parity\research_r037_r1_halflife_train_start_20240718_r037_r1_candidate_halflife_2024-07-18_20260625_000232_544989,0.29434022314327546,3.786882989061919,-0.02935561123140129,0.9682769651553679,38,38,0
r1,baseline_r016,2024-09-18,research_r037_r1_r016_train_start_20240918_r037_r1_baseline_r016_2024-09-18_20260625_000233_873768,results\sensitivity_raw\r037_half_life\20260624_235524\r1\baseline_r016\2024-09-18\adaptive_risk_deviation_volatility_triggered\research_r037_r1_r016_train_start_20240918_r037_r1_baseline_r016_2024-09-18_20260625_000233_873768,0.21759105690007385,3.6883868690987702,-0.02958457667797587,1.0524566990699527,31,31,0
r1,candidate_halflife,2024-09-18,research_r037_r1_halflife_train_start_20240918_r037_r1_candidate_halflife_2024-09-18_20260625_000234_810216,results\sensitivity_raw\r037_half_life\20260624_235524\r1\candidate_halflife\2024-09-18\half_life_adaptive_risk_parity\research_r037_r1_halflife_train_start_20240918_r037_r1_candidate_halflife_2024-09-18_20260625_000234_810216,0.2092903434831357,3.5477152734205757,-0.03077384389545479,0.9583913138706973,30,30,0
r1,baseline_r016,2024-11-18,research_r037_r1_r016_train_start_20241118_r037_r1_baseline_r016_2024-11-18_20260625_000235_857819,results\sensitivity_raw\r037_half_life\20260624_235524\r1\baseline_r016\2024-11-18\adaptive_risk_deviation_volatility_triggered\research_r037_r1_r016_train_start_20241118_r037_r1_baseline_r016_2024-11-18_20260625_000235_857819,0.13635882579136194,2.0929281831741475,-0.025762496216563457,1.0401330004438678,14,14,0
r1,candidate_halflife,2024-11-18,research_r037_r1_halflife_train_start_20241118_r037_r1_candidate_halflife_2024-11-18_20260625_000236_577780,results\sensitivity_raw\r037_half_life\20260624_235524\r1\candidate_halflife\2024-11-18\half_life_adaptive_risk_parity\research_r037_r1_halflife_train_start_20241118_r037_r1_candidate_halflife_2024-11-18_20260625_000236_577780,0.1267106258778894,1.9986783144147895,-0.025762496216563457,0.9931512452950917,17,17,0
r1,baseline_r016,2025-01-20,research_r037_r1_r016_train_start_20250120_r037_r1_baseline_r016_2025-01-20_20260625_000237_359190,results\sensitivity_raw\r037_half_life\20260624_235524\r1\baseline_r016\2025-01-20\adaptive_risk_deviation_volatility_triggered\research_r037_r1_r016_train_start_20250120_r037_r1_baseline_r016_2025-01-20_20260625_000237_359190,0.16829069064380442,2.39342701762562,-0.029387903710701435,1.3928618656274223,12,12,0
r1,candidate_halflife,2025-01-20,research_r037_r1_halflife_train_start_20250120_r037_r1_candidate_halflife_2025-01-20_20260625_000237_863195,results\sensitivity_raw\r037_half_life\20260624_235524\r1\candidate_halflife\2025-01-20\half_life_adaptive_risk_parity\research_r037_r1_halflife_train_start_20250120_r037_r1_candidate_halflife_2025-01-20_20260625_000237_863195,0.16500859065214457,2.323762294639188,-0.029387903710701435,1.4682694567077998,20,20,0
r1,baseline_r016,2025-03-18,research_r037_r1_r016_train_start_20250318_r037_r1_baseline_r016_2025-03-18_20260625_000238_354112,results\sensitivity_raw\r037_half_life\20260624_235524\r1\baseline_r016\2025-03-18\adaptive_risk_deviation_volatility_triggered\research_r037_r1_r016_train_start_20250318_r037_r1_baseline_r016_2025-03-18_20260625_000238_354112,0.06807764576605146,2.3497219251922092,-0.008379189531364184,1.814003839957538,8,8,0
r1,candidate_halflife,2025-03-18,research_r037_r1_halflife_train_start_20250318_r037_r1_candidate_halflife_2025-03-18_20260625_000238_665260,results\sensitivity_raw\r037_half_life\20260624_235524\r1\candidate_halflife\2025-03-18\half_life_adaptive_risk_parity\research_r037_r1_halflife_train_start_20250318_r037_r1_candidate_halflife_2025-03-18_20260625_000238_665260,0.06750272757273845,2.3191038036525344,-0.008386834601297188,1.8185441226163355,8,8,0
r1,baseline_r016,2025-05-19,research_r037_r1_r016_train_start_20250519_r037_r1_baseline_r016_2025-05-19_20260625_000238_979439,results\sensitivity_raw\r037_half_life\20260624_235524\r1\baseline_r016\2025-05-19\adaptive_risk_deviation_volatility_triggered\research_r037_r1_r016_train_start_20250519_r037_r1_baseline_r016_2025-05-19_20260625_000238_979439,0.0,0.0,0.0,0.0,0,0,0
r1,candidate_halflife,2025-05-19,research_r037_r1_halflife_train_start_20250519_r037_r1_candidate_halflife_2025-05-19_20260625_000239_072586,results\sensitivity_raw\r037_half_life\20260624_235524\r1\candidate_halflife\2025-05-19\half_life_adaptive_risk_parity\research_r037_r1_halflife_train_start_20250519_r037_r1_candidate_halflife_2025-05-19_20260625_000239_072586,0.0,0.0,0.0,0.0,0,0,0
r2,baseline_r016,2019-01-18,research_r037_r2_r016_train_start_20190118_r037_r2_baseline_r016_2019-01-18_20260625_000239_240336,results\sensitivity_raw\r037_half_life\20260624_235524\r2\baseline_r016\2019-01-18\adaptive_risk_deviation_volatility_triggered\research_r037_r2_r016_train_start_20190118_r037_r2_baseline_r016_2019-01-18_20260625_000239_240336,0.15185564495814297,1.0898146962940578,-0.16036212937809657,0.32895151656905747,158,160,2
r2,candidate_halflife,2019-01-18,research_r037_r2_halflife_train_start_20190118_r037_r2_candidate_halflife_2019-01-18_20260625_000249_898824,results\sensitivity_raw\r037_half_life\20260624_235524\r2\candidate_halflife\2019-01-18\half_life_adaptive_risk_parity\research_r037_r2_halflife_train_start_20190118_r037_r2_candidate_halflife_2019-01-18_20260625_000249_898824,0.1487602107639172,1.0337485492013534,-0.17084753066864722,0.29864129903722963,200,201,1
r2,baseline_r016,2019-03-18,research_r037_r2_r016_train_start_20190318_r037_r2_baseline_r016_2019-03-18_20260625_000302_945807,results\sensitivity_raw\r037_half_life\20260624_235524\r2\baseline_r016\2019-03-18\adaptive_risk_deviation_volatility_triggered\research_r037_r2_r016_train_start_20190318_r037_r2_baseline_r016_2019-03-18_20260625_000302_945807,0.15536298379579416,1.0981961344528668,-0.16215132504336882,0.33103571980125673,158,160,2
r2,candidate_halflife,2019-03-18,research_r037_r2_halflife_train_start_20190318_r037_r2_candidate_halflife_2019-03-18_20260625_000313_195254,results\sensitivity_raw\r037_half_life\20260624_235524\r2\candidate_halflife\2019-03-18\half_life_adaptive_risk_parity\research_r037_r2_halflife_train_start_20190318_r037_r2_candidate_halflife_2019-03-18_20260625_000313_195254,0.15232492782040352,1.0477022260751268,-0.1708691265218013,0.30243762440081173,200,201,1
r2,baseline_r016,2019-05-20,research_r037_r2_r016_train_start_20190520_r037_r2_baseline_r016_2019-05-20_20260625_000326_102913,results\sensitivity_raw\r037_half_life\20260624_235524\r2\baseline_r016\2019-05-20\adaptive_risk_deviation_volatility_triggered\research_r037_r2_r016_train_start_20190520_r037_r2_baseline_r016_2019-05-20_20260625_000326_102913,0.14641375311936833,1.0323634096752452,-0.15934086634467004,0.310454820104623,125,127,2
r2,candidate_halflife,2019-05-20,research_r037_r2_halflife_train_start_20190520_r037_r2_candidate_halflife_2019-05-20_20260625_000335_994199,results\sensitivity_raw\r037_half_life\20260624_235524\r2\candidate_halflife\2019-05-20\half_life_adaptive_risk_parity\research_r037_r2_halflife_train_start_20190520_r037_r2_candidate_halflife_2019-05-20_20260625_000335_994199,0.1437712232386641,1.0059257123621728,-0.17043517462475832,0.28995903373069337,174,174,0
r2,baseline_r016,2019-07-18,research_r037_r2_r016_train_start_20190718_r037_r2_baseline_r016_2019-07-18_20260625_000348_513758,results\sensitivity_raw\r037_half_life\20260624_235524\r2\baseline_r016\2019-07-18\adaptive_risk_deviation_volatility_triggered\research_r037_r2_r016_train_start_20190718_r037_r2_baseline_r016_2019-07-18_20260625_000348_513758,0.14295056178057153,0.992522152913642,-0.16028019765894141,0.3291729105953707,144,146,2
r2,candidate_halflife,2019-07-18,research_r037_r2_halflife_train_start_20190718_r037_r2_candidate_halflife_2019-07-18_20260625_000358_104802,results\sensitivity_raw\r037_half_life\20260624_235524\r2\candidate_halflife\2019-07-18\half_life_adaptive_risk_parity\research_r037_r2_halflife_train_start_20190718_r037_r2_candidate_halflife_2019-07-18_20260625_000358_104802,0.14191440495506247,1.0057123906376524,-0.16674455571190883,0.3021161774013443,180,180,0
r2,baseline_r016,2019-09-18,research_r037_r2_r016_train_start_20190918_r037_r2_baseline_r016_2019-09-18_20260625_000410_104942,results\sensitivity_raw\r037_half_life\20260624_235524\r2\baseline_r016\2019-09-18\adaptive_risk_deviation_volatility_triggered\research_r037_r2_r016_train_start_20190918_r037_r2_baseline_r016_2019-09-18_20260625_000410_104942,0.15052854642133262,1.032613118605807,-0.15929738420034523,0.32633121767740697,137,139,2
r2,candidate_halflife,2019-09-18,research_r037_r2_halflife_train_start_20190918_r037_r2_candidate_halflife_2019-09-18_20260625_000419_496230,results\sensitivity_raw\r037_half_life\20260624_235524\r2\candidate_halflife\2019-09-18\half_life_adaptive_risk_parity\research_r037_r2_halflife_train_start_20190918_r037_r2_candidate_halflife_2019-09-18_20260625_000419_496230,0.1494721586054517,0.9888936005651165,-0.1808776447984065,0.3116240271187202,183,184,1
r2,baseline_r016,2019-11-18,research_r037_r2_r016_train_start_20191118_r037_r2_baseline_r016_2019-11-18_20260625_000431_047094,results\sensitivity_raw\r037_half_life\20260624_235524\r2\baseline_r016\2019-11-18\adaptive_risk_deviation_volatility_triggered\research_r037_r2_r016_train_start_20191118_r037_r2_baseline_r016_2019-11-18_20260625_000431_047094,0.14706567654453262,0.9963377584457187,-0.1592641700136448,0.3718142608383861,116,118,2
r2,candidate_halflife,2019-11-18,research_r037_r2_halflife_train_start_20191118_r037_r2_candidate_halflife_2019-11-18_20260625_000440_007648,results\sensitivity_raw\r037_half_life\20260624_235524\r2\candidate_halflife\2019-11-18\half_life_adaptive_risk_parity\research_r037_r2_halflife_train_start_20191118_r037_r2_candidate_halflife_2019-11-18_20260625_000440_007648,0.14512430693888234,1.00179436611919,-0.16683534936179434,0.3308787987008969,158,158,0
r2,baseline_r016,2020-01-20,research_r037_r2_r016_train_start_20200120_r037_r2_baseline_r016_2020-01-20_20260625_000451_451863,results\sensitivity_raw\r037_half_life\20260624_235524\r2\baseline_r016\2020-01-20\adaptive_risk_deviation_volatility_triggered\research_r037_r2_r016_train_start_20200120_r037_r2_baseline_r016_2020-01-20_20260625_000451_451863,0.14266046367571628,0.9510799280848403,-0.16040181740334014,0.34160416037525115,108,110,2
r2,candidate_halflife,2020-01-20,research_r037_r2_halflife_train_start_20200120_r037_r2_candidate_halflife_2020-01-20_20260625_000500_148772,results\sensitivity_raw\r037_half_life\20260624_235524\r2\candidate_halflife\2020-01-20\half_life_adaptive_risk_parity\research_r037_r2_halflife_train_start_20200120_r037_r2_candidate_halflife_2020-01-20_20260625_000500_148772,0.14008031821517775,0.9391342642664835,-0.17055360204116177,0.2913149188063316,124,124,0
r2,baseline_r016,2020-03-18,research_r037_r2_r016_train_start_20200318_r037_r2_baseline_r016_2020-03-18_20260625_000511_009994,results\sensitivity_raw\r037_half_life\20260624_235524\r2\baseline_r016\2020-03-18\adaptive_risk_deviation_volatility_triggered\research_r037_r2_r016_train_start_20200318_r037_r2_baseline_r016_2020-03-18_20260625_000511_009994,0.1410803824585689,0.9429656373099458,-0.15952299449283125,0.35619442310780614,110,112,2
r2,candidate_halflife,2020-03-18,research_r037_r2_halflife_train_start_20200318_r037_r2_candidate_halflife_2020-03-18_20260625_000519_611182,results\sensitivity_raw\r037_half_life\20260624_235524\r2\candidate_halflife\2020-03-18\half_life_adaptive_risk_parity\research_r037_r2_halflife_train_start_20200318_r037_r2_candidate_halflife_2020-03-18_20260625_000519_611182,0.13987654894329227,0.9533577208951829,-0.16677303238062624,0.3151222039071714,143,143,0
r2,baseline_r016,2020-05-18,research_r037_r2_r016_train_start_20200518_r037_r2_baseline_r016_2020-05-18_20260625_000530_248141,results\sensitivity_raw\r037_half_life\20260624_235524\r2\baseline_r016\2020-05-18\adaptive_risk_deviation_volatility_triggered\research_r037_r2_r016_train_start_20200518_r037_r2_baseline_r016_2020-05-18_20260625_000530_248141,0.15204632770317827,0.9978343257025639,-0.16050597763361618,0.36469571703425324,109,111,2
r2,candidate_halflife,2020-05-18,research_r037_r2_halflife_train_start_20200518_r037_r2_candidate_halflife_2020-05-18_20260625_000538_411919,results\sensitivity_raw\r037_half_life\20260624_235524\r2\candidate_halflife\2020-05-18\half_life_adaptive_risk_parity\research_r037_r2_halflife_train_start_20200518_r037_r2_candidate_halflife_2020-05-18_20260625_000538_411919,0.15047251970411457,0.9845927439638017,-0.1704877343905422,0.32912620212160765,138,138,0
r2,baseline_r016,2020-07-20,research_r037_r2_r016_train_start_20200720_r037_r2_baseline_r016_2020-07-20_20260625_000548_722638,results\sensitivity_raw\r037_half_life\20260624_235524\r2\baseline_r016\2020-07-20\adaptive_risk_deviation_volatility_triggered\research_r037_r2_r016_train_start_20200720_r037_r2_baseline_r016_2020-07-20_20260625_000548_722638,0.14394949606770968,0.9346413611415922,-0.1605118793725464,0.36973014380484576,101,103,2
r2,candidate_halflife,2020-07-20,research_r037_r2_halflife_train_start_20200720_r037_r2_candidate_halflife_2020-07-20_20260625_000556_592982,results\sensitivity_raw\r037_half_life\20260624_235524\r2\candidate_halflife\2020-07-20\half_life_adaptive_risk_parity\research_r037_r2_halflife_train_start_20200720_r037_r2_candidate_halflife_2020-07-20_20260625_000556_592982,0.14253328979841906,0.9335061602332286,-0.16661325099516955,0.332679074402307,132,132,0
r2,baseline_r016,2020-09-18,research_r037_r2_r016_train_start_20200918_r037_r2_baseline_r016_2020-09-18_20260625_000606_421676,results\sensitivity_raw\r037_half_life\20260624_235524\r2\baseline_r016\2020-09-18\adaptive_risk_deviation_volatility_triggered\research_r037_r2_r016_train_start_20200918_r037_r2_baseline_r016_2020-09-18_20260625_000606_421676,0.15411260206623023,0.9937009860373925,-0.15933562584087824,0.3480680068902216,97,99,2
r2,candidate_halflife,2020-09-18,research_r037_r2_halflife_train_start_20200918_r037_r2_candidate_halflife_2020-09-18_20260625_000614_438843,results\sensitivity_raw\r037_half_life\20260624_235524\r2\candidate_halflife\2020-09-18\half_life_adaptive_risk_parity\research_r037_r2_halflife_train_start_20200918_r037_r2_candidate_halflife_2020-09-18_20260625_000614_438843,0.1521622243159435,0.9754062771986255,-0.1703874823426037,0.3182292563924391,122,122,0
r2,baseline_r016,2020-11-18,research_r037_r2_r016_train_start_20201118_r037_r2_baseline_r016_2020-11-18_20260625_000624_026467,results\sensitivity_raw\r037_half_life\20260624_235524\r2\baseline_r016\2020-11-18\adaptive_risk_deviation_volatility_triggered\research_r037_r2_r016_train_start_20201118_r037_r2_baseline_r016_2020-11-18_20260625_000624_026467,0.160944045178264,1.0200137317559455,-0.16221664838795047,0.35773457713959955,99,101,2
r2,candidate_halflife,2020-11-18,research_r037_r2_halflife_train_start_20201118_r037_r2_candidate_halflife_2020-11-18_20260625_000631_387433,results\sensitivity_raw\r037_half_life\20260624_235524\r2\candidate_halflife\2020-11-18\half_life_adaptive_risk_parity\research_r037_r2_halflife_train_start_20201118_r037_r2_candidate_halflife_2020-11-18_20260625_000631_387433,0.15947628902831124,1.0104605820149366,-0.17057499667103493,0.33164880689996773,120,120,0
r2,baseline_r016,2021-01-18,research_r037_r2_r016_train_start_20210118_r037_r2_baseline_r016_2021-01-18_20260625_000640_513621,results\sensitivity_raw\r037_half_life\20260624_235524\r2\baseline_r016\2021-01-18\adaptive_risk_deviation_volatility_triggered\research_r037_r2_r016_train_start_20210118_r037_r2_baseline_r016_2021-01-18_20260625_000640_513621,0.1660030561010657,1.0114922149756695,-0.16027513586806497,0.3672319224473195,94,96,2
r2,candidate_halflife,2021-01-18,research_r037_r2_halflife_train_start_20210118_r037_r2_candidate_halflife_2021-01-18_20260625_000647_691370,results\sensitivity_raw\r037_half_life\20260624_235524\r2\candidate_halflife\2021-01-18\half_life_adaptive_risk_parity\research_r037_r2_halflife_train_start_20210118_r037_r2_candidate_halflife_2021-01-18_20260625_000647_691370,0.1687941934275421,1.0675488426506559,-0.17038326616400923,0.36025399289753596,137,137,0
r2,baseline_r016,2021-03-18,research_r037_r2_r016_train_start_20210318_r037_r2_baseline_r016_2021-03-18_20260625_000656_494239,results\sensitivity_raw\r037_half_life\20260624_235524\r2\baseline_r016\2021-03-18\adaptive_risk_deviation_volatility_triggered\research_r037_r2_r016_train_start_20210318_r037_r2_baseline_r016_2021-03-18_20260625_000656_494239,0.1597734880571322,0.9743963751388469,-0.16195515335761101,0.388175744391283,98,100,2
r2,candidate_halflife,2021-03-18,research_r037_r2_halflife_train_start_20210318_r037_r2_candidate_halflife_2021-03-18_20260625_000703_286800,results\sensitivity_raw\r037_half_life\20260624_235524\r2\candidate_halflife\2021-03-18\half_life_adaptive_risk_parity\research_r037_r2_halflife_train_start_20210318_r037_r2_candidate_halflife_2021-03-18_20260625_000703_286800,0.15988789110090895,0.9875789794215392,-0.17041126908862347,0.35102638261363883,125,125,0
r2,baseline_r016,2021-05-18,research_r037_r2_r016_train_start_20210518_r037_r2_baseline_r016_2021-05-18_20260625_000711_740831,results\sensitivity_raw\r037_half_life\20260624_235524\r2\baseline_r016\2021-05-18\adaptive_risk_deviation_volatility_triggered\research_r037_r2_r016_train_start_20210518_r037_r2_baseline_r016_2021-05-18_20260625_000711_740831,0.15840628983943605,0.9272352774960501,-0.15983072971256862,0.3912076819822215,96,98,2
r2,candidate_halflife,2021-05-18,research_r037_r2_halflife_train_start_20210518_r037_r2_candidate_halflife_2021-05-18_20260625_000718_350465,results\sensitivity_raw\r037_half_life\20260624_235524\r2\candidate_halflife\2021-05-18\half_life_adaptive_risk_parity\research_r037_r2_halflife_train_start_20210518_r037_r2_candidate_halflife_2021-05-18_20260625_000718_350465,0.15879618548773178,0.9364878764786639,-0.1751322866970445,0.34666682463066234,115,116,1
r2,baseline_r016,2021-07-19,research_r037_r2_r016_train_start_20210719_r037_r2_baseline_r016_2021-07-19_20260625_000726_474303,results\sensitivity_raw\r037_half_life\20260624_235524\r2\baseline_r016\2021-07-19\adaptive_risk_deviation_volatility_triggered\research_r037_r2_r016_train_start_20210719_r037_r2_baseline_r016_2021-07-19_20260625_000726_474303,0.15411858599404504,1.0239207292474128,-0.16339759459089598,0.3962975320825964,88,90,2
r2,candidate_halflife,2021-07-19,research_r037_r2_halflife_train_start_20210719_r037_r2_candidate_halflife_2021-07-19_20260625_000732_699090,results\sensitivity_raw\r037_half_life\20260624_235524\r2\candidate_halflife\2021-07-19\half_life_adaptive_risk_parity\research_r037_r2_halflife_train_start_20210719_r037_r2_candidate_halflife_2021-07-19_20260625_000732_699090,0.15591113036122906,0.9878637406824815,-0.17225317968028908,0.3739911284643965,119,119,0
r2,baseline_r016,2021-09-22,research_r037_r2_r016_train_start_20210922_r037_r2_baseline_r016_2021-09-22_20260625_000740_455471,results\sensitivity_raw\r037_half_life\20260624_235524\r2\baseline_r016\2021-09-22\adaptive_risk_deviation_volatility_triggered\research_r037_r2_r016_train_start_20210922_r037_r2_baseline_r016_2021-09-22_20260625_000740_455471,0.1607561072698669,1.3001372145501706,-0.15336578148187718,0.39269884458026494,78,79,1
r2,candidate_halflife,2021-09-22,research_r037_r2_halflife_train_start_20210922_r037_r2_candidate_halflife_2021-09-22_20260625_000746_397274,results\sensitivity_raw\r037_half_life\20260624_235524\r2\candidate_halflife\2021-09-22\half_life_adaptive_risk_parity\research_r037_r2_halflife_train_start_20210922_r037_r2_candidate_halflife_2021-09-22_20260625_000746_397274,0.160071628935871,1.1411793230566354,-0.17680244044013382,0.36004844358568944,101,101,0
r2,baseline_r016,2021-11-18,research_r037_r2_r016_train_start_20211118_r037_r2_baseline_r016_2021-11-18_20260625_000753_931059,results\sensitivity_raw\r037_half_life\20260624_235524\r2\baseline_r016\2021-11-18\adaptive_risk_deviation_volatility_triggered\research_r037_r2_r016_train_start_20211118_r037_r2_baseline_r016_2021-11-18_20260625_000753_931059,0.16461149235141015,1.5078324120288529,-0.1297113782760293,0.38361868827369744,66,66,0
r2,candidate_halflife,2021-11-18,research_r037_r2_halflife_train_start_20211118_r037_r2_candidate_halflife_2021-11-18_20260625_000759_185637,results\sensitivity_raw\r037_half_life\20260624_235524\r2\candidate_halflife\2021-11-18\half_life_adaptive_risk_parity\research_r037_r2_halflife_train_start_20211118_r037_r2_candidate_halflife_2021-11-18_20260625_000759_185637,0.16269580943518447,1.3336279904206807,-0.1502008757324922,0.36662660405355163,94,94,0
r2,baseline_r016,2022-01-18,research_r037_r2_r016_train_start_20220118_r037_r2_baseline_r016_2022-01-18_20260625_000805_748424,results\sensitivity_raw\r037_half_life\20260624_235524\r2\baseline_r016\2022-01-18\adaptive_risk_deviation_volatility_triggered\research_r037_r2_r016_train_start_20220118_r037_r2_baseline_r016_2022-01-18_20260625_000805_748424,0.16766098414141317,1.3973838120219337,-0.14283648745728095,0.405597581095072,76,76,0
r2,candidate_halflife,2022-01-18,research_r037_r2_halflife_train_start_20220118_r037_r2_candidate_halflife_2022-01-18_20260625_000810_754141,results\sensitivity_raw\r037_half_life\20260624_235524\r2\candidate_halflife\2022-01-18\half_life_adaptive_risk_parity\research_r037_r2_halflife_train_start_20220118_r037_r2_candidate_halflife_2022-01-18_20260625_000810_754141,0.16555075431270616,1.383166307341506,-0.14515934660985186,0.36594677635460493,91,91,0
r2,baseline_r016,2022-03-18,research_r037_r2_r016_train_start_20220318_r037_r2_baseline_r016_2022-03-18_20260625_000817_102903,results\sensitivity_raw\r037_half_life\20260624_235524\r2\baseline_r016\2022-03-18\adaptive_risk_deviation_volatility_triggered\research_r037_r2_r016_train_start_20220318_r037_r2_baseline_r016_2022-03-18_20260625_000817_102903,0.17387415178392907,2.812148596207998,-0.04683432997869552,0.40246466371311246,69,69,0
r2,candidate_halflife,2022-03-18,research_r037_r2_halflife_train_start_20220318_r037_r2_candidate_halflife_2022-03-18_20260625_000821_880209,results\sensitivity_raw\r037_half_life\20260624_235524\r2\candidate_halflife\2022-03-18\half_life_adaptive_risk_parity\research_r037_r2_halflife_train_start_20220318_r037_r2_candidate_halflife_2022-03-18_20260625_000821_880209,0.17489310543675285,2.85626751559938,-0.046890727959188694,0.3625107759791068,86,86,0
r2,baseline_r016,2022-05-18,research_r037_r2_r016_train_start_20220518_r037_r2_baseline_r016_2022-05-18_20260625_000827_839351,results\sensitivity_raw\r037_half_life\20260624_235524\r2\baseline_r016\2022-05-18\adaptive_risk_deviation_volatility_triggered\research_r037_r2_r016_train_start_20220518_r037_r2_baseline_r016_2022-05-18_20260625_000827_839351,0.18576251721214532,2.9469257393002852,-0.04745149564151829,0.4426109908508263,73,73,0
r2,candidate_halflife,2022-05-18,research_r037_r2_halflife_train_start_20220518_r037_r2_candidate_halflife_2022-05-18_20260625_000831_824089,results\sensitivity_raw\r037_half_life\20260624_235524\r2\candidate_halflife\2022-05-18\half_life_adaptive_risk_parity\research_r037_r2_halflife_train_start_20220518_r037_r2_candidate_halflife_2022-05-18_20260625_000831_824089,0.18503431704070095,2.977041902974376,-0.0462381157818077,0.38028655924331456,88,88,0
r2,baseline_r016,2022-07-18,research_r037_r2_r016_train_start_20220718_r037_r2_baseline_r016_2022-07-18_20260625_000837_003869,results\sensitivity_raw\r037_half_life\20260624_235524\r2\baseline_r016\2022-07-18\adaptive_risk_deviation_volatility_triggered\research_r037_r2_r016_train_start_20220718_r037_r2_baseline_r016_2022-07-18_20260625_000837_003869,0.18332613117493124,2.849975968658103,-0.04686322355211381,0.4367820962086422,63,63,0
r2,candidate_halflife,2022-07-18,research_r037_r2_halflife_train_start_20220718_r037_r2_candidate_halflife_2022-07-18_20260625_000840_723413,results\sensitivity_raw\r037_half_life\20260624_235524\r2\candidate_halflife\2022-07-18\half_life_adaptive_risk_parity\research_r037_r2_halflife_train_start_20220718_r037_r2_candidate_halflife_2022-07-18_20260625_000840_723413,0.1848582796733811,2.917965333225562,-0.04588147107251184,0.404457577331749,84,84,0
r2,baseline_r016,2022-09-19,research_r037_r2_r016_train_start_20220919_r037_r2_baseline_r016_2022-09-19_20260625_000845_591655,results\sensitivity_raw\r037_half_life\20260624_235524\r2\baseline_r016\2022-09-19\adaptive_risk_deviation_volatility_triggered\research_r037_r2_r016_train_start_20220919_r037_r2_baseline_r016_2022-09-19_20260625_000845_591655,0.20348578075523305,3.1770571754772123,-0.0465106855668167,0.4974141336867808,75,75,0
r2,candidate_halflife,2022-09-19,research_r037_r2_halflife_train_start_20220919_r037_r2_candidate_halflife_2022-09-19_20260625_000849_212577,results\sensitivity_raw\r037_half_life\20260624_235524\r2\candidate_halflife\2022-09-19\half_life_adaptive_risk_parity\research_r037_r2_halflife_train_start_20220919_r037_r2_candidate_halflife_2022-09-19_20260625_000849_212577,0.20099637646981083,3.1960438281365,-0.04515442841366368,0.42608185073402927,83,83,0
r2,baseline_r016,2022-11-18,research_r037_r2_r016_train_start_20221118_r037_r2_baseline_r016_2022-11-18_20260625_000853_695992,results\sensitivity_raw\r037_half_life\20260624_235524\r2\baseline_r016\2022-11-18\adaptive_risk_deviation_volatility_triggered\research_r037_r2_r016_train_start_20221118_r037_r2_baseline_r016_2022-11-18_20260625_000853_695992,0.21021098817026274,3.333504508645812,-0.04684942013227533,0.48521408828471607,66,66,0
r2,candidate_halflife,2022-11-18,research_r037_r2_halflife_train_start_20221118_r037_r2_candidate_halflife_2022-11-18_20260625_000857_013818,results\sensitivity_raw\r037_half_life\20260624_235524\r2\candidate_halflife\2022-11-18\half_life_adaptive_risk_parity\research_r037_r2_halflife_train_start_20221118_r037_r2_candidate_halflife_2022-11-18_20260625_000857_013818,0.21544046628352764,3.4741671325820245,-0.045743306354608104,0.47687803407671225,96,96,0
r2,baseline_r016,2023-01-18,research_r037_r2_r016_train_start_20230118_r037_r2_baseline_r016_2023-01-18_20260625_000901_237880,results\sensitivity_raw\r037_half_life\20260624_235524\r2\baseline_r016\2023-01-18\adaptive_risk_deviation_volatility_triggered\research_r037_r2_r016_train_start_20230118_r037_r2_baseline_r016_2023-01-18_20260625_000901_237880,0.207543841493103,3.260875034061193,-0.047269593354820505,0.5072330957651372,62,62,0
r2,candidate_halflife,2023-01-18,research_r037_r2_halflife_train_start_20230118_r037_r2_candidate_halflife_2023-01-18_20260625_000904_298563,results\sensitivity_raw\r037_half_life\20260624_235524\r2\candidate_halflife\2023-01-18\half_life_adaptive_risk_parity\research_r037_r2_halflife_train_start_20230118_r037_r2_candidate_halflife_2023-01-18_20260625_000904_298563,0.2091639939079728,3.3352633004320063,-0.04513406564195743,0.4727206153116099,83,83,0
r2,baseline_r016,2023-03-20,research_r037_r2_r016_train_start_20230320_r037_r2_baseline_r016_2023-03-20_20260625_000908_284624,results\sensitivity_raw\r037_half_life\20260624_235524\r2\baseline_r016\2023-03-20\adaptive_risk_deviation_volatility_triggered\research_r037_r2_r016_train_start_20230320_r037_r2_baseline_r016_2023-03-20_20260625_000908_284624,0.1953125080719813,2.972785506761738,-0.04679203901421425,0.49815969919658837,50,50,0
r2,candidate_halflife,2023-03-20,research_r037_r2_halflife_train_start_20230320_r037_r2_candidate_halflife_2023-03-20_20260625_000911_142739,results\sensitivity_raw\r037_half_life\20260624_235524\r2\candidate_halflife\2023-03-20\half_life_adaptive_risk_parity\research_r037_r2_halflife_train_start_20230320_r037_r2_candidate_halflife_2023-03-20_20260625_000911_142739,0.19795861824794292,3.079992197723358,-0.045466211365709386,0.4370898248683134,61,61,0
r2,baseline_r016,2023-05-18,research_r037_r2_r016_train_start_20230518_r037_r2_baseline_r016_2023-05-18_20260625_000914_744826,results\sensitivity_raw\r037_half_life\20260624_235524\r2\baseline_r016\2023-05-18\adaptive_risk_deviation_volatility_triggered\research_r037_r2_r016_train_start_20230518_r037_r2_baseline_r016_2023-05-18_20260625_000914_744826,0.19878019275815006,2.993237592349116,-0.0469029657554626,0.5135478990013048,52,52,0
r2,candidate_halflife,2023-05-18,research_r037_r2_halflife_train_start_20230518_r037_r2_candidate_halflife_2023-05-18_20260625_000917_492246,results\sensitivity_raw\r037_half_life\20260624_235524\r2\candidate_halflife\2023-05-18\half_life_adaptive_risk_parity\research_r037_r2_halflife_train_start_20230518_r037_r2_candidate_halflife_2023-05-18_20260625_000917_492246,0.19941718430806965,3.0440315684123664,-0.046783911860469374,0.45948241716316807,60,60,0
r2,baseline_r016,2023-07-18,research_r037_r2_r016_train_start_20230718_r037_r2_baseline_r016_2023-07-18_20260625_000920_821184,results\sensitivity_raw\r037_half_life\20260624_235524\r2\baseline_r016\2023-07-18\adaptive_risk_deviation_volatility_triggered\research_r037_r2_r016_train_start_20230718_r037_r2_baseline_r016_2023-07-18_20260625_000920_821184,0.20442240454829808,2.9815961725554896,-0.04730603025534785,0.5512241855712597,46,46,0
r2,candidate_halflife,2023-07-18,research_r037_r2_halflife_train_start_20230718_r037_r2_candidate_halflife_2023-07-18_20260625_000923_238758,results\sensitivity_raw\r037_half_life\20260624_235524\r2\candidate_halflife\2023-07-18\half_life_adaptive_risk_parity\research_r037_r2_halflife_train_start_20230718_r037_r2_candidate_halflife_2023-07-18_20260625_000923_238758,0.20395592251051675,3.0509938689815552,-0.04667973786841062,0.4820778978149001,56,56,0
r2,baseline_r016,2023-09-18,research_r037_r2_r016_train_start_20230918_r037_r2_baseline_r016_2023-09-18_20260625_000926_274942,results\sensitivity_raw\r037_half_life\20260624_235524\r2\baseline_r016\2023-09-18\adaptive_risk_deviation_volatility_triggered\research_r037_r2_r016_train_start_20230918_r037_r2_baseline_r016_2023-09-18_20260625_000926_274942,0.23271851883959793,3.343231130827234,-0.047159148476881296,0.5615794753884397,40,40,0
r2,candidate_halflife,2023-09-18,research_r037_r2_halflife_train_start_20230918_r037_r2_candidate_halflife_2023-09-18_20260625_000928_473928,results\sensitivity_raw\r037_half_life\20260624_235524\r2\candidate_halflife\2023-09-18\half_life_adaptive_risk_parity\research_r037_r2_halflife_train_start_20230918_r037_r2_candidate_halflife_2023-09-18_20260625_000928_473928,0.23113983845386832,3.367260423694731,-0.04524772440625291,0.47631742012027795,46,46,0
r2,baseline_r016,2023-11-20,research_r037_r2_r016_train_start_20231120_r037_r2_baseline_r016_2023-11-20_20260625_000931_208652,results\sensitivity_raw\r037_half_life\20260624_235524\r2\baseline_r016\2023-11-20\adaptive_risk_deviation_volatility_triggered\research_r037_r2_r016_train_start_20231120_r037_r2_baseline_r016_2023-11-20_20260625_000931_208652,0.24110176170564013,3.316827275156186,-0.04618823536861938,0.7248720080489296,55,55,0
r2,candidate_halflife,2023-11-20,research_r037_r2_halflife_train_start_20231120_r037_r2_candidate_halflife_2023-11-20_20260625_000933_159612,results\sensitivity_raw\r037_half_life\20260624_235524\r2\candidate_halflife\2023-11-20\half_life_adaptive_risk_parity\research_r037_r2_halflife_train_start_20231120_r037_r2_candidate_halflife_2023-11-20_20260625_000933_159612,0.23522304086543588,3.315056328741994,-0.046813185470831686,0.6308684594315183,69,69,0
r2,baseline_r016,2024-01-18,research_r037_r2_r016_train_start_20240118_r037_r2_baseline_r016_2024-01-18_20260625_000935_671966,results\sensitivity_raw\r037_half_life\20260624_235524\r2\baseline_r016\2024-01-18\adaptive_risk_deviation_volatility_triggered\research_r037_r2_r016_train_start_20240118_r037_r2_baseline_r016_2024-01-18_20260625_000935_671966,0.20225951525409736,2.687729164156171,-0.04718528310313019,0.7149925716737141,42,42,0
r2,candidate_halflife,2024-01-18,research_r037_r2_halflife_train_start_20240118_r037_r2_candidate_halflife_2024-01-18_20260625_000937_416521,results\sensitivity_raw\r037_half_life\20260624_235524\r2\candidate_halflife\2024-01-18\half_life_adaptive_risk_parity\research_r037_r2_halflife_train_start_20240118_r037_r2_candidate_halflife_2024-01-18_20260625_000937_416521,0.2125660102342255,2.8970740761246114,-0.04580987028391714,0.700221581931883,60,60,0
r2,baseline_r016,2024-03-18,research_r037_r2_r016_train_start_20240318_r037_r2_baseline_r016_2024-03-18_20260625_000939_561362,results\sensitivity_raw\r037_half_life\20260624_235524\r2\baseline_r016\2024-03-18\adaptive_risk_deviation_volatility_triggered\research_r037_r2_r016_train_start_20240318_r037_r2_baseline_r016_2024-03-18_20260625_000939_561362,0.2043559391596168,2.729803519572058,-0.04563217943716835,0.7556537039785626,42,42,0
r2,candidate_halflife,2024-03-18,research_r037_r2_halflife_train_start_20240318_r037_r2_candidate_halflife_2024-03-18_20260625_000941_135225,results\sensitivity_raw\r037_half_life\20260624_235524\r2\candidate_halflife\2024-03-18\half_life_adaptive_risk_parity\research_r037_r2_halflife_train_start_20240318_r037_r2_candidate_halflife_2024-03-18_20260625_000941_135225,0.19657246174886445,2.6918535809173356,-0.04676561122748968,0.7074685327157096,55,55,0
r2,baseline_r016,2024-05-20,research_r037_r2_r016_train_start_20240520_r037_r2_baseline_r016_2024-05-20_20260625_000943_045979,results\sensitivity_raw\r037_half_life\20260624_235524\r2\baseline_r016\2024-05-20\adaptive_risk_deviation_volatility_triggered\research_r037_r2_r016_train_start_20240520_r037_r2_baseline_r016_2024-05-20_20260625_000943_045979,0.1836037538484958,2.402077492419802,-0.04604519731393242,0.9274705098058216,44,44,0
r2,candidate_halflife,2024-05-20,research_r037_r2_halflife_train_start_20240520_r037_r2_candidate_halflife_2024-05-20_20260625_000944_407351,results\sensitivity_raw\r037_half_life\20260624_235524\r2\candidate_halflife\2024-05-20\half_life_adaptive_risk_parity\research_r037_r2_halflife_train_start_20240520_r037_r2_candidate_halflife_2024-05-20_20260625_000944_407351,0.19013357892788574,2.552620958153985,-0.04679134825155029,0.8730299481036881,57,57,0
r2,baseline_r016,2024-07-18,research_r037_r2_r016_train_start_20240718_r037_r2_baseline_r016_2024-07-18_20260625_000946_047376,results\sensitivity_raw\r037_half_life\20260624_235524\r2\baseline_r016\2024-07-18\adaptive_risk_deviation_volatility_triggered\research_r037_r2_r016_train_start_20240718_r037_r2_baseline_r016_2024-07-18_20260625_000946_047376,0.21337771996248867,2.8702234849844177,-0.04593507193250179,0.8638820991703724,30,30,0
r2,candidate_halflife,2024-07-18,research_r037_r2_halflife_train_start_20240718_r037_r2_candidate_halflife_2024-07-18_20260625_000947_235978,results\sensitivity_raw\r037_half_life\20260624_235524\r2\candidate_halflife\2024-07-18\half_life_adaptive_risk_parity\research_r037_r2_halflife_train_start_20240718_r037_r2_candidate_halflife_2024-07-18_20260625_000947_235978,0.21821247738575034,2.9186240148144824,-0.045677968448332384,0.8855004746255174,39,39,0
r2,baseline_r016,2024-09-18,research_r037_r2_r016_train_start_20240918_r037_r2_baseline_r016_2024-09-18_20260625_000948_612915,results\sensitivity_raw\r037_half_life\20260624_235524\r2\baseline_r016\2024-09-18\adaptive_risk_deviation_volatility_triggered\research_r037_r2_r016_train_start_20240918_r037_r2_baseline_r016_2024-09-18_20260625_000948_612915,0.1800485753393155,2.4480274906003685,-0.04860276770876204,1.009237947030342,28,28,0
r2,candidate_halflife,2024-09-18,research_r037_r2_halflife_train_start_20240918_r037_r2_candidate_halflife_2024-09-18_20260625_000949_535330,results\sensitivity_raw\r037_half_life\20260624_235524\r2\candidate_halflife\2024-09-18\half_life_adaptive_risk_parity\research_r037_r2_halflife_train_start_20240918_r037_r2_candidate_halflife_2024-09-18_20260625_000949_535330,0.18046031778507676,2.530084583030113,-0.04799885078292421,0.9214019563787339,31,31,0
r2,baseline_r016,2024-11-18,research_r037_r2_r016_train_start_20241118_r037_r2_baseline_r016_2024-11-18_20260625_000950_600902,results\sensitivity_raw\r037_half_life\20260624_235524\r2\baseline_r016\2024-11-18\adaptive_risk_deviation_volatility_triggered\research_r037_r2_r016_train_start_20241118_r037_r2_baseline_r016_2024-11-18_20260625_000950_600902,0.12788459637009097,1.6961264751337781,-0.04215696007201308,1.0925014583167971,17,17,0
r2,candidate_halflife,2024-11-18,research_r037_r2_halflife_train_start_20241118_r037_r2_candidate_halflife_2024-11-18_20260625_000951_290331,results\sensitivity_raw\r037_half_life\20260624_235524\r2\candidate_halflife\2024-11-18\half_life_adaptive_risk_parity\research_r037_r2_halflife_train_start_20241118_r037_r2_candidate_halflife_2024-11-18_20260625_000951_290331,0.11436370525717288,1.5177994228709444,-0.043321392643226875,1.0719575246522732,20,20,0
r2,baseline_r016,2025-01-20,research_r037_r2_r016_train_start_20250120_r037_r2_baseline_r016_2025-01-20_20260625_000952_038654,results\sensitivity_raw\r037_half_life\20260624_235524\r2\baseline_r016\2025-01-20\adaptive_risk_deviation_volatility_triggered\research_r037_r2_r016_train_start_20250120_r037_r2_baseline_r016_2025-01-20_20260625_000952_038654,0.19140354976964424,2.3216543990981107,-0.033264155414978736,1.5596740898675057,20,20,0
r2,candidate_halflife,2025-01-20,research_r037_r2_halflife_train_start_20250120_r037_r2_candidate_halflife_2025-01-20_20260625_000952_535529,results\sensitivity_raw\r037_half_life\20260624_235524\r2\candidate_halflife\2025-01-20\half_life_adaptive_risk_parity\research_r037_r2_halflife_train_start_20250120_r037_r2_candidate_halflife_2025-01-20_20260625_000952_535529,0.2010519400702968,2.5054162263605186,-0.033264155414978736,1.5270703040341993,21,21,0
r2,baseline_r016,2025-03-18,research_r037_r2_r016_train_start_20250318_r037_r2_baseline_r016_2025-03-18_20260625_000953_028260,results\sensitivity_raw\r037_half_life\20260624_235524\r2\baseline_r016\2025-03-18\adaptive_risk_deviation_volatility_triggered\research_r037_r2_r016_train_start_20250318_r037_r2_baseline_r016_2025-03-18_20260625_000953_028260,0.07143993648466318,2.530015791773414,-0.009082797488366268,1.7847781765426722,4,4,0
r2,candidate_halflife,2025-03-18,research_r037_r2_halflife_train_start_20250318_r037_r2_candidate_halflife_2025-03-18_20260625_000953_330402,results\sensitivity_raw\r037_half_life\20260624_235524\r2\candidate_halflife\2025-03-18\half_life_adaptive_risk_parity\research_r037_r2_halflife_train_start_20250318_r037_r2_candidate_halflife_2025-03-18_20260625_000953_330402,0.07143993648466318,2.530015791773414,-0.009082797488366268,1.7847781765426722,4,4,0
r2,baseline_r016,2025-05-19,research_r037_r2_r016_train_start_20250519_r037_r2_baseline_r016_2025-05-19_20260625_000953_634299,results\sensitivity_raw\r037_half_life\20260624_235524\r2\baseline_r016\2025-05-19\adaptive_risk_deviation_volatility_triggered\research_r037_r2_r016_train_start_20250519_r037_r2_baseline_r016_2025-05-19_20260625_000953_634299,0.0,0.0,0.0,0.0,0,0,0
r2,candidate_halflife,2025-05-19,research_r037_r2_halflife_train_start_20250519_r037_r2_candidate_halflife_2025-05-19_20260625_000953_728875,results\sensitivity_raw\r037_half_life\20260624_235524\r2\candidate_halflife\2025-05-19\half_life_adaptive_risk_parity\research_r037_r2_halflife_train_start_20250519_r037_r2_candidate_halflife_2025-05-19_20260625_000953_728875,0.0,0.0,0.0,0.0,0,0,0
