date,bond_ytm_30y,bond_ytm_10y
2013-01-04,4.2035,3.6062
2013-01-05,4.2026,3.6003
2013-01-06,4.2021,3.595
2013-01-07,4.2023,3.5965
2013-01-08,4.2023,3.5943
2013-01-09,4.2023,3.575
2013-01-10,4.2045,3.595
2013-01-11,4.2049,3.5999
2013-01-14,4.2053,3.6023
2013-01-15,4.2051,3.6008
2013-01-16,4.2054,3.6047
2013-01-17,4.2044,3.5986
2013-01-18,4.2026,3.5834
2013-01-21,4.2013,3.5743
2013-01-22,4.2009,3.5705
2013-01-23,4.2009,3.5682
2013-01-24,4.2059,3.5816
2013-01-25,4.2061,3.5837
2013-01-28,4.2109,3.6042
2013-01-29,4.214,3.6116
2013-01-30,4.209,3.6053
2013-01-31,4.209,3.6054
2013-02-01,4.2065,3.6004
2013-02-04,4.2067,3.6016
2013-02-05,4.2017,3.591
2013-02-06,4.2021,3.5922
2013-02-07,4.2026,3.5928
2013-02-08,4.1994,3.5859
2013-02-16,4.2023,3.5922
2013-02-17,4.1989,3.5847
2013-02-18,4.2024,3.5929
2013-02-19,4.2054,3.5931
2013-02-20,4.1979,3.5632
2013-02-21,4.1925,3.5623
2013-02-22,4.1944,3.5708
2013-02-25,4.1973,3.5821
2013-02-26,4.1998,3.5948
2013-02-27,4.1988,3.5904
2013-02-28,4.2001,3.5957
2013-03-01,4.1982,3.5878
2013-03-04,4.1959,3.5785
2013-03-05,4.1953,3.576
2013-03-06,4.1963,3.5802
2013-03-07,4.1966,3.5813
2013-03-08,4.1968,3.5816
2013-03-11,4.1993,3.583
2013-03-12,4.201,3.5897
2013-03-13,4.2035,3.5898
2013-03-14,4.204,3.5919
2013-03-15,4.204,3.5919
2013-03-18,4.2053,3.5971
2013-03-19,4.2053,3.5922
2013-03-20,4.2003,3.5722
2013-03-21,4.2022,3.5819
2013-03-22,4.202,3.5816
2013-03-25,4.2009,3.577
2013-03-26,4.1997,3.5717
2013-03-27,4.1972,3.5611
2013-03-28,4.1934,3.5505
2013-03-29,4.1907,3.5392
2013-04-01,4.1885,3.5303
2013-04-02,4.1835,3.5106
2013-04-03,4.181,3.5005
2013-04-07,4.1786,3.4907
2013-04-08,4.1785,3.4905
2013-04-09,4.1735,3.4705
2013-04-10,4.1709,3.4624
2013-04-11,4.1732,3.4705
2013-04-12,4.1719,3.4655
2013-04-15,4.1719,3.4405
2013-04-16,4.1619,3.4005
2013-04-17,4.1645,3.4131
2013-04-18,4.172,3.4431
2013-04-19,4.172,3.4503
2013-04-22,4.1746,3.4867
2013-04-23,4.1724,3.4629
2013-04-24,4.1705,3.4498
2013-04-25,4.1672,3.4314
2013-04-26,4.1722,3.4313
2013-04-27,4.1722,3.4311
2013-04-28,4.1722,3.4314
2013-05-02,4.1698,3.4119
2013-05-03,4.1654,3.4212
2013-05-06,4.1673,3.4354
2013-05-07,4.167,3.4261
2013-05-08,4.1689,3.4345
2013-05-09,4.1685,3.4317
2013-05-10,4.1673,3.4212
2013-05-13,4.1676,3.4238
2013-05-14,4.1677,3.4248
2013-05-15,4.1677,3.4218
2013-05-16,4.1677,3.4219
2013-05-17,4.1477,3.4213
2013-05-20,4.1377,3.4253
2013-05-21,4.1277,3.4253
2013-05-22,4.1177,3.4153
2013-05-23,4.1177,3.413
2013-05-24,4.1177,3.4181
2013-05-27,4.1173,3.4166
2013-05-28,4.1173,3.4206
2013-05-29,4.1186,3.434
2013-05-30,4.1186,3.434
2013-05-31,4.1193,3.4399
2013-06-03,4.1203,3.4478
2013-06-04,4.1214,3.4603
2013-06-05,4.1216,3.4615
2013-06-06,4.1221,3.4651
2013-06-07,4.1237,3.4822
2013-06-08,4.1237,3.4822
2013-06-09,4.1209,3.4491
2013-06-13,4.1221,3.4591
2013-06-14,4.1225,3.4689
2013-06-17,4.1237,3.4785
2013-06-18,4.1239,3.4818
2013-06-19,4.1327,3.5516
2013-06-20,4.1514,3.7016
2013-06-21,4.1389,3.6014
2013-06-24,4.1388,3.5999
2013-06-25,4.1388,3.5999
2013-06-26,4.1325,3.55
2013-06-27,4.1291,3.5231
2013-06-28,4.1281,3.5125
2013-07-01,4.1296,3.5245
2013-07-02,4.1296,3.5243
2013-07-03,4.1302,3.5302
2013-07-04,4.1277,3.5102
2013-07-05,4.128,3.5127
2013-07-08,4.1286,3.5177
2013-07-09,4.1286,3.5202
2013-07-10,4.1361,3.5802
2013-07-11,4.1374,3.5902
2013-07-12,4.1386,3.6001
2013-07-15,4.1402,3.6102
2013-07-16,4.1413,3.619
2013-07-17,4.1475,3.669
2013-07-18,4.1513,3.6903
2013-07-19,4.1538,3.7051
2013-07-22,4.1581,3.7401
2013-07-23,4.1606,3.7602
2013-07-24,4.1649,3.7952
2013-07-25,4.1543,3.7102
2013-07-26,4.1549,3.7152
2013-07-29,4.1624,3.7228
2013-07-30,4.1623,3.7227
2013-07-31,4.1624,3.7214
2013-08-01,4.1605,3.7053
2013-08-02,4.1599,3.7034
2013-08-05,4.1607,3.7104
2013-08-06,4.1613,3.7153
2013-08-07,4.1676,3.7703
2013-08-08,4.177,3.8455
2013-08-09,4.202,3.8407
2013-08-12,4.227,3.8513
2013-08-13,4.252,3.9252
2013-08-14,4.277,3.9516
2013-08-15,4.2856,3.9602
2013-08-16,4.3056,3.9401
2013-08-19,4.329,4.0103
2013-08-20,4.354,4.0881
2013-08-21,4.3484,4.0382
2013-08-22,4.3509,4.0302
2013-08-23,4.3458,3.9916
2013-08-26,4.3421,3.9555
2013-08-27,4.3446,3.9654
2013-08-28,4.3485,4.0222
2013-08-29,4.3501,4.03
2013-08-30,4.351,4.0354
2013-09-02,4.3544,4.0356
2013-09-03,4.3556,4.0404
2013-09-04,4.3594,4.055
2013-09-05,4.3594,4.055
2013-09-06,4.357,4.0455
2013-09-09,4.3628,4.055
2013-09-10,4.3728,4.065
2013-09-11,4.3911,4.1341
2013-09-12,4.4011,4.1291
2013-09-13,4.4611,4.1406
2013-09-16,4.5211,4.1201
2013-09-17,4.5811,4.0721
2013-09-18,4.6311,4.0502
2013-09-22,4.6311,3.9851
2013-09-23,4.6711,4.0095
2013-09-24,4.7011,4.0201
2013-09-25,4.7001,4.0202
2013-09-26,4.6901,3.9901
2013-09-27,4.7002,4.0002
2013-09-29,4.7002,4.0002
2013-09-30,4.7002,3.9954
2013-10-08,4.6949,3.9903
2013-10-09,4.7149,4.0316
2013-10-10,4.6999,4.0166
2013-10-11,4.6999,4.0265
2013-10-12,4.6999,4.0263
2013-10-14,4.7199,4.0663
2013-10-15,4.7343,4.0791
2013-10-16,4.7343,4.0966
2013-10-17,4.7343,4.0966
2013-10-18,4.7343,4.1055
2013-10-21,4.7393,4.1105
2013-10-22,4.7593,4.1305
2013-10-23,4.7612,4.1491
2013-10-24,4.7695,4.194
2013-10-25,4.7795,4.214
2013-10-28,4.7695,4.204
2013-10-29,4.7867,4.2173
2013-10-30,4.7867,4.2173
2013-10-31,4.7507,4.1806
2013-11-01,4.7257,4.1556
2013-11-04,4.7407,4.1731
2013-11-05,4.7657,4.2106
2013-11-06,4.7657,4.2206
2013-11-07,4.8007,4.2945
2013-11-08,4.8007,4.3186
2013-11-11,4.8507,4.4034
2013-11-12,4.8407,4.4146
2013-11-13,4.8807,4.4628
2013-11-14,4.9157,4.5006
2013-11-15,5.0157,4.6006
2013-11-18,5.0957,4.6619
2013-11-19,5.1457,4.6722
2013-11-20,5.1457,4.7222
2013-11-21,5.1244,4.7009
2013-11-22,5.1244,4.6509
2013-11-25,5.1244,4.6159
2013-11-26,5.1144,4.6059
2013-11-27,5.0644,4.5511
2013-11-28,4.9844,4.4313
2013-11-29,4.9144,4.3612
2013-12-02,4.9944,4.4812
2013-12-03,4.9544,4.4412
2013-12-04,4.9444,4.4262
2013-12-05,5.0144,4.4962
2013-12-06,5.0533,4.5162
2013-12-09,5.0783,4.5413
2013-12-10,5.1382,4.6012
2013-12-11,5.1582,4.6213
2013-12-12,5.1282,4.5913
2013-12-13,5.0782,4.5411
2013-12-16,5.0909,4.5539
2013-12-17,5.1009,4.5639
2013-12-18,5.1184,4.5814
2013-12-19,5.1384,4.6016
2013-12-20,5.1384,4.6016
2013-12-23,5.1384,4.6017
2013-12-24,5.1184,4.5566
2013-12-25,5.1284,4.5666
2013-12-26,5.1196,4.5579
2013-12-27,5.1055,4.5437
2013-12-30,5.1055,4.5437
2013-12-31,5.1135,4.5518
2014-01-02,5.1435,4.6018
2014-01-03,5.1835,4.6415
2014-01-06,5.1988,4.6569
2014-01-07,5.1837,4.642
2014-01-08,5.1336,4.5919
2014-01-09,5.1385,4.5969
2014-01-10,5.1432,4.6016
2014-01-13,5.1432,4.597
2014-01-14,5.1482,4.602
2014-01-15,5.1182,4.5523
2014-01-16,5.1282,4.5871
2014-01-17,5.1379,4.5969
2014-01-20,5.1379,4.5923
2014-01-21,5.0878,4.5423
2014-01-22,5.0478,4.5023
2014-01-23,5.0378,4.4825
2014-01-24,5.0675,4.5123
2014-01-26,5.0475,4.4777
2014-01-27,5.0475,4.4802
2014-01-28,5.07,4.5027
2014-01-29,5.0775,4.5102
2014-01-30,5.0692,4.5019
2014-02-07,5.0448,4.4781
2014-02-08,5.0347,4.468
2014-02-10,5.0473,4.4831
2014-02-11,5.0423,4.4881
2014-02-12,5.0423,4.4783
2014-02-13,5.0423,4.4783
2014-02-14,5.0421,4.4781
2014-02-17,5.0772,4.5135
2014-02-18,5.1022,4.5385
2014-02-19,5.1172,4.5535
2014-02-20,5.0972,4.5336
2014-02-21,5.0975,4.5234
2014-02-24,5.0577,4.4836
2014-02-25,5.0077,4.4336
2014-02-26,5.0177,4.4496
2014-02-27,4.9647,4.3896
2014-02-28,5.0027,4.4276
2014-03-03,5.0327,4.4576
2014-03-04,5.0777,4.5026
2014-03-05,5.0927,4.5176
2014-03-06,5.0896,4.5145
2014-03-07,5.0896,4.5142
2014-03-10,5.0797,4.5043
2014-03-11,5.0894,4.5125
2014-03-12,5.0694,4.5024
2014-03-13,5.0695,4.5024
2014-03-14,5.0595,4.4924
2014-03-17,5.0595,4.482
2014-03-18,5.0845,4.5095
2014-03-19,5.0845,4.5095
2014-03-20,5.0845,4.5195
2014-03-21,5.0693,4.5044
2014-03-24,5.0693,4.5148
2014-03-25,5.0743,4.5192
2014-03-26,5.0723,4.4992
2014-03-27,5.0723,4.5109
2014-03-28,5.0718,4.5104
2014-03-31,5.0618,4.5004
2014-04-01,5.0568,4.4954
2014-04-02,5.0518,4.4904
2014-04-03,5.0418,4.4904
2014-04-04,5.0418,4.4904
2014-04-08,5.0158,4.4499
2014-04-09,5.043,4.4771
2014-04-10,5.023,4.4571
2014-04-11,5.018,4.4521
2014-04-14,4.9907,4.4248
2014-04-15,4.966,4.4001
2014-04-16,4.9259,4.3601
2014-04-17,4.8407,4.2749
2014-04-18,4.8656,4.2997
2014-04-21,4.8656,4.2997
2014-04-22,4.8656,4.2997
2014-04-23,4.8956,4.3297
2014-04-24,4.9053,4.3394
2014-04-25,4.8953,4.3294
2014-04-28,4.8953,4.3301
2014-04-29,4.8854,4.3202
2014-04-30,4.8654,4.3002
2014-05-04,4.8554,4.2902
2014-05-05,4.8534,4.3002
2014-05-06,4.8435,4.2803
2014-05-07,4.8435,4.2803
2014-05-08,4.7935,4.2303
2014-05-09,4.6837,4.1205
2014-05-12,4.6837,4.1205
2014-05-13,4.7037,4.1505
2014-05-14,4.7245,4.1704
2014-05-15,4.7444,4.1915
2014-05-16,4.7446,4.1919
2014-05-19,4.7246,4.1708
2014-05-20,4.7296,4.177
2014-05-21,4.7296,4.177
2014-05-22,4.7296,4.177
2014-05-23,4.6296,4.1574
2014-05-26,4.6135,4.1674
2014-05-27,4.6035,4.1574
2014-05-28,4.6035,4.1457
2014-05-29,4.6172,4.1159
2014-05-30,4.5728,4.0714
2014-06-03,4.5228,4.0214
2014-06-04,4.5228,4.0114
2014-06-05,4.5432,4.0314
2014-06-06,4.5732,4.0614
2014-06-09,4.5832,4.0714
2014-06-10,4.5735,4.0614
2014-06-11,4.5735,4.0614
2014-06-12,4.5735,4.064
2014-06-13,4.5935,4.084
2014-06-16,4.5735,4.064
2014-06-17,4.5735,4.054
2014-06-18,4.5735,4.054
2014-06-19,4.5603,4.0408
2014-06-20,4.5653,4.0515
2014-06-23,4.5653,4.0515
2014-06-24,4.5653,4.0515
2014-06-25,4.5753,4.0557
2014-06-26,4.567,4.0472
2014-06-27,4.5684,4.0485
2014-06-30,4.5811,4.0612
2014-07-01,4.6011,4.0812
2014-07-02,4.6411,4.1212
2014-07-03,4.6702,4.1503
2014-07-04,4.6946,4.1747
2014-07-07,4.6411,4.1212
2014-07-08,4.6361,4.1162
2014-07-09,4.6461,4.1276
2014-07-10,4.6483,4.1298
2014-07-11,4.6383,4.1198
2014-07-14,4.6383,4.1298
2014-07-15,4.6656,4.1571
2014-07-16,4.7256,4.2171
2014-07-17,4.7758,4.267
2014-07-18,4.8108,4.3019
2014-07-21,4.8107,4.3017
2014-07-22,4.7807,4.2717
2014-07-23,4.7807,4.2967
2014-07-24,4.7807,4.2967
2014-07-25,4.7562,4.2711
2014-07-28,4.7564,4.2713
2014-07-29,4.7656,4.2805
2014-07-30,4.7656,4.2905
2014-07-31,4.7656,4.2655
2014-08-01,4.7656,4.2569
2014-08-04,4.7617,4.253
2014-08-05,4.7687,4.2576
2014-08-06,4.7707,4.2463
2014-08-07,4.7806,4.2563
2014-08-08,4.7952,4.2712
2014-08-11,4.7852,4.2815
2014-08-12,4.7852,4.2815
2014-08-13,4.7705,4.255
2014-08-14,4.7609,4.21
2014-08-15,4.7512,4.2002
2014-08-18,4.7611,4.2153
2014-08-19,4.7611,4.2422
2014-08-20,4.7611,4.2523
2014-08-21,4.7609,4.2512
2014-08-22,4.7657,4.256
2014-08-25,4.761,4.2524
2014-08-26,4.761,4.2462
2014-08-27,4.7511,4.231
2014-08-28,4.7511,4.2254
2014-08-29,4.761,4.2361
2014-09-01,4.7652,4.2405
2014-09-02,4.7732,4.249
2014-09-03,4.7882,4.264
2014-09-04,4.8056,4.2814
2014-09-05,4.8056,4.2928
2014-09-09,4.7996,4.2868
2014-09-10,4.7996,4.2934
2014-09-11,4.7996,4.2937
2014-09-12,4.7824,4.2793
2014-09-15,4.7616,4.2597
2014-09-16,4.7667,4.2634
2014-09-17,4.7166,4.2008
2014-09-18,4.6866,4.1438
2014-09-19,4.6166,4.031
2014-09-22,4.5866,4.011
2014-09-23,4.5866,3.9911
2014-09-24,4.6366,4.0425
2014-09-25,4.6033,4.0025
2014-09-26,4.6133,4.0092
2014-09-28,4.6233,4.0227
2014-09-29,4.6133,3.9925
2014-09-30,4.6133,3.9824
2014-10-08,4.6234,3.993
2014-10-09,4.6335,4.0014
2014-10-10,4.6452,4.0131
2014-10-11,4.6452,3.9965
2014-10-13,4.6452,3.9953
2014-10-14,4.5514,3.9015
2014-10-15,4.4714,3.8215
2014-10-16,4.4614,3.8116
2014-10-17,4.461,3.811
2014-10-20,4.394,3.7441
2014-10-21,4.3822,3.7323
2014-10-22,4.4427,3.7929
2014-10-23,4.4427,3.8108
2014-10-24,4.3033,3.8013
2014-10-27,4.2782,3.7756
2014-10-28,4.2449,3.7424
2014-10-29,4.2199,3.7176
2014-10-30,4.2676,3.7688
2014-10-31,4.2552,3.7559
2014-11-03,4.1997,3.7007
2014-11-04,4.1402,3.6412
2014-11-05,4.1107,3.6117
2014-11-06,4.1213,3.6223
2014-11-07,4.0621,3.5631
2014-11-10,4.0122,3.5132
2014-11-11,3.9971,3.4981
2014-11-12,4.0551,3.556
2014-11-13,4.0913,3.5924
2014-11-14,4.1452,3.6466
2014-11-17,4.1595,3.6609
2014-11-18,4.1057,3.607
2014-11-19,4.114,3.6154
2014-11-20,4.1501,3.6521
2014-11-21,4.1494,3.6514
2014-11-24,3.9747,3.4767
2014-11-25,4.0196,3.5216
2014-11-26,4.0208,3.5228
2014-11-27,4.0222,3.5243
2014-11-28,4.0228,3.5249
2014-12-01,4.0123,3.5145
2014-12-02,4.0525,3.5553
2014-12-03,4.121,3.6238
2014-12-04,4.1605,3.6633
2014-12-05,4.2731,3.7759
2014-12-08,4.289,3.7918
2014-12-09,4.251,3.7532
2014-12-10,4.2089,3.7111
2014-12-11,4.226,3.7282
2014-12-12,4.2491,3.7513
2014-12-15,4.279,3.7815
2014-12-16,4.2497,3.7522
2014-12-17,4.2355,3.7377
2014-12-18,4.2591,3.7614
2014-12-19,4.2091,3.7106
2014-12-22,4.2015,3.703
2014-12-23,4.1589,3.6604
2014-12-24,4.096,3.5975
2014-12-25,4.129,3.6305
2014-12-26,4.1324,3.6339
2014-12-29,4.1198,3.6213
2014-12-30,4.1198,3.6213
2014-12-31,4.1204,3.6219
2015-01-04,4.127,3.6285
2015-01-05,4.1236,3.6251
2015-01-06,4.1338,3.6353
2015-01-07,4.1393,3.6408
2015-01-08,4.14,3.6415
2015-01-09,4.1333,3.6348
2015-01-12,4.1456,3.6371
2015-01-13,4.0921,3.5836
2015-01-14,4.0497,3.5411
2015-01-15,4.0697,3.5464
2015-01-16,4.025,3.5017
2015-01-19,3.9983,3.475
2015-01-20,3.9944,3.4711
2015-01-21,3.9905,3.4672
2015-01-22,3.9753,3.4521
2015-01-23,3.9752,3.452
2015-01-26,3.9573,3.4341
2015-01-27,3.9541,3.4309
2015-01-28,3.9674,3.4767
2015-01-29,3.9874,3.4966
2015-01-30,3.9926,3.5019
2015-02-02,3.9636,3.4729
2015-02-03,3.9439,3.4533
2015-02-04,3.9495,3.4589
2015-02-05,3.8924,3.4018
2015-02-06,3.9225,3.4325
2015-02-09,3.9136,3.4236
2015-02-10,3.9199,3.4299
2015-02-11,3.8855,3.3955
2015-02-12,3.8855,3.3865
2015-02-13,3.9055,3.3552
2015-02-15,3.9128,3.3625
2015-02-16,3.8877,3.3374
2015-02-17,3.8877,3.3373
2015-02-25,3.8993,3.349
2015-02-26,3.9052,3.3594
2015-02-27,3.9203,3.3745
2015-02-28,3.906,3.3602
2015-03-02,3.9341,3.3883
2015-03-03,3.948,3.4022
2015-03-04,3.9327,3.3869
2015-03-05,3.9827,3.4369
2015-03-06,4.0211,3.4753
2015-03-09,4.038,3.4922
2015-03-10,4.0686,3.5228
2015-03-11,3.9924,3.4466
2015-03-12,3.987,3.4412
2015-03-13,4.0337,3.4879
2015-03-16,4.0759,3.5301
2015-03-17,4.0886,3.5428
2015-03-18,4.0977,3.5519
2015-03-19,4.1277,3.5348
2015-03-20,4.1059,3.4958
2015-03-23,4.1034,3.4933
2015-03-24,4.114,3.4841
2015-03-25,4.1336,3.5037
2015-03-26,4.1739,3.544
2015-03-27,4.211,3.5678
2015-03-30,4.2281,3.5849
2015-03-31,4.2281,3.6483
2015-04-01,4.1795,3.5997
2015-04-02,4.1245,3.5438
2015-04-03,4.1527,3.572
2015-04-07,4.1794,3.5987
2015-04-08,4.2744,3.6938
2015-04-09,4.2938,3.704
2015-04-10,4.2938,3.6947
2015-04-13,4.2938,3.6685
2015-04-14,4.2574,3.6211
2015-04-15,4.2317,3.5954
2015-04-16,4.1963,3.56
2015-04-17,4.199,3.5627
2015-04-20,4.0915,3.4554
2015-04-21,4.0979,3.4055
2015-04-22,4.0976,3.4052
2015-04-23,4.0976,3.4151
2015-04-24,4.1845,3.4454
2015-04-27,4.1845,3.3952
2015-04-28,4.1697,3.3804
2015-04-29,4.1715,3.4
2015-04-30,4.1218,3.3503
2015-05-04,4.1519,3.3804
2015-05-05,4.1719,3.4006
2015-05-06,4.2196,3.456
2015-05-07,4.2098,3.4401
2015-05-08,4.14,3.3703
2015-05-11,4.1449,3.3752
2015-05-12,4.1601,3.4002
2015-05-13,4.1601,3.4002
2015-05-14,4.1406,3.3803
2015-05-15,4.1354,3.3907
2015-05-18,4.1366,3.4109
2015-05-19,4.1342,3.4311
2015-05-20,4.1372,3.4282
2015-05-21,4.1251,3.4257
2015-05-22,4.0751,3.416
2015-05-25,4.0251,3.431
2015-05-26,4.0023,3.5214
2015-05-27,4.039,3.5055
2015-05-28,4.006,3.5652
2015-05-29,4.019,3.5954
2015-06-01,4.0321,3.6404
2015-06-02,4.0321,3.588
2015-06-03,4.0221,3.6111
2015-06-04,4.0021,3.5912
2015-06-05,3.9922,3.5814
2015-06-08,4.006,3.5613
2015-06-09,4.0145,3.5565
2015-06-10,4.0495,3.5912
2015-06-11,4.0779,3.6197
2015-06-12,4.0778,3.6226
2015-06-15,4.1234,3.6681
2015-06-16,4.0652,3.6099
2015-06-17,4.0526,3.6052
2015-06-18,4.0201,3.573
2015-06-19,4.0296,3.5825
2015-06-23,4.0525,3.6054
2015-06-24,4.055,3.6079
2015-06-25,4.0488,3.6028
2015-06-26,4.054,3.608
2015-06-29,4.0491,3.603
2015-06-30,4.0477,3.5976
2015-07-01,4.0628,3.6127
2015-07-02,4.0636,3.6223
2015-07-03,4.0752,3.5719
2015-07-06,3.9952,3.4917
2015-07-07,3.9396,3.4361
2015-07-08,3.9344,3.4307
2015-07-09,3.9394,3.4358
2015-07-10,3.9919,3.4885
2015-07-13,3.9708,3.5014
2015-07-14,3.9769,3.5341
2015-07-15,3.9769,3.5495
2015-07-16,3.9566,3.5208
2015-07-17,3.9364,3.5123
2015-07-20,3.9479,3.5009
2015-07-21,3.9684,3.5214
2015-07-22,3.9615,3.5145
2015-07-23,3.9593,3.4751
2015-07-24,3.9231,3.4602
2015-07-27,3.9231,3.4602
2015-07-28,3.9031,3.4401
2015-07-29,3.8931,3.4302
2015-07-30,3.9031,3.4402
2015-07-31,3.9381,3.4752
2015-08-03,3.9329,3.47
2015-08-04,3.9453,3.47
2015-08-05,3.9491,3.4701
2015-08-06,3.9391,3.46
2015-08-07,3.9342,3.4553
2015-08-10,3.9544,3.4755
2015-08-11,3.9625,3.5256
2015-08-12,3.9771,3.5402
2015-08-13,3.9522,3.5153
2015-08-14,3.9421,3.5052
2015-08-17,3.9546,3.5176
2015-08-18,3.9498,3.5126
2015-08-19,3.9573,3.5201
2015-08-20,3.9751,3.5051
2015-08-21,3.9651,3.4951
2015-08-24,3.9402,3.4701
2015-08-25,3.9278,3.4577
2015-08-26,3.9112,3.429
2015-08-27,3.8724,3.3902
2015-08-28,3.8625,3.3803
2015-08-31,3.8074,3.3252
2015-09-01,3.8014,3.3002
2015-09-02,3.8014,3.3002
2015-09-06,3.8214,3.3203
2015-09-07,3.8517,3.3353
2015-09-08,3.831,3.3603
2015-09-09,3.8185,3.3478
2015-09-10,3.816,3.3453
2015-09-11,3.8111,3.3404
2015-09-14,3.801,3.3303
2015-09-15,3.782,3.3104
2015-09-16,3.812,3.3103
2015-09-17,3.797,3.3204
2015-09-18,3.7828,3.3105
2015-09-21,3.8178,3.3204
2015-09-22,3.8488,3.3255
2015-09-23,3.8612,3.3354
2015-09-24,3.8715,3.318
2015-09-25,3.8769,3.3101
2015-09-28,3.8574,3.2906
2015-09-29,3.8804,3.2457
2015-09-30,3.8709,3.2362
2015-10-08,3.8756,3.2409
2015-10-09,3.8256,3.1486
2015-10-10,3.8381,3.1612
2015-10-12,3.8581,3.1488
2015-10-13,3.872,3.1064
2015-10-14,3.8125,3.0414
2015-10-15,3.8155,3.0814
2015-10-16,3.8557,3.1216
2015-10-19,3.8057,3.1214
2015-10-20,3.7612,3.0615
2015-10-21,3.7613,3.0616
2015-10-22,3.7613,3.0516
2015-10-23,3.7817,3.04
2015-10-26,3.7618,3.02
2015-10-27,3.7218,2.98
2015-10-28,3.7288,2.987
2015-10-29,3.7487,3.05
2015-10-30,3.7587,3.06
2015-11-02,3.7512,3.0525
2015-11-03,3.7792,3.08
2015-11-04,3.8343,3.1351
2015-11-05,3.8143,3.115
2015-11-06,3.7909,3.125
2015-11-09,3.8758,3.2099
2015-11-10,3.8659,3.2001
2015-11-11,3.8159,3.1226
2015-11-12,3.8284,3.1351
2015-11-13,3.8184,3.1251
2015-11-16,3.8284,3.1352
2015-11-17,3.8183,3.1252
2015-11-18,3.8333,3.1402
2015-11-19,3.8333,3.1402
2015-11-20,3.8415,3.1251
2015-11-23,3.8466,3.1302
2015-11-24,3.8241,3.1077
2015-11-25,3.8017,3.0853
2015-11-26,3.8273,3.0503
2015-11-27,3.8373,3.0603
2015-11-30,3.8173,3.0404
2015-12-01,3.8273,3.0504
2015-12-02,3.8223,3.0454
2015-12-03,3.8073,3.0304
2015-12-04,3.8038,3.0254
2015-12-07,3.8064,3.028
2015-12-08,3.7789,3.0005
2015-12-09,3.7752,2.9968
2015-12-10,3.7802,3.0018
2015-12-11,3.7715,2.9931
2015-12-14,3.809,3.0306
2015-12-15,3.7941,3.0157
2015-12-16,3.7791,3.0007
2015-12-17,3.7643,2.9857
2015-12-18,3.735,2.9408
2015-12-21,3.7052,2.8811
2015-12-22,3.6852,2.861
2015-12-23,3.6702,2.846
2015-12-24,3.6252,2.801
2015-12-25,3.6303,2.8061
2015-12-28,3.6203,2.7961
2015-12-29,3.6303,2.8061
2015-12-30,3.6172,2.8261
2015-12-31,3.6123,2.8212
2016-01-04,3.6246,2.871
2016-01-05,3.6446,2.8911
2016-01-06,3.6155,2.8861
2016-01-07,3.5718,2.8511
2016-01-08,3.5537,2.8362
2016-01-11,3.5362,2.8187
2016-01-12,3.4859,2.7887
2016-01-13,3.4234,2.7237
2016-01-14,3.4509,2.7513
2016-01-15,3.4467,2.7464
2016-01-18,3.4766,2.7764
2016-01-19,3.4966,2.7964
2016-01-20,3.5116,2.8114
2016-01-21,3.4917,2.7914
2016-01-22,3.4744,2.7741
2016-01-25,3.5594,2.859
2016-01-26,3.5519,2.8616
2016-01-27,3.5919,2.9016
2016-01-28,3.5839,2.8866
2016-01-29,3.5391,2.8419
2016-02-01,3.5339,2.8368
2016-02-02,3.5789,2.8818
2016-02-03,3.589,2.8918
2016-02-04,3.5282,2.855
2016-02-05,3.5267,2.8535
2016-02-06,3.5267,2.8535
2016-02-14,3.4953,2.8221
2016-02-15,3.5103,2.8371
2016-02-16,3.5108,2.8376
2016-02-17,3.5021,2.8351
2016-02-18,3.5021,2.8351
2016-02-19,3.4937,2.8251
2016-02-22,3.4951,2.8426
2016-02-23,3.4976,2.8451
2016-02-24,3.5201,2.8676
2016-02-25,3.5457,2.8651
2016-02-26,3.5257,2.8551
2016-02-29,3.5088,2.8502
2016-03-01,3.4903,2.8527
2016-03-02,3.4775,2.8752
2016-03-03,3.4724,2.9002
2016-03-04,3.4679,2.8952
2016-03-07,3.503,2.9303
2016-03-08,3.5018,2.9352
2016-03-09,3.4618,2.8928
2016-03-10,3.4293,2.8653
2016-03-11,3.465,2.8453
2016-03-14,3.4538,2.8504
2016-03-15,3.4438,2.8404
2016-03-16,3.4088,2.8054
2016-03-17,3.3971,2.8154
2016-03-18,3.3834,2.8229
2016-03-21,3.3617,2.8305
2016-03-22,3.3617,2.8304
2016-03-23,3.3617,2.8307
2016-03-24,3.3617,2.8309
2016-03-25,3.3465,2.8311
2016-03-28,3.3365,2.8665
2016-03-29,3.3288,2.851
2016-03-30,3.3188,2.8362
2016-03-31,3.3175,2.8419
2016-04-01,3.3176,2.8422
2016-04-05,3.3391,2.8637
2016-04-06,3.3443,2.8689
2016-04-07,3.3803,2.9049
2016-04-08,3.3803,2.9158
2016-04-11,3.3803,2.9091
2016-04-12,3.3708,2.91
2016-04-13,3.3879,2.9271
2016-04-14,3.3879,2.9352
2016-04-15,3.3678,2.9151
2016-04-18,3.358,2.9047
2016-04-19,3.3593,2.906
2016-04-20,3.3791,2.9258
2016-04-21,3.3741,2.9208
2016-04-22,3.4487,2.9309
2016-04-25,3.5233,2.9362
2016-04-26,3.5083,2.9212
2016-04-27,3.4982,2.9108
2016-04-28,3.4737,2.8863
2016-04-29,3.4737,2.8913
2016-05-03,3.4801,2.889
2016-05-04,3.5003,2.8965
2016-05-05,3.5103,2.9017
2016-05-06,3.5003,2.9016
2016-05-09,3.4803,2.8818
2016-05-10,3.4985,2.9
2016-05-11,3.4985,2.9075
2016-05-12,3.4885,2.8975
2016-05-13,3.4923,2.905
2016-05-16,3.5148,2.9275
2016-05-17,3.5173,2.93
2016-05-18,3.5173,2.955
2016-05-19,3.5223,2.96
2016-05-20,3.5309,2.95
2016-05-23,3.547,2.955
2016-05-24,3.527,2.935
2016-05-25,3.5336,2.9401
2016-05-26,3.5336,2.9401
2016-05-27,3.5336,2.9451
2016-05-30,3.5336,2.9776
2016-05-31,3.5411,2.9851
2016-06-01,3.5461,2.9952
2016-06-02,3.5461,3.0127
2016-06-03,3.5331,3.0152
2016-06-06,3.522,3.0041
2016-06-07,3.525,3.0071
2016-06-08,3.5257,3.0077
2016-06-12,3.5156,3.0053
2016-06-13,3.5082,2.9979
2016-06-14,3.4757,2.9654
2016-06-15,3.4707,2.9604
2016-06-16,3.4558,2.9455
2016-06-17,3.4482,2.9379
2016-06-20,3.4583,2.9481
2016-06-21,3.458,2.9405
2016-06-22,3.4482,2.9307
2016-06-23,3.4611,2.9307
2016-06-24,3.5161,2.8808
2016-06-27,3.54,2.831
2016-06-28,3.5299,2.861
2016-06-29,3.5435,2.8586
2016-06-30,3.5348,2.8411
2016-07-01,3.5248,2.8038
2016-07-04,3.5324,2.8314
2016-07-05,3.525,2.8514
2016-07-06,3.525,2.8365
2016-07-07,3.5075,2.8066
2016-07-08,3.5025,2.8016
2016-07-11,3.4778,2.8268
2016-07-12,3.4803,2.8368
2016-07-13,3.4928,2.8494
2016-07-14,3.4978,2.8395
2016-07-15,3.4931,2.8271
2016-07-18,3.4831,2.8271
2016-07-19,3.4756,2.8197
2016-07-20,3.4227,2.7996
2016-07-21,3.3532,2.7806
2016-07-22,3.3987,2.7907
2016-07-25,3.4213,2.8068
2016-07-26,3.4165,2.7913
2016-07-27,3.3836,2.7967
2016-07-28,3.3712,2.7867
2016-07-29,3.3486,2.7768
2016-08-01,3.3433,2.783
2016-08-02,3.3434,2.7792
2016-08-03,3.3425,2.7718
2016-08-04,3.343,2.7694
2016-08-05,3.3365,2.7534
2016-08-08,3.3088,2.7472
2016-08-09,3.2638,2.7125
2016-08-10,3.2502,2.695
2016-08-11,3.2453,2.6875
2016-08-12,3.2041,2.6701
2016-08-15,3.1679,2.6401
2016-08-16,3.1942,2.6651
2016-08-17,3.2183,2.6901
2016-08-18,3.222,2.6801
2016-08-19,3.2606,2.7001
2016-08-22,3.2408,2.6801
2016-08-23,3.2859,2.7201
2016-08-24,3.2959,2.7301
2016-08-25,3.2963,2.7201
2016-08-26,3.2799,2.6927
2016-08-29,3.2867,2.7064
2016-08-30,3.3241,2.7527
2016-08-31,3.3102,2.7425
2016-09-01,3.3142,2.7452
2016-09-02,3.3043,2.7452
2016-09-05,3.3137,2.7503
2016-09-06,3.3158,2.7628
2016-09-07,3.3183,2.7853
2016-09-08,3.3058,2.7753
2016-09-09,3.2858,2.7678
2016-09-12,3.2909,2.7916
2016-09-13,3.2835,2.7654
2016-09-14,3.2808,2.7579
2016-09-18,3.2786,2.7655
2016-09-19,3.2763,2.7605
2016-09-20,3.2701,2.7431
2016-09-21,3.2689,2.7518
2016-09-22,3.2564,2.7456
2016-09-23,3.2088,2.7318
2016-09-26,3.2065,2.7157
2016-09-27,3.204,2.7144
2016-09-28,3.2103,2.7244
2016-09-29,3.204,2.7282
2016-09-30,3.1901,2.7258
2016-10-08,3.1768,2.7047
2016-10-09,3.1617,2.676
2016-10-10,3.1565,2.6735
2016-10-11,3.1619,2.6835
2016-10-12,3.1716,2.7098
2016-10-13,3.164,2.701
2016-10-14,3.1565,2.6952
2016-10-17,3.1464,2.6904
2016-10-18,3.1464,2.6965
2016-10-19,3.1365,2.6664
2016-10-20,3.0964,2.6518
2016-10-21,3.0815,2.6451
2016-10-24,3.0914,2.6595
2016-10-25,3.1068,2.6859
2016-10-26,3.1264,2.72
2016-10-27,3.1118,2.7068
2016-10-28,3.1118,2.7027
2016-10-31,3.1343,2.7425
2016-11-01,3.1444,2.7375
2016-11-02,3.1482,2.7372
2016-11-03,3.142,2.7301
2016-11-04,3.1395,2.7339
2016-11-07,3.1671,2.7475
2016-11-08,3.1973,2.7634
2016-11-09,3.1898,2.7651
2016-11-10,3.2071,2.7926
2016-11-11,3.2222,2.815
2016-11-14,3.2825,2.8577
2016-11-15,3.3205,2.8501
2016-11-16,3.3231,2.8652
2016-11-17,3.3784,2.9055
2016-11-18,3.3634,2.8901
2016-11-21,3.356,2.8851
2016-11-22,3.3486,2.8689
2016-11-23,3.3135,2.8451
2016-11-24,3.292,2.8502
2016-11-25,3.2734,2.865
2016-11-28,3.2428,2.8502
2016-11-29,3.2728,2.8906
2016-11-30,3.2998,2.9502
2016-12-01,3.3778,2.9893
2016-12-02,3.3829,2.9895
2016-12-05,3.3917,3.0302
2016-12-06,3.4738,3.1151
2016-12-07,3.4529,3.0877
2016-12-08,3.448,3.0753
2016-12-09,3.4476,3.0853
2016-12-12,3.5027,3.1458
2016-12-13,3.5833,3.1863
2016-12-14,3.6331,3.2186
2016-12-15,3.8045,3.3315
2016-12-16,3.7994,3.2803
2016-12-19,3.8622,3.3316
2016-12-20,3.8642,3.3739
2016-12-21,3.8553,3.2815
2016-12-22,3.7757,3.1908
2016-12-23,3.7528,3.1769
2016-12-26,3.7428,3.1551
2016-12-27,3.7355,3.1628
2016-12-28,3.7153,3.1223
2016-12-29,3.6646,3.0471
2016-12-30,3.5831,3.0115
2016-12-31,3.5831,3.0115
2017-01-03,3.6226,3.1054
2017-01-04,3.6224,3.1823
2017-01-05,3.651,3.2086
2017-01-06,3.6337,3.1953
2017-01-09,3.6338,3.1692
2017-01-10,3.6269,3.1792
2017-01-11,3.6488,3.2055
2017-01-12,3.6418,3.1888
2017-01-13,3.6414,3.2022
2017-01-16,3.6514,3.2496
2017-01-17,3.6818,3.2692
2017-01-18,3.687,3.2682
2017-01-19,3.6821,3.2584
2017-01-20,3.6796,3.244
2017-01-22,3.6796,3.255
2017-01-23,3.6721,3.2429
2017-01-24,3.7018,3.2837
2017-01-25,3.7287,3.3463
2017-01-26,3.7287,3.3465
2017-02-03,3.7808,3.4214
2017-02-04,3.7701,3.4099
2017-02-06,3.8405,3.4905
2017-02-07,3.8403,3.4866
2017-02-08,3.8507,3.4591
2017-02-09,3.8413,3.4148
2017-02-10,3.8509,3.4368
2017-02-13,3.8611,3.4192
2017-02-14,3.8612,3.4107
2017-02-15,3.8764,3.4058
2017-02-16,3.8611,3.3559
2017-02-17,3.8364,3.3311
2017-02-20,3.8044,3.2812
2017-02-21,3.8373,3.3013
2017-02-22,3.8019,3.2839
2017-02-23,3.7818,3.2714
2017-02-24,3.7918,3.2916
2017-02-27,3.7897,3.2871
2017-02-28,3.7971,3.2921
2017-03-01,3.8013,3.3252
2017-03-02,3.785,3.3483
2017-03-03,3.7798,3.3573
2017-03-06,3.8101,3.3615
2017-03-07,3.8088,3.3643
2017-03-08,3.8199,3.4088
2017-03-09,3.8202,3.4151
2017-03-10,3.8152,3.4156
2017-03-13,3.8052,3.3851
2017-03-14,3.8075,3.3653
2017-03-15,3.8102,3.3524
2017-03-16,3.7815,3.3097
2017-03-17,3.7927,3.3124
2017-03-20,3.8055,3.3141
2017-03-21,3.8103,3.3141
2017-03-22,3.8004,3.3068
2017-03-23,3.8055,3.3034
2017-03-24,3.7779,3.2529
2017-03-27,3.7629,3.2451
2017-03-28,3.7604,3.2626
2017-03-29,3.7605,3.2695
2017-03-30,3.7605,3.289
2017-03-31,3.7604,3.2828
2017-04-01,3.7506,3.273
2017-04-05,3.7555,3.3102
2017-04-06,3.7604,3.3109
2017-04-07,3.7554,3.2966
2017-04-10,3.7601,3.3166
2017-04-11,3.7526,3.3209
2017-04-12,3.7651,3.3283
2017-04-13,3.7501,3.322
2017-04-14,3.7652,3.3599
2017-04-17,3.7954,3.416
2017-04-18,3.8152,3.4064
2017-04-19,3.8198,3.4065
2017-04-20,3.8352,3.424
2017-04-21,3.8668,3.4614
2017-04-24,3.9002,3.4991
2017-04-25,3.895,3.4568
2017-04-26,3.8952,3.4519
2017-04-27,3.8902,3.4494
2017-04-28,3.8902,3.4668
2017-05-02,3.8952,3.487
2017-05-03,3.9156,3.5219
2017-05-04,3.9102,3.5517
2017-05-05,3.9101,3.5592
2017-05-08,3.9208,3.6042
2017-05-09,3.9409,3.6325
2017-05-10,3.9609,3.69
2017-05-11,3.9402,3.64
2017-05-12,3.9608,3.6525
2017-05-15,3.9709,3.61
2017-05-16,3.9759,3.6225
2017-05-17,4.0008,3.6275
2017-05-18,4.0127,3.6075
2017-05-19,4.0023,3.625
2017-05-22,4.0163,3.6601
2017-05-23,4.0192,3.6725
2017-05-24,4.018,3.6601
2017-05-25,4.0012,3.6476
2017-05-26,4.011,3.6501
2017-05-27,4.0111,3.6499
2017-05-31,3.9997,3.6102
2017-06-01,4.0009,3.6152
2017-06-02,4.0023,3.6277
2017-06-05,3.9909,3.6152
2017-06-06,3.9999,3.6328
2017-06-07,3.9959,3.6427
2017-06-08,3.9973,3.6478
2017-06-09,3.9874,3.6303
2017-06-12,3.9425,3.5841
2017-06-13,3.9323,3.5754
2017-06-14,3.9025,3.5354
2017-06-15,3.8973,3.5554
2017-06-16,3.972,3.568
2017-06-19,3.9471,3.5006
2017-06-20,3.9374,3.4881
2017-06-21,3.9514,3.5406
2017-06-22,3.9789,3.5607
2017-06-23,3.9814,3.5457
2017-06-26,3.9715,3.5134
2017-06-27,3.9565,3.5084
2017-06-28,3.9565,3.5333
2017-06-29,3.9613,3.5483
2017-06-30,3.9765,3.5683
2017-07-03,3.9816,3.6033
2017-07-04,3.9966,3.6009
2017-07-05,3.9816,3.576
2017-07-06,3.9741,3.566
2017-07-07,3.9766,3.5897
2017-07-10,3.9766,3.5911
2017-07-11,3.9742,3.5836
2017-07-12,3.9754,3.5749
2017-07-13,3.9717,3.5643
2017-07-14,3.9615,3.5637
2017-07-17,3.9667,3.5626
2017-07-18,3.9767,3.5851
2017-07-19,3.9668,3.5901
2017-07-20,3.9693,3.574
2017-07-21,4.004,3.5829
2017-07-24,4.05,3.5769
2017-07-25,4.065,3.592
2017-07-26,4.09,3.617
2017-07-27,4.0838,3.6021
2017-07-28,4.0851,3.6034
2017-07-31,4.1001,3.626
2017-08-01,4.1089,3.6373
2017-08-02,4.1077,3.6311
2017-08-03,4.1052,3.6262
2017-08-04,4.1052,3.6262
2017-08-07,4.1328,3.6626
2017-08-08,4.1293,3.6538
2017-08-09,4.1248,3.66
2017-08-10,4.1183,3.6375
2017-08-11,4.099,3.6163
2017-08-14,4.1002,3.5925
2017-08-15,4.0928,3.5801
2017-08-16,4.1003,3.5988
2017-08-17,4.1253,3.5926
2017-08-18,4.1753,3.5951
2017-08-21,4.198,3.6181
2017-08-22,4.2006,3.6201
2017-08-23,4.2006,3.6152
2017-08-24,4.2106,3.6252
2017-08-25,4.2232,3.6327
2017-08-28,4.2357,3.6502
2017-08-29,4.2308,3.6303
2017-08-30,4.2258,3.6303
2017-08-31,4.2208,3.6265
2017-09-01,4.2208,3.6353
2017-09-04,4.2308,3.6454
2017-09-05,4.2409,3.6641
2017-09-06,4.2372,3.6554
2017-09-07,4.2236,3.6155
2017-09-08,4.2237,3.6005
2017-09-11,4.2338,3.6156
2017-09-12,4.2363,3.6181
2017-09-13,4.2461,3.6356
2017-09-14,4.2366,3.5982
2017-09-15,4.2716,3.5982
2017-09-18,4.2769,3.622
2017-09-19,4.2745,3.6158
2017-09-20,4.2745,3.6209
2017-09-21,4.277,3.6334
2017-09-22,4.2521,3.6209
2017-09-25,4.2234,3.5985
2017-09-26,4.2222,3.6172
2017-09-27,4.2348,3.6235
2017-09-28,4.2273,3.6136
2017-09-29,4.2274,3.6136
2017-09-30,4.2274,3.6136
2017-10-09,4.2427,3.6477
2017-10-10,4.2529,3.647
2017-10-11,4.2529,3.654
2017-10-12,4.2704,3.6765
2017-10-13,4.268,3.674
2017-10-16,4.2911,3.7054
2017-10-17,4.3081,3.7409
2017-10-18,4.3082,3.7366
2017-10-19,4.2943,3.7167
2017-10-20,4.292,3.7217
2017-10-23,4.2934,3.7231
2017-10-24,4.293,3.722
2017-10-25,4.3033,3.7768
2017-10-26,4.3101,3.7769
2017-10-27,4.3124,3.8266
2017-10-30,4.3603,3.9115
2017-10-31,4.3603,3.8917
2017-11-01,4.3303,3.863
2017-11-02,4.3301,3.8718
2017-11-03,4.3354,3.8816
2017-11-06,4.3304,3.8694
2017-11-07,4.3405,3.8813
2017-11-08,4.348,3.8725
2017-11-09,4.3405,3.8863
2017-11-10,4.3453,3.9
2017-11-13,4.3654,3.95
2017-11-14,4.3754,3.9525
2017-11-15,4.3734,3.95
2017-11-16,4.3582,3.9225
2017-11-17,4.3405,3.92
2017-11-20,4.3207,3.94
2017-11-21,4.3257,3.95
2017-11-22,4.3381,3.985
2017-11-23,4.3481,3.9851
2017-11-24,4.3359,3.9463
2017-11-27,4.3309,3.9501
2017-11-28,4.3409,3.9601
2017-11-29,4.3359,3.9101
2017-11-30,4.3341,3.8901
2017-12-01,4.3341,3.8852
2017-12-04,4.3341,3.8902
2017-12-05,4.3341,3.8752
2017-12-06,4.3213,3.8752
2017-12-07,4.3213,3.8927
2017-12-08,4.3264,3.9102
2017-12-11,4.3415,3.9303
2017-12-12,4.3515,3.9378
2017-12-13,4.3615,3.9303
2017-12-14,4.3664,3.9104
2017-12-15,4.3617,3.8904
2017-12-18,4.3568,3.8904
2017-12-19,4.3643,3.9005
2017-12-20,4.3644,3.9005
2017-12-21,4.3644,3.9005
2017-12-22,4.3594,3.878
2017-12-25,4.362,3.8731
2017-12-26,4.3721,3.8881
2017-12-27,4.3796,3.8956
2017-12-28,4.3721,3.8857
2017-12-29,4.3671,3.8807
2017-12-30,4.3671,3.8807
2017-12-31,4.3671,3.8807
2018-01-02,4.3723,3.9008
2018-01-03,4.3723,3.9162
2018-01-04,4.3723,3.9319
2018-01-05,4.3623,3.9212
2018-01-08,4.3524,3.911
2018-01-09,4.3524,3.8909
2018-01-10,4.3626,3.9201
2018-01-11,4.3626,3.9546
2018-01-12,4.3526,3.9337
2018-01-15,4.3701,3.965
2018-01-16,4.3626,3.9596
2018-01-17,4.3652,3.9597
2018-01-18,4.3655,3.9797
2018-01-19,4.3676,3.9754
2018-01-22,4.3662,3.9522
2018-01-23,4.3674,3.9414
2018-01-24,4.3699,3.9507
2018-01-25,4.372,3.9435
2018-01-26,4.367,3.9365
2018-01-29,4.3696,3.9368
2018-01-30,4.3673,3.9292
2018-01-31,4.3647,3.914
2018-02-01,4.3647,3.9066
2018-02-02,4.3597,3.9092
2018-02-05,4.3574,3.9167
2018-02-06,4.3375,3.8825
2018-02-07,4.3175,3.87
2018-02-08,4.3334,3.8801
2018-02-09,4.3125,3.88
2018-02-11,4.3109,3.8775
2018-02-12,4.3134,3.875
2018-02-13,4.3084,3.87
2018-02-14,4.3109,3.8702
2018-02-22,4.3087,3.8752
2018-02-23,4.2987,3.8702
2018-02-24,4.2937,3.8652
2018-02-26,4.2738,3.8452
2018-02-27,4.2738,3.8201
2018-02-28,4.2615,3.8202
2018-03-01,4.259,3.8201
2018-03-02,4.269,3.8352
2018-03-05,4.2766,3.8453
2018-03-06,4.2766,3.8253
2018-03-07,4.2742,3.8203
2018-03-08,4.2717,3.8203
2018-03-09,4.2717,3.8278
2018-03-12,4.2717,3.8243
2018-03-13,4.2738,3.8362
2018-03-14,4.272,3.8413
2018-03-15,4.2633,3.8257
2018-03-16,4.2395,3.8154
2018-03-19,4.2496,3.8104
2018-03-20,4.2422,3.7906
2018-03-21,4.2248,3.763
2018-03-22,4.1999,3.748
2018-03-23,4.1549,3.7005
2018-03-26,4.165,3.7307
2018-03-27,4.1748,3.7432
2018-03-28,4.1695,3.7406
2018-03-29,4.1695,3.7456
2018-03-30,4.1749,3.7407
2018-04-02,4.175,3.7357
2018-04-03,4.1605,3.7507
2018-04-04,4.1605,3.7234
2018-04-08,4.1484,3.7008
2018-04-09,4.1154,3.6959
2018-04-10,4.1155,3.7159
2018-04-11,4.1155,3.7109
2018-04-12,4.1155,3.7109
2018-04-13,4.1207,3.7062
2018-04-16,4.1186,3.6561
2018-04-17,4.1139,3.6512
2018-04-18,3.9758,3.5013
2018-04-19,4.0059,3.5064
2018-04-20,3.9985,3.5215
2018-04-23,4.0511,3.6019
2018-04-24,4.0509,3.5855
2018-04-25,4.076,3.6118
2018-04-26,4.076,3.6344
2018-04-27,4.0912,3.6364
2018-04-28,4.0912,3.6217
2018-05-02,4.0914,3.6665
2018-05-03,4.1113,3.6467
2018-05-04,4.1113,3.6319
2018-05-07,4.1115,3.6518
2018-05-08,4.1265,3.6922
2018-05-09,4.1315,3.7074
2018-05-10,4.1315,3.6924
2018-05-11,4.1264,3.6882
2018-05-14,4.1314,3.6937
2018-05-15,4.1514,3.7151
2018-05-16,4.1439,3.7076
2018-05-17,4.1483,3.712
2018-05-18,4.1284,3.7099
2018-05-21,4.1175,3.6939
2018-05-22,4.1025,3.67
2018-05-23,4.0833,3.64
2018-05-24,4.0834,3.6501
2018-05-25,4.0508,3.6126
2018-05-28,4.0506,3.6101
2018-05-29,4.0549,3.6001
2018-05-30,4.0536,3.5976
2018-05-31,4.066,3.6129
2018-06-01,4.0738,3.6202
2018-06-04,4.1038,3.6532
2018-06-05,4.1114,3.6602
2018-06-06,4.1238,3.6602
2018-06-07,4.1239,3.6702
2018-06-08,4.1339,3.6453
2018-06-11,4.1291,3.6502
2018-06-12,4.1341,3.6853
2018-06-13,4.1239,3.6627
2018-06-14,4.119,3.6227
2018-06-15,4.1087,3.6028
2018-06-19,4.0813,3.5603
2018-06-20,4.0963,3.6054
2018-06-21,4.0913,3.5753
2018-06-22,4.0864,3.5604
2018-06-25,4.0862,3.5803
2018-06-26,4.0757,3.5804
2018-06-27,4.0757,3.5529
2018-06-28,4.041,3.5304
2018-06-29,3.9708,3.4756
2018-07-02,3.9658,3.4668
2018-07-03,3.9658,3.4955
2018-07-04,3.9783,3.5107
2018-07-05,3.9608,3.5005
2018-07-06,3.9908,3.5259
2018-07-09,4.0008,3.5432
2018-07-10,4.0008,3.5431
2018-07-11,4.0008,3.5107
2018-07-12,4.0008,3.5158
2018-07-13,3.9809,3.4858
2018-07-16,3.9709,3.4808
2018-07-17,3.9709,3.4808
2018-07-18,3.9559,3.4708
2018-07-19,3.9284,3.4409
2018-07-20,3.9509,3.5135
2018-07-23,3.9711,3.5186
2018-07-24,4.0009,3.5615
2018-07-25,4.0109,3.5614
2018-07-26,4.03,3.5361
2018-07-27,4.02,3.5212
2018-07-30,4.01,3.5213
2018-07-31,3.985,3.4812
2018-08-01,3.9788,3.4638
2018-08-02,3.98,3.4713
2018-08-03,3.97,3.4567
2018-08-06,3.97,3.4568
2018-08-07,3.975,3.4876
2018-08-08,3.99,3.5222
2018-08-09,4.035,3.5476
2018-08-10,4.04,3.5525
2018-08-13,4.07,3.5826
2018-08-14,4.06,3.5519
2018-08-15,4.06,3.5829
2018-08-16,4.075,3.6141
2018-08-17,4.225,3.6524
2018-08-20,4.2138,3.6326
2018-08-21,4.21,3.63
2018-08-22,4.1998,3.6075
2018-08-23,4.19,3.6101
2018-08-24,4.19,3.6278
2018-08-27,4.195,3.6303
2018-08-28,4.1851,3.6101
2018-08-29,4.1951,3.6101
2018-08-30,4.1801,3.5801
2018-08-31,4.175,3.5751
2018-09-03,4.1951,3.5951
2018-09-04,4.2026,3.6101
2018-09-05,4.2001,3.6101
2018-09-06,4.2001,3.6101
2018-09-07,4.2101,3.6301
2018-09-10,4.2501,3.6551
2018-09-11,4.2601,3.6751
2018-09-12,4.2501,3.6551
2018-09-13,4.2451,3.6526
2018-09-14,4.2276,3.6351
2018-09-17,4.2201,3.6327
2018-09-18,4.2201,3.6452
2018-09-19,4.2251,3.6727
2018-09-20,4.2251,3.7003
2018-09-21,4.2101,3.6752
2018-09-25,4.2051,3.6754
2018-09-26,4.1926,3.6503
2018-09-27,4.1801,3.6253
2018-09-28,4.1801,3.6153
2018-09-29,4.1751,3.6104
2018-09-30,4.175,3.6103
2018-10-08,4.1801,3.6155
2018-10-09,4.1801,3.6156
2018-10-10,4.1801,3.6156
2018-10-11,4.1524,3.5806
2018-10-12,4.1524,3.5831
2018-10-15,4.1652,3.5857
2018-10-16,4.1602,3.5757
2018-10-17,4.1552,3.5807
2018-10-18,4.1402,3.5508
2018-10-19,4.1152,3.5658
2018-10-22,4.1302,3.591
2018-10-23,4.1299,3.5709
2018-10-24,4.1002,3.5409
2018-10-25,4.0802,3.5409
2018-10-26,4.0802,3.541
2018-10-29,4.08,3.5111
2018-10-30,4.0577,3.5161
2018-10-31,4.0552,3.5086
2018-11-01,4.0428,3.4936
2018-11-02,4.0728,3.5461
2018-11-05,4.0704,3.5312
2018-11-06,4.0604,3.5113
2018-11-07,4.0404,3.4813
2018-11-08,4.0404,3.4813
2018-11-09,4.0404,3.4763
2018-11-12,4.0379,3.4865
2018-11-13,4.0254,3.474
2018-11-14,4.0004,3.4218
2018-11-15,3.9504,3.3915
2018-11-16,3.8704,3.3515
2018-11-19,3.8604,3.3772
2018-11-20,3.9004,3.3771
2018-11-21,3.8804,3.3716
2018-11-22,3.8904,3.3917
2018-11-23,3.9204,3.3917
2018-11-26,3.9332,3.4151
2018-11-27,3.9307,3.4
2018-11-28,3.9157,3.37
2018-11-29,3.8907,3.36
2018-11-30,3.8857,3.355
2018-12-03,3.8807,3.35
2018-12-04,3.8416,3.305
2018-12-05,3.8264,3.275
2018-12-06,3.7967,3.2751
2018-12-07,3.7867,3.2853
2018-12-10,3.7767,3.2678
2018-12-11,3.7517,3.2652
2018-12-12,3.7517,3.2703
2018-12-13,3.8217,3.3311
2018-12-14,3.8307,3.3468
2018-12-17,3.8407,3.3713
2018-12-18,3.8307,3.3714
2018-12-19,3.8007,3.3412
2018-12-20,3.7805,3.3003
2018-12-21,3.7805,3.3168
2018-12-24,3.7805,3.3483
2018-12-25,3.7805,3.3113
2018-12-26,3.7605,3.3011
2018-12-27,3.7456,3.2709
2018-12-28,3.7106,3.2315
2018-12-29,3.7056,3.2265
2018-12-30,3.7056,3.2265
2018-12-31,3.7056,3.2265
2019-01-02,3.6756,3.1734
2019-01-03,3.6806,3.141
2019-01-04,3.7007,3.1513
2019-01-07,3.7007,3.1507
2019-01-08,3.6757,3.1211
2019-01-09,3.7007,3.1106
2019-01-10,3.7182,3.1006
2019-01-11,3.7157,3.1058
2019-01-14,3.7257,3.1297
2019-01-15,3.7407,3.1383
2019-01-16,3.6779,3.0745
2019-01-17,3.6904,3.076
2019-01-18,3.7105,3.091
2019-01-21,3.7104,3.1037
2019-01-22,3.7154,3.1071
2019-01-23,3.7179,3.119
2019-01-24,3.7409,3.1338
2019-01-25,3.7534,3.1398
2019-01-28,3.7655,3.1397
2019-01-29,3.7342,3.1246
2019-01-30,3.7304,3.1151
2019-01-31,3.7231,3.1037
2019-02-01,3.7256,3.1032
2019-02-02,3.7194,3.0978
2019-02-03,3.7121,3.0967
2019-02-11,3.7107,3.067
2019-02-12,3.7107,3.0748
2019-02-13,3.7007,3.0719
2019-02-14,3.7105,3.0726
2019-02-15,3.7155,3.0794
2019-02-18,3.7322,3.1094
2019-02-19,3.7215,3.1279
2019-02-20,3.7265,3.1196
2019-02-21,3.729,3.1361
2019-02-22,3.705,3.1451
2019-02-25,3.7467,3.1787
2019-02-26,3.7617,3.1878
2019-02-27,3.7417,3.1689
2019-02-28,3.7517,3.1731
2019-03-01,3.7472,3.187
2019-03-04,3.756,3.2023
2019-03-05,3.7619,3.2149
2019-03-06,3.7623,3.2021
2019-03-07,3.7423,3.1572
2019-03-08,3.7272,3.1423
2019-03-11,3.7222,3.1374
2019-03-12,3.7231,3.1424
2019-03-13,3.7232,3.1375
2019-03-14,3.7332,3.1475
2019-03-15,3.7276,3.1376
2019-03-18,3.7276,3.1377
2019-03-19,3.7276,3.1377
2019-03-20,3.7361,3.1453
2019-03-21,3.7253,3.1291
2019-03-22,3.7029,3.108
2019-03-25,3.6839,3.0831
2019-03-26,3.6805,3.0633
2019-03-27,3.688,3.0882
2019-03-28,3.6828,3.0634
2019-03-29,3.6631,3.0683
2019-04-01,3.7079,3.1332
2019-04-02,3.7174,3.1681
2019-04-03,3.7733,3.2331
2019-04-04,3.7808,3.2679
2019-04-08,3.7784,3.2482
2019-04-09,3.8134,3.2882
2019-04-10,3.8134,3.2932
2019-04-11,3.8234,3.2784
2019-04-12,3.8534,3.3334
2019-04-15,3.9234,3.3736
2019-04-16,3.9437,3.3937
2019-04-17,3.9437,3.3938
2019-04-18,3.9237,3.3589
2019-04-19,3.9569,3.3741
2019-04-22,3.9739,3.4091
2019-04-23,3.974,3.3993
2019-04-24,4.004,3.4343
2019-04-25,3.984,3.4193
2019-04-26,3.9715,3.4043
2019-04-28,3.9715,3.4043
2019-04-29,3.9743,3.4268
2019-04-30,3.9593,3.3869
2019-05-05,3.957,3.3849
2019-05-06,3.9396,3.355
2019-05-07,3.9347,3.3551
2019-05-08,3.9297,3.3426
2019-05-09,3.9122,3.3116
2019-05-10,3.9098,3.3017
2019-05-13,3.8948,3.2709
2019-05-14,3.9048,3.2859
2019-05-15,3.9149,3.2762
2019-05-16,3.9024,3.2662
2019-05-17,3.9249,3.2665
2019-05-20,3.93,3.2717
2019-05-21,3.94,3.299
2019-05-22,3.95,3.3264
2019-05-23,3.935,3.31
2019-05-24,3.9351,3.3125
2019-05-27,3.9651,3.35
2019-05-28,3.9452,3.31
2019-05-29,3.9277,3.2875
2019-05-30,3.929,3.275
2019-05-31,3.9403,3.2751
2019-06-03,3.9153,3.2401
2019-06-04,3.8703,3.2101
2019-06-05,3.8554,3.21
2019-06-06,3.8454,3.2136
2019-06-10,3.8555,3.2251
2019-06-11,3.8855,3.2651
2019-06-12,3.8805,3.2601
2019-06-13,3.863,3.2451
2019-06-14,3.8356,3.2302
2019-06-17,3.8354,3.2252
2019-06-18,3.8457,3.2302
2019-06-19,3.8619,3.2427
2019-06-20,3.8507,3.2352
2019-06-21,3.8599,3.2303
2019-06-24,3.8782,3.2453
2019-06-25,3.8732,3.2353
2019-06-26,3.8831,3.2453
2019-06-27,3.888,3.2553
2019-06-28,3.8664,3.2254
2019-07-01,3.8636,3.2254
2019-07-02,3.8036,3.1704
2019-07-03,3.7935,3.1554
2019-07-04,3.7887,3.1479
2019-07-05,3.7945,3.1705
2019-07-08,3.813,3.1805
2019-07-09,3.8108,3.168
2019-07-10,3.8136,3.1706
2019-07-11,3.8045,3.168
2019-07-12,3.7972,3.1531
2019-07-15,3.8185,3.1782
2019-07-16,3.8299,3.1732
2019-07-17,3.8371,3.1757
2019-07-18,3.8298,3.1608
2019-07-19,3.8633,3.1559
2019-07-22,3.8375,3.1484
2019-07-23,3.8288,3.1484
2019-07-24,3.8501,3.171
2019-07-25,3.8426,3.1635
2019-07-26,3.8427,3.1661
2019-07-29,3.8578,3.1836
2019-07-30,3.8553,3.1761
2019-07-31,3.8279,3.1552
2019-08-01,3.8255,3.1487
2019-08-02,3.7707,3.0914
2019-08-05,3.7185,3.0563
2019-08-06,3.726,3.0613
2019-08-07,3.7111,3.0514
2019-08-08,3.711,3.0465
2019-08-09,3.6837,3.0216
2019-08-12,3.6963,3.0391
2019-08-13,3.6517,3.0041
2019-08-14,3.6117,3.0105
2019-08-15,3.6017,3.0115
2019-08-16,3.6168,3.0217
2019-08-19,3.6069,3.0191
2019-08-20,3.6219,3.0317
2019-08-21,3.6518,3.0567
2019-08-22,3.6593,3.0543
2019-08-23,3.6644,3.0644
2019-08-26,3.6471,3.0494
2019-08-27,3.6622,3.052
2019-08-28,3.6622,3.052
2019-08-29,3.6469,3.0321
2019-08-30,3.6823,3.0573
2019-09-02,3.7021,3.0723
2019-09-03,3.6922,3.0624
2019-09-04,3.6674,3.0473
2019-09-05,3.6207,3.0173
2019-09-06,3.6182,3.0173
2019-09-09,3.6259,3.025
2019-09-10,3.6359,3.0425
2019-09-11,3.6386,3.0525
2019-09-12,3.6684,3.0876
2019-09-16,3.6688,3.0926
2019-09-17,3.6789,3.1076
2019-09-18,3.7191,3.1278
2019-09-19,3.7042,3.1053
2019-09-20,3.6968,3.098
2019-09-23,3.702,3.1005
2019-09-24,3.7196,3.1205
2019-09-25,3.7247,3.1157
2019-09-26,3.7448,3.1381
2019-09-27,3.7589,3.1482
2019-09-29,3.7539,3.1434
2019-09-30,3.7501,3.1411
2019-10-08,3.7257,3.1063
2019-10-09,3.7258,3.1089
2019-10-10,3.7458,3.1289
2019-10-11,3.7638,3.1564
2019-10-12,3.7885,3.1716
2019-10-14,3.7811,3.1641
2019-10-15,3.796,3.1668
2019-10-16,3.7912,3.1693
2019-10-17,3.7839,3.1569
2019-10-18,3.8188,3.187
2019-10-21,3.8464,3.2196
2019-10-22,3.8416,3.2196
2019-10-23,3.8369,3.2122
2019-10-24,3.8368,3.2196
2019-10-25,3.8564,3.2372
2019-10-28,3.9054,3.2924
2019-10-29,3.9104,3.3029
2019-10-30,3.9158,3.3125
2019-10-31,3.8962,3.288
2019-11-01,3.8815,3.2757
2019-11-04,3.8963,3.2954
2019-11-05,3.8589,3.2454
2019-11-06,3.8639,3.2555
2019-11-07,3.8803,3.2736
2019-11-08,3.8805,3.2765
2019-11-11,3.8709,3.2463
2019-11-12,3.8682,3.255
2019-11-13,3.8561,3.237
2019-11-14,3.8733,3.2555
2019-11-15,3.8512,3.2355
2019-11-18,3.8118,3.1993
2019-11-19,3.7776,3.1743
2019-11-20,3.7826,3.1747
2019-11-21,3.7652,3.1749
2019-11-22,3.7627,3.1747
2019-11-25,3.7938,3.1875
2019-11-26,3.7819,3.1675
2019-11-27,3.7864,3.17
2019-11-28,3.7838,3.165
2019-11-29,3.7718,3.165
2019-12-02,3.7985,3.2062
2019-12-03,3.7848,3.1746
2019-12-04,3.7748,3.1751
2019-12-05,3.7808,3.1776
2019-12-06,3.7856,3.1751
2019-12-09,3.7932,3.1903
2019-12-10,3.7834,3.1776
2019-12-11,3.7787,3.1702
2019-12-12,3.7784,3.1652
2019-12-13,3.7904,3.1828
2019-12-16,3.7956,3.1854
2019-12-17,3.82,3.2133
2019-12-18,3.8271,3.2139
2019-12-19,3.8202,3.2139
2019-12-20,3.7813,3.1808
2019-12-23,3.7569,3.1661
2019-12-24,3.744,3.1535
2019-12-25,3.7307,3.1463
2019-12-26,3.7052,3.1137
2019-12-27,3.7114,3.1292
2019-12-30,3.7207,3.1322
2019-12-31,3.7149,3.1365
2020-01-02,3.7324,3.1485
2020-01-03,3.7265,3.1428
2020-01-06,3.716,3.1352
2020-01-07,3.7213,3.1379
2020-01-08,3.7122,3.1337
2020-01-09,3.6973,3.1184
2020-01-10,3.6686,3.0819
2020-01-13,3.6682,3.084
2020-01-14,3.6804,3.0994
2020-01-15,3.6783,3.0897
2020-01-16,3.6783,3.0918
2020-01-17,3.6687,3.0832
2020-01-19,3.6687,3.078
2020-01-20,3.6588,3.0776
2020-01-21,3.6036,3.0337
2020-01-22,3.6146,3.0282
2020-01-23,3.5746,2.9932
2020-02-03,3.4252,2.8231
2020-02-04,3.4488,2.8551
2020-02-05,3.446,2.844
2020-02-06,3.4437,2.8392
2020-02-07,3.4059,2.8024
2020-02-10,3.3993,2.7872
2020-02-11,3.4363,2.834
2020-02-12,3.4389,2.8333
2020-02-13,3.432,2.8201
2020-02-14,3.4659,2.8631
2020-02-17,3.4998,2.8928
2020-02-18,3.4748,2.8664
2020-02-19,3.4748,2.8776
2020-02-20,3.4999,2.8857
2020-02-21,3.46,2.847
2020-02-24,3.4309,2.812
2020-02-25,3.4421,2.822
2020-02-26,3.4271,2.7973
2020-02-27,3.404,2.7702
2020-02-28,3.3726,2.7376
2020-03-02,3.3836,2.7428
2020-03-03,3.3846,2.7478
2020-03-04,3.3425,2.673
2020-03-05,3.353,2.6829
2020-03-06,3.3061,2.628
2020-03-09,3.1449,2.5205
2020-03-10,3.2398,2.613
2020-03-11,3.2118,2.6079
2020-03-12,3.2277,2.6379
2020-03-13,3.3002,2.6759
2020-03-16,3.2832,2.6758
2020-03-17,3.34,2.7135
2020-03-18,3.355,2.7136
2020-03-19,3.3701,2.7299
2020-03-20,3.3301,2.6815
2020-03-23,3.2753,2.6315
2020-03-24,3.2704,2.6289
2020-03-25,3.2604,2.6289
2020-03-26,3.2255,2.594
2020-03-27,3.2405,2.609
2020-03-30,3.2408,2.6142
2020-03-31,3.2107,2.5899
2020-04-01,3.1857,2.555
2020-04-02,3.2208,2.5854
2020-04-03,3.2507,2.5965
2020-04-07,3.1761,2.5112
2020-04-08,3.161,2.4824
2020-04-09,3.2313,2.5226
2020-04-10,3.271,2.5403
2020-04-13,3.2762,2.5658
2020-04-14,3.2835,2.5591
2020-04-15,3.2911,2.5455
2020-04-16,3.2765,2.5276
2020-04-17,3.306,2.559
2020-04-20,3.3753,2.592
2020-04-21,3.361,2.5791
2020-04-22,3.3412,2.5567
2020-04-23,3.2916,2.5227
2020-04-24,3.2817,2.51
2020-04-26,3.2842,2.5205
2020-04-27,3.3043,2.5345
2020-04-28,3.3019,2.5254
2020-04-29,3.287,2.5009
2020-04-30,3.3242,2.538
2020-05-06,3.3669,2.5809
2020-05-07,3.4063,2.6298
2020-05-08,3.4063,2.6207
2020-05-09,3.4213,2.64
2020-05-11,3.4564,2.6698
2020-05-12,3.4514,2.6603
2020-05-13,3.4802,2.7076
2020-05-14,3.489,2.6989
2020-05-15,3.4963,2.682
2020-05-18,3.5434,2.7253
2020-05-19,3.5362,2.7272
2020-05-20,3.5118,2.69
2020-05-21,3.5072,2.685
2020-05-22,3.4434,2.6176
2020-05-25,3.4934,2.6852
2020-05-26,3.5283,2.7402
2020-05-27,3.5181,2.7527
2020-05-28,3.5033,2.7201
2020-05-29,3.4934,2.7053
2020-06-01,3.5035,2.7253
2020-06-02,3.5584,2.7852
2020-06-03,3.5685,2.7901
2020-06-04,3.5934,2.8301
2020-06-05,3.6034,2.8475
2020-06-08,3.5837,2.8101
2020-06-09,3.5863,2.8031
2020-06-10,3.5837,2.8201
2020-06-11,3.5236,2.7701
2020-06-12,3.5012,2.7451
2020-06-15,3.5236,2.7878
2020-06-16,3.5736,2.8402
2020-06-17,3.5972,2.8802
2020-06-18,3.5836,2.8527
2020-06-19,3.6112,2.8752
2020-06-22,3.626,2.9153
2020-06-23,3.6235,2.9127
2020-06-24,3.5888,2.8614
2020-06-28,3.574,2.8404
2020-06-29,3.5916,2.8504
2020-06-30,3.5591,2.823
2020-07-01,3.5766,2.8456
2020-07-02,3.579,2.8584
2020-07-03,3.6139,2.8974
2020-07-06,3.6887,2.9959
2020-07-07,3.7087,3.0158
2020-07-08,3.7435,3.0632
2020-07-09,3.7687,3.0809
2020-07-10,3.7439,3.0305
2020-07-13,3.759,3.0557
2020-07-14,3.737,3.0057
2020-07-15,3.7048,2.9559
2020-07-16,3.6949,2.9459
2020-07-17,3.6998,2.9507
2020-07-20,3.6953,2.9311
2020-07-21,3.6653,2.9011
2020-07-22,3.6402,2.8861
2020-07-23,3.66,2.9064
2020-07-24,3.6,2.8612
2020-07-27,3.5973,2.8791
2020-07-28,3.6449,2.9214
2020-07-29,3.6645,2.9415
2020-07-30,3.6648,2.9364
2020-07-31,3.7031,2.9664
2020-08-03,3.6945,2.9466
2020-08-04,3.6945,2.9365
2020-08-05,3.718,2.9592
2020-08-06,3.7498,2.9816
2020-08-07,3.7685,2.9918
2020-08-10,3.7255,2.9543
2020-08-11,3.7198,2.9544
2020-08-12,3.7293,2.962
2020-08-13,3.7198,2.9555
2020-08-14,3.7021,2.9369
2020-08-17,3.6949,2.9421
2020-08-18,3.7189,2.9771
2020-08-19,3.7342,2.9921
2020-08-20,3.7448,2.9973
2020-08-21,3.7112,2.9823
2020-08-24,3.7296,2.9998
2020-08-25,3.7501,3.0424
2020-08-26,3.7549,3.0511
2020-08-27,3.7643,3.0599
2020-08-28,3.7748,3.0672
2020-08-31,3.7343,3.0177
2020-09-01,3.7603,3.0478
2020-09-02,3.7812,3.1027
2020-09-03,3.7814,3.1051
2020-09-04,3.803,3.1228
2020-09-07,3.832,3.1454
2020-09-08,3.8204,3.123
2020-09-09,3.7891,3.0805
2020-09-10,3.8128,3.0833
2020-09-11,3.8234,3.1346
2020-09-14,3.8291,3.1532
2020-09-15,3.81,3.1083
2020-09-16,3.8276,3.126
2020-09-17,3.8251,3.1334
2020-09-18,3.8301,3.1162
2020-09-21,3.8153,3.0999
2020-09-22,3.8053,3.0863
2020-09-23,3.8103,3.089
2020-09-24,3.8029,3.084
2020-09-25,3.8329,3.1295
2020-09-27,3.8305,3.1324
2020-09-28,3.8205,3.1092
2020-09-29,3.833,3.1292
2020-09-30,3.8481,3.1482
2020-10-09,3.8834,3.1873
2020-10-10,3.8822,3.1898
2020-10-12,3.8709,3.1861
2020-10-13,3.8835,3.195
2020-10-14,3.8985,3.215
2020-10-15,3.9035,3.23
2020-10-16,3.9086,3.2202
2020-10-19,3.9012,3.2005
2020-10-20,3.8963,3.1955
2020-10-21,3.8888,3.1855
2020-10-22,3.8713,3.1707
2020-10-23,3.8888,3.1957
2020-10-26,3.8864,3.1934
2020-10-27,3.8615,3.1609
2020-10-28,3.8715,3.181
2020-10-29,3.874,3.186
2020-10-30,3.8615,3.181
2020-11-02,3.8465,3.1785
2020-11-03,3.8465,3.1762
2020-11-04,3.834,3.1687
2020-11-05,3.8541,3.1912
2020-11-06,3.8716,3.2063
2020-11-09,3.8916,3.2363
2020-11-10,3.8867,3.2241
2020-11-11,3.8942,3.2391
2020-11-12,3.9016,3.2614
2020-11-13,3.9066,3.2715
2020-11-16,3.9041,3.2741
2020-11-17,3.9116,3.2866
2020-11-18,3.9289,3.324
2020-11-19,3.9412,3.3487
2020-11-20,3.9316,3.31
2020-11-23,3.9018,3.265
2020-11-24,3.9041,3.29
2020-11-25,3.8867,3.2675
2020-11-26,3.8992,3.285
2020-11-27,3.9041,3.3
2020-11-30,3.8668,3.25
2020-12-01,3.8817,3.2725
2020-12-02,3.8942,3.2925
2020-12-03,3.8816,3.2851
2020-12-04,3.8566,3.2651
2020-12-07,3.8545,3.2701
2020-12-08,3.8313,3.2551
2020-12-09,3.8234,3.2726
2020-12-10,3.8262,3.2601
2020-12-11,3.8434,3.2951
2020-12-14,3.8383,3.2851
2020-12-15,3.8361,3.2777
2020-12-16,3.8361,3.2752
2020-12-17,3.8412,3.2802
2020-12-18,3.8283,3.2902
2020-12-21,3.8185,3.2652
2020-12-22,3.7862,3.2278
2020-12-23,3.7839,3.2153
2020-12-24,3.8014,3.2303
2020-12-25,3.7743,3.1878
2020-12-28,3.7571,3.1629
2020-12-29,3.7445,3.1554
2020-12-30,3.7172,3.1204
2020-12-31,3.7268,3.1429
2021-01-04,3.7593,3.178
2021-01-05,3.7222,3.1305
2021-01-06,3.7197,3.1256
2021-01-07,3.7198,3.1256
2021-01-08,3.7372,3.1456
2021-01-11,3.7496,3.1632
2021-01-12,3.7398,3.1457
2021-01-13,3.7201,3.1157
2021-01-14,3.7076,3.1059
2021-01-15,3.7423,3.1508
2021-01-18,3.7496,3.1658
2021-01-19,3.7472,3.1609
2021-01-20,3.7369,3.161
2021-01-21,3.7198,3.1335
2021-01-22,3.7156,3.1185
2021-01-25,3.7199,3.1323
2021-01-26,3.7371,3.1585
2021-01-27,3.7344,3.1636
2021-01-28,3.7514,3.1961
2021-01-29,3.7391,3.1786
2021-02-01,3.7342,3.1712
2021-02-02,3.7415,3.1862
2021-02-03,3.7588,3.2112
2021-02-04,3.7711,3.2347
2021-02-05,3.7715,3.2164
2021-02-07,3.7664,3.2168
2021-02-08,3.7787,3.237
2021-02-09,3.7686,3.2303
2021-02-10,3.776,3.2449
2021-02-18,3.7982,3.2831
2021-02-19,3.7809,3.2578
2021-02-20,3.7834,3.2605
2021-02-22,3.7984,3.2736
2021-02-23,3.7987,3.2635
2021-02-24,3.8038,3.2627
2021-02-25,3.8087,3.2723
2021-02-26,3.8111,3.2798
2021-03-01,3.7761,3.2475
2021-03-02,3.7761,3.2474
2021-03-03,3.7785,3.2553
2021-03-04,3.7833,3.2655
2021-03-05,3.7633,3.2457
2021-03-08,3.7609,3.2404
2021-03-09,3.7633,3.2478
2021-03-10,3.761,3.2353
2021-03-11,3.7582,3.2506
2021-03-12,3.7631,3.2613
2021-03-15,3.7705,3.274
2021-03-16,3.7605,3.2614
2021-03-17,3.7504,3.2564
2021-03-18,3.7428,3.2592
2021-03-19,3.7304,3.2364
2021-03-22,3.7255,3.2309
2021-03-23,3.7182,3.2105
2021-03-24,3.7109,3.193
2021-03-25,3.7085,3.1882
2021-03-26,3.718,3.1985
2021-03-29,3.7211,3.1962
2021-03-30,3.7285,3.206
2021-03-31,3.7085,3.1887
2021-04-01,3.7186,3.196
2021-04-02,3.7184,3.2013
2021-04-06,3.7234,3.2087
2021-04-07,3.7282,3.2215
2021-04-08,3.7321,3.2221
2021-04-09,3.7234,3.2121
2021-04-12,3.711,3.1948
2021-04-13,3.6925,3.1626
2021-04-14,3.685,3.1651
2021-04-15,3.678,3.1728
2021-04-16,3.6625,3.1631
2021-04-19,3.6525,3.1559
2021-04-20,3.645,3.1554
2021-04-21,3.63,3.153
2021-04-22,3.645,3.1614
2021-04-23,3.665,3.1719
2021-04-25,3.67,3.1841
2021-04-26,3.69,3.2024
2021-04-27,3.69,3.2078
2021-04-28,3.6925,3.1979
2021-04-29,3.685,3.1872
2021-04-30,3.6701,3.164
2021-05-06,3.6601,3.1507
2021-05-07,3.6551,3.1589
2021-05-08,3.6551,3.1582
2021-05-10,3.6501,3.146
2021-05-11,3.6426,3.138
2021-05-12,3.6351,3.131
2021-05-13,3.6376,3.1366
2021-05-14,3.6351,3.1422
2021-05-17,3.6376,3.1524
2021-05-18,3.6301,3.1457
2021-05-19,3.6126,3.1298
2021-05-20,3.5926,3.1001
2021-05-21,3.5826,3.0876
2021-05-24,3.5801,3.085
2021-05-25,3.5751,3.085
2021-05-26,3.5651,3.06
2021-05-27,3.5776,3.0725
2021-05-28,3.5801,3.0825
2021-05-31,3.5652,3.045
2021-06-01,3.5602,3.04
2021-06-02,3.5802,3.065
2021-06-03,3.5727,3.055
2021-06-04,3.6002,3.0925
2021-06-07,3.6277,3.11
2021-06-08,3.6275,3.11
2021-06-09,3.63,3.1051
2021-06-10,3.6276,3.1
2021-06-11,3.6625,3.1276
2021-06-15,3.6601,3.1176
2021-06-16,3.683,3.1301
2021-06-17,3.7305,3.1401
2021-06-18,3.6948,3.1202
2021-06-21,3.6674,3.0953
2021-06-22,3.6625,3.0877
2021-06-23,3.6551,3.0853
2021-06-24,3.6552,3.0828
2021-06-25,3.6502,3.0827
2021-06-28,3.668,3.0903
2021-06-29,3.6581,3.0853
2021-06-30,3.6582,3.0778
2021-07-01,3.6657,3.0878
2021-07-02,3.6656,3.0803
2021-07-05,3.6484,3.0754
2021-07-06,3.6531,3.0854
2021-07-07,3.6207,3.0554
2021-07-08,3.5529,2.983
2021-07-09,3.5778,3.0105
2021-07-12,3.5282,2.9431
2021-07-13,3.5107,2.9256
2021-07-14,3.5159,2.9356
2021-07-15,3.5361,2.9557
2021-07-16,3.5263,2.9432
2021-07-19,3.5289,2.9483
2021-07-20,3.5114,2.9258
2021-07-21,3.5015,2.9184
2021-07-22,3.5065,2.9284
2021-07-23,3.4891,2.9134
2021-07-26,3.4542,2.8711
2021-07-27,3.4867,2.911
2021-07-28,3.5018,2.9312
2021-07-29,3.4793,2.884
2021-07-30,3.4444,2.8363
2021-08-02,3.4117,2.8212
2021-08-03,3.4144,2.8337
2021-08-04,3.4093,2.8338
2021-08-05,3.3769,2.7988
2021-08-06,3.3818,2.8139
2021-08-09,3.4167,2.8615
2021-08-10,3.4268,2.8766
2021-08-11,3.4293,2.8841
2021-08-12,3.412,2.8566
2021-08-13,3.4344,2.8792
2021-08-16,3.4445,2.8943
2021-08-17,3.4321,2.8819
2021-08-18,3.4021,2.8494
2021-08-19,3.3971,2.8395
2021-08-20,3.4022,2.852
2021-08-23,3.4098,2.8672
2021-08-24,3.3998,2.8522
2021-08-25,3.4024,2.8547
2021-08-26,3.4249,2.8848
2021-08-27,3.4149,2.8698
2021-08-30,3.405,2.8505
2021-08-31,3.4027,2.845
2021-09-01,3.3876,2.8226
2021-09-02,3.3901,2.8301
2021-09-03,3.3952,2.8327
2021-09-06,3.3952,2.8354
2021-09-07,3.4126,2.8604
2021-09-08,3.4176,2.8705
2021-09-09,3.4227,2.873
2021-09-10,3.4177,2.8656
2021-09-13,3.4313,2.8908
2021-09-14,3.4304,2.8858
2021-09-15,3.4354,2.9009
2021-09-16,3.428,2.8885
2021-09-17,3.4278,2.8785
2021-09-18,3.4234,2.8717
2021-09-22,3.416,2.8639
2021-09-23,3.4121,2.8565
2021-09-24,3.4185,2.8719
2021-09-26,3.4237,2.8797
2021-09-27,3.4209,2.8825
2021-09-28,3.4239,2.8769
2021-09-29,3.4112,2.8646
2021-09-30,3.4237,2.8776
2021-10-08,3.4414,2.9131
2021-10-09,3.4465,2.9186
2021-10-11,3.4815,2.958
2021-10-12,3.4967,2.9657
2021-10-13,3.4997,2.9578
2021-10-14,3.5046,2.9581
2021-10-15,3.5265,2.9683
2021-10-18,3.5958,3.0426
2021-10-19,3.54,3.0102
2021-10-20,3.5251,2.9978
2021-10-21,3.5101,2.9702
2021-10-22,3.5277,2.9953
2021-10-25,3.5329,2.9879
2021-10-26,3.5253,2.978
2021-10-27,3.5228,2.9781
2021-10-28,3.5029,2.9682
2021-10-29,3.498,2.9732
2021-11-01,3.4606,2.9435
2021-11-02,3.443,2.9259
2021-11-03,3.4556,2.9385
2021-11-04,3.4407,2.9261
2021-11-05,3.4107,2.8911
2021-11-08,3.4208,2.9013
2021-11-09,3.4209,2.8988
2021-11-10,3.4309,2.9139
2021-11-11,3.4559,2.9365
2021-11-12,3.4535,2.9391
2021-11-15,3.4336,2.9269
2021-11-16,3.4336,2.9244
2021-11-17,3.4386,2.9295
2021-11-18,3.4237,2.9146
2021-11-19,3.4312,2.9302
2021-11-22,3.4188,2.8876
2021-11-23,3.4239,2.8875
2021-11-24,3.3964,2.86
2021-11-25,3.399,2.855
2021-11-26,3.3716,2.82
2021-11-29,3.3717,2.825
2021-11-30,3.3727,2.825
2021-12-01,3.3817,2.8401
2021-12-02,3.3943,2.8601
2021-12-03,3.3968,2.8701
2021-12-06,3.3595,2.8176
2021-12-07,3.372,2.8451
2021-12-08,3.3795,2.8551
2021-12-09,3.3771,2.8526
2021-12-10,3.3747,2.8426
2021-12-13,3.3797,2.8552
2021-12-14,3.3773,2.8477
2021-12-15,3.3844,2.8502
2021-12-16,3.3899,2.8577
2021-12-17,3.3899,2.8512
2021-12-20,3.3826,2.8533
2021-12-21,3.3801,2.8508
2021-12-22,3.3728,2.8303
2021-12-23,3.3648,2.8143
2021-12-24,3.3654,2.8203
2021-12-27,3.348,2.8128
2021-12-28,3.3331,2.8004
2021-12-29,3.3156,2.7854
2021-12-30,3.3108,2.7654
2021-12-31,3.3283,2.7754
2022-01-04,3.3345,2.7855
2022-01-05,3.346,2.8045
2022-01-06,3.361,2.8205
2022-01-07,3.3636,2.8181
2022-01-10,3.3537,2.8056
2022-01-11,3.3413,2.7957
2022-01-12,3.3312,2.7957
2022-01-13,3.3238,2.7858
2022-01-14,3.3268,2.7935
2022-01-17,3.3314,2.786
2022-01-18,3.2991,2.7415
2022-01-19,3.3003,2.7314
2022-01-20,3.2944,2.7271
2022-01-21,3.282,2.71
2022-01-24,3.2598,2.6751
2022-01-25,3.2774,2.6979
2022-01-26,3.2861,2.7146
2022-01-27,3.2997,2.7348
2022-01-28,3.2751,2.7021
2022-01-29,3.275,2.7013
2022-01-30,3.2718,2.6997
2022-02-07,3.2879,2.7256
2022-02-08,3.2905,2.7227
2022-02-09,3.298,2.7328
2022-02-10,3.2955,2.7328
2022-02-11,3.3431,2.7891
2022-02-14,3.3557,2.8018
2022-02-15,3.3532,2.7968
2022-02-16,3.3458,2.7892
2022-02-17,3.341,2.7799
2022-02-18,3.3507,2.7975
2022-02-21,3.3896,2.83
2022-02-22,3.3871,2.82
2022-02-23,3.3706,2.79
2022-02-24,3.3754,2.7875
2022-02-25,3.3611,2.775
2022-02-28,3.3539,2.775
2022-03-01,3.3713,2.8025
2022-03-02,3.3762,2.8175
2022-03-03,3.3912,2.83
2022-03-04,3.3813,2.8125
2022-03-07,3.3813,2.8126
2022-03-08,3.3862,2.8276
2022-03-09,3.4011,2.8426
2022-03-10,3.4111,2.8502
2022-03-11,3.3714,2.7902
2022-03-14,3.3564,2.7677
2022-03-15,3.3941,2.8177
2022-03-16,3.3793,2.7952
2022-03-17,3.3819,2.7876
2022-03-18,3.3843,2.7927
2022-03-21,3.3894,2.8127
2022-03-22,3.3994,2.8302
2022-03-23,3.3949,2.8302
2022-03-24,3.3801,2.8052
2022-03-25,3.3747,2.7972
2022-03-28,3.3674,2.7903
2022-03-29,3.365,2.7853
2022-03-30,3.3549,2.7703
2022-03-31,3.366,2.7878
2022-04-01,3.3602,2.7743
2022-04-02,3.3591,2.7714
2022-04-06,3.3505,2.7604
2022-04-07,3.3426,2.7394
2022-04-08,3.3449,2.7529
2022-04-11,3.3471,2.768
2022-04-12,3.3469,2.7705
2022-04-13,3.3446,2.7631
2022-04-14,3.3467,2.7656
2022-04-15,3.3442,2.7578
2022-04-18,3.3682,2.8107
2022-04-19,3.3302,2.8208
2022-04-20,3.3202,2.833
2022-04-21,3.3052,2.8259
2022-04-22,3.3077,2.8409
2022-04-24,3.3003,2.8335
2022-04-25,3.2953,2.816
2022-04-26,3.2954,2.826
2022-04-27,3.3004,2.8411
2022-04-28,3.3229,2.8486
2022-04-29,3.308,2.8386
2022-05-05,3.3157,2.8282
2022-05-06,3.3132,2.8273
2022-05-07,3.3108,2.8263
2022-05-09,3.2983,2.8154
2022-05-10,3.2947,2.8089
2022-05-11,3.3059,2.824
2022-05-12,3.291,2.8055
2022-05-13,3.301,2.814
2022-05-16,3.3036,2.8216
2022-05-17,3.3011,2.8178
2022-05-18,3.2938,2.7801
2022-05-19,3.2863,2.7774
2022-05-20,3.2833,2.79
2022-05-23,3.2715,2.7675
2022-05-24,3.2715,2.765
2022-05-25,3.2616,2.7575
2022-05-26,3.2217,2.71
2022-05-27,3.2218,2.6974
2022-05-30,3.2393,2.7225
2022-05-31,3.2594,2.7426
2022-06-01,3.2643,2.7551
2022-06-02,3.2669,2.7601
2022-06-06,3.2745,2.7776
2022-06-07,3.2671,2.7576
2022-06-08,3.2746,2.7661
2022-06-09,3.2646,2.7576
2022-06-10,3.2622,2.7526
2022-06-13,3.2698,2.7652
2022-06-14,3.2698,2.7702
2022-06-15,3.2722,2.7827
2022-06-16,3.2623,2.7728
2022-06-17,3.2598,2.7752
2022-06-20,3.2674,2.7853
2022-06-21,3.2664,2.7853
2022-06-22,3.2655,2.7773
2022-06-23,3.2675,2.7803
2022-06-24,3.2825,2.7978
2022-06-27,3.2923,2.8329
2022-06-28,3.2973,2.8414
2022-06-29,3.295,2.8294
2022-06-30,3.29,2.8205
2022-07-01,3.2926,2.8255
2022-07-04,3.3101,2.8445
2022-07-05,3.3153,2.8333
2022-07-06,3.3153,2.8356
2022-07-07,3.3154,2.8356
2022-07-08,3.3407,2.8384
2022-07-11,3.3324,2.8266
2022-07-12,3.3184,2.8117
2022-07-13,3.316,2.8067
2022-07-14,3.296,2.7907
2022-07-15,3.2859,2.7857
2022-07-18,3.2785,2.7837
2022-07-19,3.2785,2.7859
2022-07-20,3.2636,2.771
2022-07-21,3.2566,2.7635
2022-07-22,3.2688,2.787
2022-07-25,3.2639,2.779
2022-07-26,3.2571,2.77
2022-07-27,3.2566,2.7701
2022-07-28,3.2693,2.785
2022-07-29,3.2449,2.756
2022-08-01,3.2246,2.7292
2022-08-02,3.2273,2.7314
2022-08-03,3.2197,2.7218
2022-08-04,3.2191,2.7192
2022-08-05,3.2319,2.7339
2022-08-08,3.2416,2.7409
2022-08-09,3.244,2.74
2022-08-10,3.242,2.7366
2022-08-11,3.2403,2.7317
2022-08-12,3.2422,2.7347
2022-08-15,3.1883,2.6582
2022-08-16,3.1759,2.6346
2022-08-17,3.1709,2.6124
2022-08-18,3.1378,2.58
2022-08-19,3.1141,2.5875
2022-08-22,3.0985,2.5925
2022-08-23,3.1105,2.6075
2022-08-24,3.1129,2.61
2022-08-25,3.1426,2.639
2022-08-26,3.1439,2.643
2022-08-29,3.1235,2.6225
2022-08-30,3.1162,2.613
2022-08-31,3.1162,2.6225
2022-09-01,3.1032,2.6125
2022-09-02,3.1008,2.6226
2022-09-05,3.09,2.618
2022-09-06,3.0846,2.614
2022-09-07,3.0887,2.6215
2022-09-08,3.0901,2.6256
2022-09-09,3.0982,2.635
2022-09-13,3.1011,2.6427
2022-09-14,3.1089,2.6625
2022-09-15,3.106,2.6625
2022-09-16,3.1059,2.673
2022-09-19,3.1039,2.675
2022-09-20,3.101,2.664
2022-09-21,3.089,2.6451
2022-09-22,3.0913,2.6501
2022-09-23,3.1008,2.6802
2022-09-26,3.1274,2.7154
2022-09-27,3.1202,2.7051
2022-09-28,3.1448,2.7401
2022-09-29,3.1445,2.7501
2022-09-30,3.179,2.7601
2022-10-08,3.1851,2.7626
2022-10-09,3.164,2.7452
2022-10-10,3.1637,2.7402
2022-10-11,3.1632,2.7426
2022-10-12,3.1607,2.7352
2022-10-13,3.1533,2.7252
2022-10-14,3.1289,2.6977
2022-10-17,3.129,2.7002
2022-10-18,3.1314,2.7002
2022-10-19,3.1343,2.7052
2022-10-20,3.1471,2.7175
2022-10-21,3.1555,2.7278
2022-10-24,3.1416,2.7153
2022-10-25,3.1486,2.7278
2022-10-26,3.1394,2.7025
2022-10-27,3.1142,2.6953
2022-10-28,3.0776,2.6653
2022-10-31,3.0653,2.6433
2022-11-01,3.0753,2.6629
2022-11-02,3.0853,2.6854
2022-11-03,3.0854,2.6776
2022-11-04,3.1029,2.7023
2022-11-07,3.1045,2.7003
2022-11-08,3.1006,2.6853
2022-11-09,3.1105,2.6953
2022-11-10,3.1166,2.7028
2022-11-11,3.1357,2.7354
2022-11-14,3.2207,2.8354
2022-11-15,3.2158,2.8155
2022-11-16,3.2309,2.8329
2022-11-17,3.2109,2.8026
2022-11-18,3.2209,2.825
2022-11-21,3.2086,2.818
2022-11-22,3.2161,2.8276
2022-11-23,3.1912,2.7975
2022-11-24,3.1813,2.795
2022-11-25,3.2162,2.83
2022-11-28,3.2337,2.86
2022-11-29,3.2663,2.88
2022-11-30,3.2763,2.885
2022-12-01,3.2615,2.86
2022-12-02,3.263,2.8676
2022-12-05,3.2716,2.8902
2022-12-06,3.2865,2.9152
2022-12-07,3.2719,2.8702
2022-12-08,3.2755,2.8853
2022-12-09,3.2843,2.8903
2022-12-12,3.2844,2.8902
2022-12-13,3.2896,2.8952
2022-12-14,3.2621,2.8655
2022-12-15,3.277,2.8829
2022-12-16,3.2697,2.8856
2022-12-19,3.2525,2.8632
2022-12-20,3.2474,2.8732
2022-12-21,3.2375,2.8606
2022-12-22,3.23,2.8503
2022-12-23,3.2152,2.8251
2022-12-26,3.2202,2.8378
2022-12-27,3.2175,2.8657
2022-12-28,3.2127,2.8503
2022-12-29,3.1926,2.8376
2022-12-30,3.1952,2.8353
2022-12-31,3.1952,2.8353
2023-01-03,3.193,2.8228
2023-01-04,3.1931,2.8103
2023-01-05,3.2056,2.8304
2023-01-06,3.2106,2.8328
2023-01-09,3.2156,2.8428
2023-01-10,3.2331,2.8602
2023-01-11,3.2331,2.8603
2023-01-12,3.2378,2.8778
2023-01-13,3.2476,2.901
2023-01-16,3.2677,2.9167
2023-01-17,3.2531,2.9017
2023-01-18,3.2754,2.9222
2023-01-19,3.273,2.9145
2023-01-20,3.2779,2.9331
2023-01-28,3.283,2.9341
2023-01-29,3.2805,2.9219
2023-01-30,3.2782,2.9133
2023-01-31,3.2793,2.8977
2023-02-01,3.2889,2.9101
2023-02-02,3.2853,2.897
2023-02-03,3.283,2.8943
2023-02-06,3.2879,2.9017
2023-02-07,3.2827,2.8964
2023-02-08,3.2808,2.8973
2023-02-09,3.2784,2.8912
2023-02-10,3.2857,2.9003
2023-02-13,3.2829,2.8943
2023-02-14,3.281,2.8914
2023-02-15,3.2816,2.8918
2023-02-16,3.283,2.8907
2023-02-17,3.283,2.892
2023-02-20,3.2977,2.917
2023-02-21,3.3025,2.919
2023-02-22,3.3025,2.9175
2023-02-23,3.3053,2.922
2023-02-24,3.3016,2.9126
2023-02-27,3.3051,2.9117
2023-02-28,3.3029,2.9017
2023-03-01,3.3049,2.8977
2023-03-02,3.31,2.9111
2023-03-03,3.3079,2.9026
2023-03-06,3.2897,2.8826
2023-03-07,3.286,2.8726
2023-03-08,3.2907,2.8828
2023-03-09,3.2854,2.8752
2023-03-10,3.2735,2.8627
2023-03-13,3.2764,2.8703
2023-03-14,3.271,2.8652
2023-03-15,3.2724,2.8652
2023-03-16,3.2517,2.8552
2023-03-17,3.2381,2.8602
2023-03-20,3.2237,2.8504
2023-03-21,3.227,2.8604
2023-03-22,3.2276,2.8577
2023-03-23,3.2366,2.8652
2023-03-24,3.2419,2.8676
2023-03-27,3.2319,2.8551
2023-03-28,3.2319,2.8556
2023-03-29,3.2286,2.8532
2023-03-30,3.2295,2.8603
2023-03-31,3.2332,2.8528
2023-04-03,3.2407,2.8604
2023-04-04,3.2421,2.8584
2023-04-06,3.2463,2.8605
2023-04-07,3.236,2.8464
2023-04-10,3.2347,2.8455
2023-04-11,3.2173,2.8203
2023-04-12,3.1977,2.8158
2023-04-13,3.2031,2.8277
2023-04-14,3.2032,2.8281
2023-04-17,3.2136,2.8432
2023-04-18,3.2056,2.8319
2023-04-19,3.1875,2.8333
2023-04-20,3.1775,2.8332
2023-04-21,3.1726,2.8258
2023-04-23,3.1715,2.822
2023-04-24,3.1608,2.8176
2023-04-25,3.1584,2.8157
2023-04-26,3.1574,2.8058
2023-04-27,3.1379,2.7852
2023-04-28,3.1355,2.7788
2023-05-04,3.1182,2.7613
2023-05-05,3.0831,2.7338
2023-05-06,3.0882,2.7311
2023-05-08,3.1058,2.7484
2023-05-09,3.0998,2.7383
2023-05-10,3.0849,2.721
2023-05-11,3.0672,2.701
2023-05-12,3.0608,2.7058
2023-05-15,3.0649,2.719
2023-05-16,3.066,2.7129
2023-05-17,3.081,2.721
2023-05-18,3.081,2.7184
2023-05-19,3.0773,2.7151
2023-05-22,3.0762,2.7132
2023-05-23,3.0687,2.6962
2023-05-24,3.0723,2.7037
2023-05-25,3.0773,2.7065
2023-05-26,3.0913,2.7205
2023-05-29,3.0839,2.695
2023-05-30,3.0839,2.7
2023-05-31,3.0733,2.685
2023-06-01,3.0694,2.6825
2023-06-02,3.0784,2.6951
2023-06-05,3.079,2.6926
2023-06-06,3.0716,2.6826
2023-06-07,3.0645,2.6827
2023-06-08,3.0651,2.6822
2023-06-09,3.044,2.6703
2023-06-12,3.0391,2.6704
2023-06-13,3.0064,2.6227
2023-06-14,2.9963,2.6178
2023-06-15,3.0267,2.6482
2023-06-16,3.0419,2.6626
2023-06-19,3.0619,2.6876
2023-06-20,3.0444,2.6751
2023-06-21,3.042,2.6701
2023-06-25,3.028,2.6576
2023-06-26,3.0346,2.6677
2023-06-27,3.0295,2.6676
2023-06-28,3.0271,2.6651
2023-06-29,3.0171,2.6526
2023-06-30,3.0072,2.6351
2023-07-03,3.0133,2.6402
2023-07-04,3.0225,2.6477
2023-07-05,3.0176,2.6402
2023-07-06,3.018,2.6392
2023-07-07,3.013,2.6403
2023-07-10,3.0091,2.6403
2023-07-11,3.0011,2.6353
2023-07-12,3.0011,2.6378
2023-07-13,3.0084,2.6413
2023-07-14,3.0144,2.6444
2023-07-17,3.0085,2.6364
2023-07-18,2.9965,2.6234
2023-07-19,2.9987,2.6233
2023-07-20,2.9967,2.6214
2023-07-21,2.9828,2.6079
2023-07-24,2.9588,2.5934
2023-07-25,3.0156,2.663
2023-07-26,3.0003,2.643
2023-07-27,2.9948,2.6395
2023-07-28,3.0061,2.6533
2023-07-31,3.0103,2.6597
2023-08-01,3.0119,2.6607
2023-08-02,2.9989,2.6525
2023-08-03,2.9927,2.6435
2023-08-04,2.9927,2.6469
2023-08-07,2.9904,2.6462
2023-08-08,2.9879,2.6454
2023-08-09,2.9896,2.6461
2023-08-10,2.992,2.6475
2023-08-11,2.985,2.6381
2023-08-14,2.971,2.6212
2023-08-15,2.9342,2.5759
2023-08-16,2.9259,2.5649
2023-08-17,2.9285,2.5678
2023-08-18,2.9225,2.5639
2023-08-21,2.8894,2.5403
2023-08-22,2.8938,2.5564
2023-08-23,2.8834,2.5535
2023-08-24,2.8812,2.5543
2023-08-25,2.8877,2.5702
2023-08-28,2.8955,2.5837
2023-08-29,2.9006,2.57
2023-08-30,2.9026,2.56
2023-08-31,2.9027,2.5575
2023-09-01,2.928,2.585
2023-09-04,2.9611,2.6124
2023-09-05,2.9666,2.615
2023-09-06,2.9869,2.6375
2023-09-07,2.9834,2.635
2023-09-08,2.9849,2.6375
2023-09-11,2.983,2.63
2023-09-12,2.9824,2.623
2023-09-13,2.9732,2.615
2023-09-14,2.9545,2.6075
2023-09-15,2.984,2.64
2023-09-18,2.9841,2.65
2023-09-19,2.9895,2.6625
2023-09-20,2.9919,2.665
2023-09-21,2.984,2.6576
2023-09-22,2.9971,2.6776
2023-09-25,3.0119,2.6976
2023-09-26,3.0068,2.6951
2023-09-27,3.007,2.6877
2023-09-28,3.0022,2.6751
2023-10-07,2.9926,2.6651
2023-10-08,2.9948,2.6626
2023-10-09,2.999,2.6702
2023-10-10,3.0019,2.6811
2023-10-11,3.0153,2.6976
2023-10-12,3.0139,2.6911
2023-10-13,2.9952,2.6702
2023-10-16,2.9997,2.6777
2023-10-17,3.0021,2.6882
2023-10-18,3.0021,2.7052
2023-10-19,3.0077,2.7177
2023-10-20,2.9962,2.7052
2023-10-23,2.9903,2.7047
2023-10-24,2.9978,2.7177
2023-10-25,3.0004,2.7052
2023-10-26,3.0054,2.7152
2023-10-27,3.0104,2.7133
2023-10-30,3.0106,2.7141
2023-10-31,2.9956,2.6938
2023-11-01,2.9911,2.6853
2023-11-02,2.9666,2.6553
2023-11-03,2.9727,2.6613
2023-11-06,2.9683,2.6554
2023-11-07,2.9718,2.6632
2023-11-08,2.9583,2.6464
2023-11-09,2.9584,2.6494
2023-11-10,2.9459,2.6444
2023-11-13,2.9385,2.6454
2023-11-14,2.9439,2.6573
2023-11-15,2.9485,2.6633
2023-11-16,2.944,2.6558
2023-11-17,2.9336,2.6524
2023-11-20,2.9321,2.6584
2023-11-21,2.9388,2.6684
2023-11-22,2.9538,2.6823
2023-11-23,2.9704,2.7023
2023-11-24,2.9684,2.7053
2023-11-27,2.9745,2.7108
2023-11-28,2.954,2.6898
2023-11-29,2.9525,2.6826
2023-11-30,2.9405,2.668
2023-12-01,2.9445,2.6625
2023-12-04,2.9537,2.6725
2023-12-05,2.9487,2.665
2023-12-06,2.9517,2.6725
2023-12-07,2.9457,2.664
2023-12-08,2.9428,2.6636
2023-12-11,2.9288,2.644
2023-12-12,2.9293,2.6375
2023-12-13,2.9148,2.6226
2023-12-14,2.9219,2.6376
2023-12-15,2.9039,2.6227
2023-12-18,2.8869,2.6126
2023-12-19,2.892,2.6191
2023-12-20,2.8849,2.6222
2023-12-21,2.8492,2.5901
2023-12-22,2.8341,2.5877
2023-12-25,2.8077,2.5678
2023-12-26,2.8267,2.5804
2023-12-27,2.8167,2.5577
2023-12-28,2.8288,2.5694
2023-12-29,2.8269,2.5553
2023-12-31,2.8269,2.5553
2024-01-02,2.8422,2.5601
2024-01-03,2.8402,2.5531
2024-01-04,2.817,2.5368
2024-01-05,2.8043,2.5175
2024-01-08,2.802,2.5136
2024-01-09,2.7693,2.4862
2024-01-10,2.7758,2.4982
2024-01-11,2.7769,2.4992
2024-01-12,2.793,2.5172
2024-01-15,2.7856,2.5212
2024-01-16,2.7897,2.5252
2024-01-17,2.7747,2.5077
2024-01-18,2.7732,2.5092
2024-01-19,2.7583,2.5027
2024-01-22,2.7224,2.4922
2024-01-23,2.7327,2.5042
2024-01-24,2.738,2.5042
2024-01-25,2.7321,2.4984
2024-01-26,2.7331,2.4994
2024-01-29,2.7272,2.494
2024-01-30,2.6831,2.4557
2024-01-31,2.6482,2.433
2024-02-01,2.6472,2.4354
2024-02-02,2.6353,2.4244
2024-02-04,2.6076,2.4053
2024-02-05,2.5974,2.4002
2024-02-06,2.6579,2.4525
2024-02-07,2.6214,2.4153
2024-02-08,2.6505,2.4379
2024-02-09,2.6505,2.4302
2024-02-18,2.643,2.4393
2024-02-19,2.627,2.4344
2024-02-20,2.6004,2.4134
2024-02-21,2.601,2.4119
2024-02-22,2.591,2.4033
2024-02-23,2.5809,2.4009
2024-02-26,2.54,2.3789
2024-02-27,2.5224,2.3809
2024-02-28,2.4868,2.3376
2024-02-29,2.4616,2.3375
2024-03-01,2.4915,2.3675
2024-03-04,2.4738,2.3475
2024-03-05,2.4794,2.3169
2024-03-06,2.4274,2.265
2024-03-07,2.431,2.2776
2024-03-08,2.4335,2.2825
2024-03-11,2.4766,2.305
2024-03-12,2.5415,2.3476
2024-03-13,2.5313,2.3326
2024-03-14,2.5343,2.3425
2024-03-15,2.5094,2.32
2024-03-18,2.4857,2.2926
2024-03-19,2.4485,2.2801
2024-03-20,2.466,2.2951
2024-03-21,2.4615,2.2851
2024-03-22,2.4832,2.3051
2024-03-25,2.4962,2.3151
2024-03-26,2.4982,2.3175
2024-03-27,2.4636,2.2876
2024-03-28,2.4664,2.3026
2024-03-29,2.4594,2.2901
2024-04-01,2.4848,2.3082
2024-04-02,2.475,2.2927
2024-04-03,2.4635,2.2837
2024-04-07,2.4776,2.2937
2024-04-08,2.4656,2.2822
2024-04-09,2.4637,2.2802
2024-04-10,2.4891,2.2972
2024-04-11,2.4928,2.2928
2024-04-12,2.487,2.2837
2024-04-15,2.4863,2.2798
2024-04-16,2.4717,2.2723
2024-04-17,2.4556,2.2608
2024-04-18,2.4466,2.2537
2024-04-19,2.4411,2.254
2024-04-22,2.4341,2.2435
2024-04-23,2.4211,2.226
2024-04-24,2.4791,2.2727
2024-04-25,2.4841,2.2612
2024-04-26,2.5257,2.3084
2024-04-28,2.5493,2.3244
2024-04-29,2.5833,2.353
2024-04-30,2.5382,2.3028
2024-05-06,2.5587,2.3081
2024-05-07,2.5413,2.2896
2024-05-08,2.55,2.2955
2024-05-09,2.5726,2.3186
2024-05-10,2.5826,2.3122
2024-05-11,2.6126,2.3361
2024-05-13,2.5661,2.29
2024-05-14,2.5631,2.2938
2024-05-15,2.5681,2.302
2024-05-16,2.5811,2.3147
2024-05-17,2.5867,2.3077
2024-05-20,2.5917,2.3105
2024-05-21,2.5927,2.3141
2024-05-22,2.57,2.3123
2024-05-23,2.5451,2.3063
2024-05-24,2.5515,2.3134
2024-05-27,2.5452,2.3084
2024-05-28,2.5302,2.2994
2024-05-29,2.5242,2.2776
2024-05-30,2.5327,2.2826
2024-05-31,2.5552,2.2926
2024-06-03,2.5473,2.2853
2024-06-04,2.5453,2.2854
2024-06-05,2.5378,2.2808
2024-06-06,2.5378,2.2828
2024-06-07,2.5303,2.2833
2024-06-11,2.5195,2.2791
2024-06-12,2.5235,2.276
2024-06-13,2.5175,2.2678
2024-06-14,2.499,2.2558
2024-06-17,2.5057,2.2609
2024-06-18,2.4887,2.2537
2024-06-19,2.4797,2.2429
2024-06-20,2.4708,2.2445
2024-06-21,2.4797,2.2571
2024-06-24,2.4607,2.2451
2024-06-25,2.4477,2.235
2024-06-26,2.4442,2.2225
2024-06-27,2.4282,2.2081
2024-06-28,2.4282,2.2058
2024-07-01,2.4782,2.2486
2024-07-02,2.4692,2.2369
2024-07-03,2.4738,2.2426
2024-07-04,2.4798,2.2502
2024-07-05,2.513,2.2754
2024-07-08,2.5205,2.2904
2024-07-09,2.5017,2.2698
2024-07-10,2.5068,2.2707
2024-07-11,2.5025,2.2648
2024-07-12,2.4921,2.2604
2024-07-15,2.4772,2.2541
2024-07-16,2.4801,2.2613
2024-07-17,2.4812,2.2598
2024-07-18,2.4901,2.2673
2024-07-19,2.4842,2.2614
2024-07-22,2.4712,2.2461
2024-07-23,2.4691,2.2322
2024-07-24,2.4676,2.2381
2024-07-25,2.4357,2.2168
2024-07-26,2.4226,2.1944
2024-07-29,2.39,2.1574
2024-07-30,2.3765,2.148
2024-07-31,2.3825,2.1494
2024-08-01,2.3651,2.1297
2024-08-02,2.3465,2.1277
2024-08-05,2.3375,2.1376
2024-08-06,2.355,2.1491
2024-08-07,2.335,2.1414
2024-08-08,2.37,2.181
2024-08-09,2.38,2.1986
2024-08-12,2.435,2.2508
2024-08-13,2.4075,2.2255
2024-08-14,2.3751,2.1966
2024-08-15,2.39,2.205
2024-08-16,2.39,2.1978
2024-08-19,2.3675,2.1816
2024-08-20,2.36,2.171
2024-08-21,2.3551,2.167
2024-08-22,2.3476,2.1582
2024-08-23,2.3401,2.1547
2024-08-26,2.3475,2.1628
2024-08-27,2.3825,2.1903
2024-08-28,2.355,2.1673
2024-08-29,2.365,2.1703
2024-08-30,2.3651,2.1704
2024-09-02,2.3425,2.1457
2024-09-03,2.339,2.1432
2024-09-04,2.3225,2.1336
2024-09-05,2.3125,2.1338
2024-09-06,2.309,2.1388
2024-09-09,2.29,2.1267
2024-09-10,2.267,2.1143
2024-09-11,2.263,2.1044
2024-09-12,2.2471,2.0998
2024-09-13,2.2176,2.0724
2024-09-14,2.183,2.0425
2024-09-18,2.165,2.0403
2024-09-19,2.17,2.045
2024-09-20,2.15,2.0431
2024-09-23,2.14,2.0381
2024-09-24,2.19,2.0728
2024-09-25,2.155,2.0437
2024-09-26,2.22,2.0787
2024-09-27,2.3475,2.1714
2024-09-29,2.435,2.2534
2024-09-30,2.355,2.1518
2024-10-08,2.38,2.1928
2024-10-09,2.3576,2.176
2024-10-10,2.29,2.1441
2024-10-11,2.3,2.1392
2024-10-12,2.3,2.1441
2024-10-14,2.3126,2.1368
2024-10-15,2.3125,2.1254
2024-10-16,2.328,2.1331
2024-10-17,2.295,2.1084
2024-10-18,2.305,2.1209
2024-10-21,2.3075,2.1211
2024-10-22,2.34,2.1458
2024-10-23,2.355,2.1559
2024-10-24,2.355,2.1661
2024-10-25,2.36,2.1539
2024-10-28,2.38,2.1617
2024-10-29,2.366,2.1598
2024-10-30,2.36,2.1597
2024-10-31,2.335,2.1476
2024-11-01,2.3175,2.1406
2024-11-04,2.305,2.1275
2024-11-05,2.2825,2.1106
2024-11-06,2.29,2.1234
2024-11-07,2.28,2.1115
2024-11-08,2.2775,2.1067
2024-11-11,2.2575,2.092
2024-11-12,2.236,2.0729
2024-11-13,2.26,2.0876
2024-11-14,2.261,2.0808
2024-11-15,2.2825,2.0948
2024-11-18,2.3175,2.1117
2024-11-19,2.286,2.0947
2024-11-20,2.305,2.1025
2024-11-21,2.2751,2.0843
2024-11-22,2.265,2.0832
2024-11-25,2.241,2.0682
2024-11-26,2.245,2.0657
2024-11-27,2.25,2.0553
2024-11-28,2.218,2.0304
2024-11-29,2.2025,2.0206
2024-12-02,2.17,1.981
2024-12-03,2.1675,1.9886
2024-12-04,2.1375,1.9612
2024-12-05,2.1425,1.9462
2024-12-06,2.1585,1.9539
2024-12-09,2.1151,1.9168
2024-12-10,2.0551,1.8468
2024-12-11,2.0401,1.8218
2024-12-12,2.043,1.8172
2024-12-13,2.005,1.7771
2024-12-16,1.9526,1.7215
2024-12-17,1.9591,1.7237
2024-12-18,1.9961,1.7564
2024-12-19,1.9926,1.7417
2024-12-20,1.9526,1.7018
2024-12-23,1.9526,1.7019
2024-12-24,1.9926,1.7166
2024-12-25,2.007,1.7365
2024-12-26,1.9701,1.7122
2024-12-27,1.9476,1.6929
2024-12-30,1.9476,1.7128
2024-12-31,1.9121,1.6752
2025-01-02,1.8397,1.6077
2025-01-03,1.8501,1.6041
2025-01-06,1.8327,1.5966
2025-01-07,1.8602,1.6093
2025-01-08,1.8702,1.6069
2025-01-09,1.8932,1.6368
2025-01-10,1.8752,1.6338
2025-01-13,1.9051,1.6592
2025-01-14,1.8652,1.6446
2025-01-15,1.8602,1.633
2025-01-16,1.8677,1.6394
2025-01-17,1.915,1.6593
2025-01-20,1.9225,1.6747
2025-01-21,1.89,1.6496
2025-01-22,1.9,1.6602
2025-01-23,1.9,1.6645
2025-01-24,1.89,1.6565
2025-01-26,1.891,1.6537
2025-01-27,1.8675,1.6299
2025-02-05,1.8375,1.6207
2025-02-06,1.805,1.5958
2025-02-07,1.8025,1.6032
2025-02-08,1.805,1.6057
2025-02-10,1.825,1.6342
2025-02-11,1.8075,1.6274
2025-02-12,1.809,1.6336
2025-02-13,1.799,1.6346
2025-02-14,1.82,1.6546
2025-02-17,1.86,1.6934
2025-02-18,1.86,1.7006
2025-02-19,1.84,1.6626
2025-02-20,1.87,1.685
2025-02-21,1.905,1.72
2025-02-24,1.945,1.7625
2025-02-25,1.915,1.7275
2025-02-26,1.91,1.7251
2025-02-27,1.935,1.7576
2025-02-28,1.905,1.7152
2025-03-03,1.89,1.6955
2025-03-04,1.9,1.7079
2025-03-05,1.8925,1.7083
2025-03-06,1.9325,1.7455
2025-03-07,1.975,1.8002
2025-03-10,1.985,1.8128
2025-03-11,2.035,1.8853
2025-03-12,2.0125,1.8334
2025-03-13,2.04,1.8565
2025-03-14,2.04,1.8317
2025-03-17,2.115,1.8957
2025-03-18,2.1151,1.8885
2025-03-19,2.1051,1.8708
2025-03-20,2.0526,1.8309
2025-03-21,2.0676,1.8458
2025-03-24,2.0501,1.8413
2025-03-25,2.0276,1.8183
2025-03-26,2.0001,1.7943
2025-03-27,2.0101,1.8062
2025-03-28,2.0251,1.8126
2025-03-31,2.0226,1.8129
2025-04-01,2.0201,1.8104
2025-04-02,1.9801,1.7887
2025-04-03,1.9052,1.718
2025-04-07,1.8252,1.6318
2025-04-08,1.8551,1.6633
2025-04-09,1.8552,1.6508
2025-04-10,1.8602,1.6444
2025-04-11,1.8627,1.6568
2025-04-14,1.8602,1.6584
2025-04-15,1.8602,1.6583
2025-04-16,1.8652,1.643
2025-04-17,1.8982,1.6522
2025-04-18,1.9042,1.6493
2025-04-21,1.9227,1.6664
2025-04-22,1.9052,1.6509
2025-04-23,1.9279,1.6611
2025-04-24,1.9327,1.664
2025-04-25,1.9276,1.6606
2025-04-27,1.9252,1.6607
2025-04-28,1.9005,1.6483
2025-04-29,1.8225,1.6241
2025-04-30,1.824,1.6243
2025-05-06,1.827,1.6298
2025-05-07,1.8475,1.6418
2025-05-08,1.8375,1.6331
2025-05-09,1.8425,1.6351
2025-05-12,1.905,1.688
2025-05-13,1.879,1.6704
2025-05-14,1.8775,1.6736
2025-05-15,1.8825,1.6798
2025-05-16,1.878,1.6793
2025-05-19,1.861,1.6893
2025-05-20,1.872,1.7004
2025-05-21,1.885,1.71
2025-05-22,1.887,1.7186
2025-05-23,1.889,1.7208
2025-05-26,1.8875,1.7201
2025-05-27,1.901,1.7261
2025-05-28,1.906,1.6832
2025-05-29,1.916,1.6877
2025-05-30,1.896,1.6712
2025-06-03,1.895,1.6764
2025-06-04,1.891,1.6704
2025-06-05,1.896,1.6741
2025-06-06,1.876,1.6547
2025-06-09,1.87,1.6559
2025-06-10,1.8695,1.6569
2025-06-11,1.849,1.642
2025-06-12,1.8485,1.6475
2025-06-13,1.8495,1.644
2025-06-16,1.851,1.6432
2025-06-17,1.8425,1.6364
2025-06-18,1.8455,1.6384
2025-06-19,1.8431,1.6425
2025-06-20,1.8376,1.6396
2025-06-23,1.8381,1.6418
2025-06-24,1.8506,1.648
2025-06-25,1.8621,1.6544
2025-06-26,1.8491,1.6462
2025-06-27,1.8496,1.6462
2025-06-30,1.8611,1.6469
2025-07-01,1.8516,1.6433
2025-07-02,1.8451,1.6396
2025-07-03,1.8486,1.6407
2025-07-04,1.8516,1.6433
2025-07-07,1.8536,1.6406
2025-07-08,1.8596,1.6444
2025-07-09,1.8566,1.6446
2025-07-10,1.8746,1.6616
2025-07-11,1.8741,1.6653
2025-07-14,1.8821,1.6726
2025-07-15,1.8601,1.6557
2025-07-16,1.8661,1.6617
2025-07-17,1.883,1.663
2025-07-18,1.8885,1.6652
2025-07-21,1.9115,1.6774
2025-07-22,1.9335,1.6907
2025-07-23,1.938,1.7041
2025-07-24,1.979,1.7376
2025-07-25,1.9725,1.7324
2025-07-28,1.9525,1.7146
2025-07-29,1.998,1.7466
2025-07-30,1.96,1.718
2025-07-31,1.945,1.7044
2025-08-01,1.949,1.7059
2025-08-04,1.95,1.7083
2025-08-05,1.9585,1.7061
2025-08-06,1.958,1.6999
2025-08-07,1.951,1.6894
2025-08-08,1.96,1.6891
2025-08-11,1.995,1.7203
2025-08-12,2.017,1.7271
2025-08-13,2.02,1.7262
2025-08-14,2.0275,1.7341
2025-08-15,2.0475,1.7465
2025-08-18,2.1145,1.7872
2025-08-19,2.0975,1.7725
2025-08-20,2.105,1.782
2025-08-21,2.075,1.7667
2025-08-22,2.0775,1.7818
2025-08-25,2.05,1.7643
2025-08-26,2.035,1.7598
2025-08-27,2.07,1.7988
2025-08-28,2.1108,1.8478
2025-08-29,2.1375,1.8379
2025-09-01,2.1165,1.8257
2025-09-02,2.1,1.8167
2025-09-03,2.075,1.7984
2025-09-04,2.085,1.806
2025-09-05,2.1125,1.826
2025-09-08,2.1475,1.8514
2025-09-09,2.171,1.8641
2025-09-10,2.204,1.8992
2025-09-11,2.208,1.8743
2025-09-12,2.184,1.867
2025-09-15,2.1875,1.8724
2025-09-16,2.1675,1.8527
2025-09-17,2.15,1.8349
2025-09-18,2.1701,1.8546
2025-09-19,2.1996,1.8789
2025-09-22,2.189,1.8647
2025-09-23,2.215,1.877
2025-09-24,2.2501,1.9022
2025-09-25,2.23,1.884
2025-09-26,2.217,1.8768
2025-09-28,2.218,1.8781
2025-09-29,2.242,1.887
2025-09-30,2.2461,1.8605
2025-10-09,2.2629,1.8466
2025-10-10,2.2829,1.846
2025-10-11,2.2328,1.8206
2025-10-13,2.2729,1.8383
2025-10-14,2.2678,1.8368
2025-10-15,2.2603,1.8449
2025-10-16,2.2414,1.8407
2025-10-17,2.2002,1.8246
2025-10-20,2.2162,1.8498
2025-10-21,2.1871,1.8357
2025-10-22,2.1821,1.8293
2025-10-23,2.1946,1.8391
2025-10-24,2.2126,1.8486
2025-10-27,2.2031,1.8423
2025-10-28,2.17,1.8179
2025-10-29,2.177,1.8208
2025-10-30,2.1625,1.8098
2025-10-31,2.1431,1.7954
2025-11-03,2.1376,1.7944
2025-11-04,2.1421,1.7984
2025-11-05,2.1391,1.7964
2025-11-06,2.1596,1.81
2025-11-07,2.1581,1.8142
2025-11-10,2.1476,1.8139
2025-11-11,2.1537,1.8119
2025-11-12,2.1431,1.8071
2025-11-13,2.1491,1.8126
2025-11-14,2.1481,1.814
2025-11-17,2.1391,1.8109
2025-11-18,2.1381,1.8121
2025-11-19,2.1506,1.8179
2025-11-20,2.1531,1.8135
2025-11-21,2.1576,1.8166
2025-11-24,2.1586,1.821
2025-11-25,2.1751,1.8301
2025-11-26,2.1926,1.8462
2025-11-27,2.2001,1.8537
2025-11-28,2.1851,1.8412
2025-12-01,2.1901,1.8366
2025-12-02,2.2051,1.8442
2025-12-03,2.2351,1.8519
2025-12-04,2.2761,1.8718
2025-12-05,2.2571,1.848
2025-12-08,2.2577,1.8499
2025-12-09,2.2527,1.8425
2025-12-10,2.2412,1.8447
2025-12-11,2.2252,1.8404
2025-12-12,2.2487,1.8396
2025-12-15,2.2792,1.8488
2025-12-16,2.2802,1.8458
2025-12-17,2.2422,1.834
2025-12-18,2.2512,1.8356
2025-12-19,2.2252,1.8308
2025-12-22,2.2412,1.8415
2025-12-23,2.2232,1.8352
2025-12-24,2.2202,1.8356
2025-12-25,2.2252,1.8386
2025-12-26,2.2233,1.8376
2025-12-29,2.2583,1.8584
2025-12-30,2.2628,1.8582
2025-12-31,2.2674,1.8473
2026-01-04,2.2529,1.8427
2026-01-05,2.2822,1.8584
2026-01-06,2.3104,1.8829
2026-01-07,2.3345,1.9019
2026-01-08,2.319,1.8905
2026-01-09,2.3024,1.8782
2026-01-12,2.292,1.8585
2026-01-13,2.2926,1.8519
2026-01-14,2.3028,1.8494
2026-01-15,2.3058,1.8544
2026-01-16,2.3036,1.8424
2026-01-19,2.3417,1.8393
2026-01-20,2.3351,1.8326
2026-01-21,2.3026,1.8312
2026-01-22,2.3101,1.8425
2026-01-23,2.2871,1.8298
2026-01-26,2.27,1.8242
2026-01-27,2.285,1.8311
2026-01-28,2.277,1.8164
2026-01-29,2.28,1.8174
2026-01-30,2.289,1.8112
2026-02-02,2.281,1.82
2026-02-03,2.28,1.8172
2026-02-04,2.283,1.8193
2026-02-05,2.271,1.8169
2026-02-06,2.251,1.8102
2026-02-09,2.248,1.8114
2026-02-10,2.247,1.8094
2026-02-11,2.2455,1.7994
2026-02-12,2.246,1.7893
2026-02-13,2.244,1.7928
2026-02-14,2.246,1.7899
2026-02-24,2.2426,1.8023
2026-02-25,2.255,1.8158
2026-02-26,2.2951,1.8288
2026-02-27,2.2896,1.7877
2026-02-28,2.2726,1.7753
2026-03-02,2.2696,1.7761
2026-03-03,2.2827,1.7807
2026-03-04,2.2752,1.7768
2026-03-05,2.2717,1.7779
2026-03-06,2.2812,1.781
2026-03-09,2.3292,1.8054
2026-03-10,2.3328,1.8055
2026-03-11,2.3503,1.8075
2026-03-12,2.3404,1.8052
2026-03-13,2.3665,1.8143
2026-03-16,2.3917,1.8312
2026-03-17,2.3806,1.8314
2026-03-18,2.3607,1.8175
2026-03-19,2.391,1.8252
2026-03-20,2.3881,1.8299
2026-03-23,2.373,1.8316
2026-03-24,2.3457,1.8272
2026-03-25,2.3457,1.8233
2026-03-26,2.3498,1.8194
2026-03-27,2.3497,1.8172
2026-03-30,2.3286,1.8063
2026-03-31,2.3521,1.8171
2026-04-01,2.3667,1.8244
2026-04-02,2.3733,1.8209
2026-04-03,2.3725,1.8199
2026-04-07,2.3597,1.8171
2026-04-08,2.3377,1.8136
2026-04-09,2.3393,1.8192
2026-04-10,2.3055,1.8128
2026-04-13,2.2816,1.7933
2026-04-14,2.2805,1.7829
2026-04-15,2.2784,1.7809
2026-04-16,2.281,1.7812
2026-04-17,2.25,1.7623
2026-04-20,2.2556,1.7627
2026-04-21,2.2375,1.751
2026-04-22,2.2137,1.7389
2026-04-23,2.2353,1.7548
2026-04-24,2.2472,1.7601
2026-04-27,2.2557,1.7697
2026-04-28,2.242,1.7654
2026-04-29,2.219,1.7444
2026-04-30,2.218,1.7473
2026-05-06,2.239,1.7654
2026-05-07,2.238,1.7631
2026-05-08,2.2455,1.7648
2026-05-09,2.248,1.767
2026-05-11,2.2361,1.7622
2026-05-12,2.232,1.7592
2026-05-13,2.234,1.7514
2026-05-14,2.241,1.7588
2026-05-15,2.253,1.7658
2026-05-18,2.244,1.7585
2026-05-19,2.221,1.7345
2026-05-20,2.2311,1.7382
2026-05-21,2.231,1.7448
2026-05-22,2.2345,1.7519
2026-05-25,2.226,1.7484
2026-05-26,2.2205,1.7405
2026-05-27,2.208,1.7216
2026-05-28,2.2095,1.7193
2026-05-29,2.205,1.709
2026-06-01,2.191,1.7009
2026-06-02,2.191,1.7036
2026-06-03,2.205,1.7128
2026-06-04,2.191,1.7081
2026-06-05,2.204,1.7207
2026-06-08,2.213,1.7275
2026-06-09,2.22,1.7376
2026-06-10,2.235,1.7476
2026-06-11,2.238,1.7475
2026-06-12,2.2215,1.7427
2026-06-15,2.2215,1.7446
2026-06-16,2.2175,1.7324
2026-06-17,2.2181,1.727
2026-06-18,2.2201,1.7299
2026-06-22,2.2216,1.7375
2026-06-23,2.2291,1.7437
2026-06-24,2.2311,1.7454
2026-06-25,2.2201,1.7351
2026-06-26,2.2176,1.7314
2026-06-29,2.209,1.717
2026-06-30,2.236,1.733
2026-07-01,2.2525,1.7448
2026-07-02,2.258,1.741
2026-07-03,2.2685,1.7463
2026-07-06,2.255,1.7379
2026-07-07,2.2605,1.7406
2026-07-08,2.2545,1.7385
2026-07-09,2.2515,1.7376
2026-07-10,2.253,1.7398
2026-07-13,2.263,1.7442
2026-07-14,2.2555,1.7402
2026-07-15,2.247,1.7406
2026-07-16,2.2515,1.7437
2026-07-17,2.2425,1.7404
2026-07-20,2.2495,1.7453
2026-07-21,2.2475,1.745
2026-07-22,2.212,1.7297
2026-07-23,2.2045,1.7325
2026-07-24,2.187,1.7282
2026-07-27,2.193,1.7337
2026-07-28,2.194,1.7351
2026-07-29,2.206,1.7329
2026-07-30,2.1851,1.7196
2026-07-31,2.1876,1.7141
2026-08-03,2.1891,1.7169
2026-08-04,2.1841,1.7126
2026-08-05,2.1871,1.7137
2026-08-06,2.1886,1.7143
